<?xml version="1.0" encoding="utf-8"?>
<COLLADA xmlns="http://www.collada.org/2005/11/COLLADASchema" version="1.4.1">
  <asset>
    <contributor>
      <author/>
      <authoring_tool>FBX COLLADA exporter</authoring_tool>
      <comments/>
    </contributor>
    <created>2024-09-21T10:21:19Z</created>
    <keywords/>
    <modified>2024-09-21T10:21:19Z</modified>
    <revision/>
    <subject/>
    <title/>
    <unit meter="0.010000" name="centimeter"/>
    <up_axis>Y_UP</up_axis>
  </asset>
  <library_materials>
    <material id="Girl_Base_SG" name="Girl_Base_SG">
      <instance_effect url="#Girl_Base_SG-fx"/>
    </material>
  </library_materials>
  <library_effects>
    <effect id="Girl_Base_SG-fx" name="Girl_Base_SG">
      <profile_COMMON>
        <technique sid="standard">
          <lambert>
            <emission>
              <color sid="emission">0.000000  0.000000 0.000000 1.000000</color>
            </emission>
            <ambient>
              <color sid="ambient">0.000000  0.000000 0.000000 1.000000</color>
            </ambient>
            <diffuse>
              <color sid="diffuse">0.400000  0.400000 0.400000 1.000000</color>
            </diffuse>
            <transparent opaque="RGB_ZERO">
              <color sid="transparent">0.000000  0.000000 0.000000 1.000000</color>
            </transparent>
            <transparency>
              <float sid="transparency">1.000000</float>
            </transparency>
          </lambert>
        </technique>
      </profile_COMMON>
    </effect>
  </library_effects>
  <library_geometries>
    <geometry id="Body-lib" name="BodyMesh">
      <mesh>
        <source id="Body-POSITION">
          <float_array id="Body-POSITION-array" count="15747">
-0.055585 189.367844 13.312781
-0.053209 188.272522 13.359229
-0.033427 190.740463 13.219593
0.004561 180.731018 11.872521
0.005505 182.522980 9.480456
0.004759 183.099991 6.871993
0.004617 175.619125 12.521544
0.001376 180.382782 -5.160766
0.004023 191.889175 -7.858608
0.004024 187.235367 -8.183243
0.004460 174.360580 7.909792
0.004321 174.065338 10.898107
0.004872 172.127762 5.411259
0.003060 171.178726 5.345523
-0.050998 187.483429 13.408171
-0.048393 186.751923 13.379068
-0.016413 192.276520 12.969004
-0.005493 194.063843 12.328618
0.002541 196.147156 11.040627
-0.017013 183.952667 14.245835
0.001072 182.872009 15.050538
-0.005109 183.370300 14.660763
0.002767 181.762466 15.489242
0.003027 182.184509 15.516871
0.002775 181.383072 15.260745
0.002961 182.512741 15.357842
0.003602 179.636642 14.008651
0.004167 178.730545 13.531453
0.004426 178.708466 13.127899
0.004534 178.949570 12.708104
0.003979 180.051056 13.854769
0.003556 180.568863 13.932276
0.003041 180.794174 14.185458
0.003555 180.964798 14.502614
0.003159 181.118073 14.896686
-0.044172 185.995224 13.353679
-0.039036 185.249207 13.492834
-0.031972 184.570313 13.823928
0.004641 179.559921 12.714302
0.004538 178.740677 12.949684
0.003788 178.234879 13.369333
0.003343 177.702789 13.279244
0.004843 177.597794 9.208057
0.005198 178.327087 11.749673
0.004813 177.513657 5.147330
0.004672 178.858231 2.275269
0.004665 180.940659 1.982133
0.004766 182.558502 4.473155
0.004318 173.166260 5.486410
0.003442 173.965134 5.805995
0.003759 174.356628 6.623142
0.003768 183.256134 -7.179773
0.004050 196.086670 -5.417202
0.004427 174.164597 9.394424
0.004580 174.677063 12.148500
0.004657 198.109894 8.339243
0.004358 199.125336 4.005840
0.004041 198.657135 -0.983515
0.000798 159.809647 -5.696546
0.034195 167.512634 -4.058960
0.000059 177.962662 -3.512975
0.000336 175.935654 -2.770707
0.020398 173.605164 -2.510282
0.040287 170.717300 -2.841162
0.002403 168.429214 5.386002
0.002798 170.102341 5.266826
0.002953 145.118393 15.714561
0.002914 119.869110 13.797147
0.002965 112.563843 10.418002
0.003261 134.157791 -0.911257
0.002818 130.733093 -2.308166
0.002952 109.738754 5.126671
0.002937 109.884026 2.608485
0.002925 110.536461 0.383527
0.029945 147.886688 -3.178909
0.034795 151.592712 -4.481158
0.002894 113.755196 -3.478780
0.002797 127.125900 -3.093394
0.002823 124.068192 -3.951951
0.002978 146.992920 15.555156
0.002934 117.682869 13.147263
0.003004 148.763962 15.116262
0.003037 150.696091 14.429275
0.003064 152.686493 13.954717
0.003188 156.387726 12.944065
0.018808 144.539993 -1.658311
0.005180 137.672821 -0.044946
0.002956 110.712555 8.165320
0.002913 111.839951 -1.706714
0.002819 120.989891 -4.803392
0.003183 158.012909 12.235275
0.003127 154.529160 13.562813
0.023491 155.657516 -5.255288
0.002699 159.673706 11.319026
0.001685 166.685669 6.037333
0.002965 115.100929 12.086506
0.001613 161.828125 9.991699
0.000969 165.534866 7.069587
2.765142 188.316559 12.937785
1.587006 188.816193 13.153057
2.332662 190.291473 13.016524
0.837730 189.240677 13.263066
0.524672 188.222031 13.316451
0.395625 187.428909 13.383129
0.836065 187.250504 13.339591
1.066385 187.950119 13.252701
0.715777 186.591949 13.291907
0.351264 186.711197 13.361092
1.163846 190.649887 13.168106
1.471662 192.222443 12.919911
2.937797 191.974457 12.750199
1.848246 193.996796 12.286617
3.505627 193.774155 12.069684
1.630732 187.534943 13.211897
3.177546 187.464661 12.899381
2.141122 187.102921 12.964888
2.510315 186.785599 12.510641
1.555120 186.725479 12.882585
1.948378 186.504959 12.431356
1.599483 186.173370 12.362197
1.383867 185.691284 12.315411
1.219215 186.295547 12.810490
0.983447 186.436615 13.115859
1.219722 186.985168 13.213344
1.072588 185.687683 12.720719
3.304249 187.013855 12.514582
2.873419 186.349533 12.093657
3.420539 186.558472 12.113015
2.458329 186.085907 12.027541
2.222736 185.822998 11.931232
2.056657 185.560471 11.857129
4.165553 187.077011 12.332966
4.299460 187.668640 12.522917
5.291679 187.686172 11.902967
6.361616 187.135345 10.599328
5.981220 187.577942 11.206609
6.192019 186.304321 10.445343
6.002096 186.669205 10.873852
5.575771 186.957397 11.403372
4.928284 187.073120 11.911925
5.616226 188.315002 11.588477
6.288830 188.215317 10.691753
6.638572 188.865570 9.953349
5.999025 189.242859 11.065457
6.675472 187.591415 9.980237
4.472968 188.393082 12.412723
4.991024 189.388840 12.094601
5.645244 191.075546 11.501865
6.243805 192.564651 10.492617
6.494240 190.451904 10.269677
6.959405 191.606598 9.180934
7.027181 189.606354 9.020789
7.023205 188.019394 9.097277
7.409125 188.558884 8.086611
7.400403 190.558319 7.913303
7.320811 192.766876 7.855137
7.735120 191.770432 6.800381
7.782521 189.359055 6.981775
8.155766 190.598114 5.781138
7.665016 193.488266 6.094560
6.559128 193.968658 9.018615
6.559187 195.251740 7.256336
2.188926 195.924561 11.032679
3.769653 195.631485 10.752379
2.847511 197.571564 8.504047
1.054032 182.758957 14.008599
0.758715 183.120956 14.343358
0.797887 183.667694 13.962705
0.423248 183.307068 14.562141
1.117454 183.351898 13.681987
1.103423 184.029877 13.366681
0.443543 183.878769 14.167624
0.752902 184.315430 13.593473
1.015891 184.788071 13.038562
0.664979 185.036926 13.331457
1.577536 184.281021 12.822041
1.596834 183.693680 13.131269
1.205552 185.052277 12.634966
1.657430 184.691620 12.497631
0.339477 185.197510 13.461070
0.415169 184.504242 13.765710
2.239589 183.381775 12.896342
1.520912 182.995117 13.369965
1.349899 182.474426 13.541978
1.362993 182.196701 13.698143
1.187269 182.345337 14.028507
1.439239 181.866547 13.836719
1.316589 182.008179 14.109221
1.375238 181.551605 13.933602
1.306090 181.684875 14.173693
1.193127 181.333221 14.012012
1.321206 181.321060 13.670501
1.115365 181.171402 13.772577
0.920490 181.195419 13.803595
0.971003 181.296921 14.004980
0.873915 181.513687 13.917965
1.145412 181.431656 14.219725
0.890322 181.357269 14.196752
0.800672 181.555542 14.147779
0.994276 181.461716 14.424021
0.763163 181.358765 14.347757
1.129549 181.718536 14.442808
1.124598 182.012085 14.405314
1.014554 182.295837 14.377980
1.695738 182.003922 13.274038
1.431639 181.930847 13.511716
0.400509 182.836990 14.931613
0.691373 182.723083 14.706284
0.648463 182.399536 14.981713
0.386002 182.478714 15.221349
0.800564 182.291138 14.751676
0.875594 182.540176 14.473971
0.905364 182.189682 14.609263
0.770631 181.996872 14.884564
0.618589 182.066177 15.133368
0.928569 181.969864 14.662987
0.911573 181.683929 14.675671
0.725035 181.678146 14.897492
0.557287 181.709412 15.138403
0.335281 181.741394 15.365277
0.373496 182.139008 15.380932
0.274998 181.392990 15.161629
0.473845 181.402527 14.986568
0.636417 181.397644 14.768914
0.807114 181.421326 14.588539
0.643070 181.307220 14.443203
0.534278 181.214447 14.538525
0.411749 181.168396 14.696390
0.389926 180.729080 13.895486
0.670099 180.149612 13.854038
0.330033 180.111832 13.922563
0.191473 180.594498 13.944513
0.913286 179.788467 13.878290
0.398141 179.765045 14.048724
1.098178 178.733795 13.204810
0.562528 178.834106 13.444365
0.589335 178.755875 13.084482
1.097614 178.624466 12.879979
1.227208 178.853241 12.583220
0.673269 178.940063 12.724041
0.299728 180.940506 14.114702
0.163423 180.826477 14.151334
0.362050 181.145874 14.117561
0.409726 181.006027 13.932894
0.346131 181.054138 14.372714
0.423444 181.276260 14.334558
0.204961 180.986023 14.450264
1.409616 179.675293 13.553597
1.554378 178.640457 12.899072
1.863728 178.620514 12.668987
1.775965 179.521683 13.207506
1.867034 178.538086 12.426446
1.552975 178.553391 12.627768
2.010334 178.651871 12.064958
1.667562 178.715012 12.318054
2.173308 178.848160 11.715734
1.805551 178.995239 12.086823
2.638649 179.335983 10.591226
2.417457 178.715866 11.423156
2.934213 178.819778 10.298097
1.912150 179.797318 11.409003
2.596806 178.605331 11.149960
2.238585 178.633942 11.850772
2.402002 178.594635 11.656357
1.413113 179.222534 12.373135
0.816208 179.478882 12.621385
1.009797 180.526840 11.748368
2.112020 178.553070 12.237997
2.303575 178.574692 12.080178
2.104808 178.624649 12.453384
2.312495 178.628418 12.255033
2.085385 179.346512 12.897145
2.456875 179.187515 12.556526
1.462428 180.030685 13.445339
1.074437 180.110229 13.688662
1.851917 179.928360 13.137789
1.075741 180.594040 13.608037
1.439558 180.560867 13.413819
0.712839 180.695114 13.745522
0.535006 180.965591 13.841256
0.559612 181.153076 13.826353
0.469027 181.238907 13.933474
0.812589 181.327667 13.727881
0.786651 181.024948 13.735191
1.066710 181.002533 13.581725
1.313559 181.124298 13.429723
1.830377 180.704727 13.176300
0.673273 181.534897 14.305808
0.564142 181.613617 14.285102
0.549125 181.477554 14.383934
0.420501 181.409348 14.122458
0.434057 181.507309 14.280088
0.230904 181.140808 14.828823
2.518409 179.900894 12.669343
3.276876 179.349426 11.982201
3.610936 178.859604 11.454224
4.267435 179.361938 10.991268
5.136991 179.031586 9.556885
4.371589 178.505325 10.342330
5.010956 177.816528 8.780131
4.221756 177.504852 9.844427
3.678817 178.236588 11.021543
3.110217 178.179916 11.532676
3.012933 177.657059 11.340690
2.511911 178.603073 12.065464
3.070461 178.612366 11.815969
2.438482 178.481689 12.107264
2.848925 178.941360 12.162842
3.545390 177.490829 10.718854
4.449936 176.637955 8.319417
3.799910 176.555222 9.584517
3.219102 176.716156 10.584233
5.772481 181.245209 9.969793
4.846572 181.644302 11.329384
4.426657 180.751846 11.438797
4.976140 180.049423 10.490730
4.893687 182.645523 11.419662
3.564988 181.239029 12.248054
3.841891 181.987396 12.181334
6.569321 182.218170 8.801126
5.917621 179.839233 8.687371
6.598977 180.887726 7.786512
5.840431 178.488953 7.588902
5.121602 177.138885 6.518330
3.468576 175.784271 7.021141
3.395591 175.625183 8.402571
3.222734 175.980316 5.695900
4.594187 177.066483 4.986589
4.204959 177.031906 3.940059
3.858716 180.020462 11.703517
3.122929 180.580933 12.401219
2.224401 181.098297 12.985654
2.584139 181.636795 12.888358
1.542282 181.451630 13.300076
1.438976 181.616150 13.565397
5.687829 186.077148 10.612819
5.675467 185.841248 10.628070
5.435962 186.268158 11.046146
5.037762 186.483932 11.464148
4.584524 186.618118 11.768765
4.017139 186.656998 11.993794
6.126647 185.847000 10.315001
5.862204 185.336243 10.512504
6.435678 185.860748 9.991229
6.169452 185.166733 10.147944
5.432740 184.883072 10.893614
5.708733 184.598618 10.567056
6.513447 186.547745 10.162614
6.841542 186.761185 9.556316
6.796129 185.832581 9.437208
4.496139 185.129974 11.783385
5.012992 185.232056 11.416687
3.937878 185.156418 12.000971
5.450418 185.502686 10.965746
4.885591 184.600632 11.310137
4.207943 184.557068 11.691353
3.499854 184.700165 11.952686
5.151567 184.223740 11.089235
4.441813 184.119949 11.553674
0.329503 185.958862 13.335175
0.657506 185.853745 13.243605
0.888318 185.732101 13.035459
1.473403 182.134384 9.316520
1.994357 185.201065 11.795314
1.924571 185.327133 11.812887
1.809052 184.973297 12.205770
1.462040 185.227203 12.281663
2.297779 185.256805 11.910149
2.703608 185.273849 12.048874
2.228357 184.872574 12.142178
3.279953 185.251862 12.083171
2.598987 177.400604 9.024302
2.088233 177.741074 10.922390
1.856352 177.458557 9.093480
1.674172 178.319611 12.087665
2.124688 178.215805 11.690356
2.111778 178.503647 12.338606
2.527662 177.768906 10.754792
3.089079 177.581696 9.381852
2.782164 177.868088 10.651266
2.422165 178.200943 11.475046
2.332227 178.565948 12.107641
2.437568 178.604263 12.005517
2.423448 178.597046 12.007084
2.460947 178.636154 12.129207
2.536185 178.466385 11.471037
2.561695 178.281967 11.400874
2.261197 178.304230 12.253626
2.913996 178.093597 10.570599
3.386970 177.936447 9.329185
2.827270 178.389175 10.756618
3.299416 178.364349 9.634444
3.722149 177.652267 7.423003
4.100989 178.071075 6.361371
4.259061 178.597397 6.182339
4.230494 178.261230 6.923573
3.984750 179.189407 5.268567
4.074960 179.964325 5.983844
4.242050 179.063568 6.595662
3.614283 178.292587 5.487661
4.198529 178.669342 7.244860
3.918311 177.997391 7.937109
3.144161 177.594421 6.769982
2.289704 177.697510 6.143362
2.742425 178.740387 4.450557
3.858559 178.473648 8.281788
1.779553 178.429474 12.673644
1.195384 178.485641 12.480955
1.528541 177.879288 11.296641
0.762797 178.658035 12.801755
1.366345 178.345642 13.012194
0.901798 178.278656 13.279369
0.420961 178.244537 13.374618
0.386996 178.731522 12.928252
1.050518 177.714417 13.042008
0.477803 177.711548 13.264655
1.588818 177.860474 12.709898
2.342805 176.557739 11.400401
1.765924 176.081894 11.717536
1.063543 175.736725 12.221493
1.015234 178.113281 11.619215
1.087636 177.587387 9.571841
0.588223 178.244492 11.768341
1.997695 178.097717 12.458137
2.761314 177.086349 11.283417
1.264615 177.684677 5.514364
1.601569 178.919464 3.095188
1.931702 180.660233 3.046920
1.827611 182.822632 6.948166
1.952048 182.219391 4.835567
3.314780 180.042191 4.191317
3.497026 181.337509 5.392662
3.806331 180.256851 7.182781
3.199945 181.720871 7.068329
3.316428 179.973831 8.693466
3.659285 179.098999 8.524621
4.079453 179.231262 7.312238
2.602025 181.144928 8.928908
7.691535 185.248352 7.315830
8.274175 186.351868 5.980964
8.453851 185.951797 4.892766
8.600999 185.855042 4.287891
8.801614 186.522079 3.898434
8.616388 186.866470 4.026287
9.173928 186.820313 3.521064
9.442355 187.061325 3.128265
9.586023 187.079590 2.946159
9.436114 186.910019 3.286775
9.581003 187.136581 2.866494
9.665339 187.137039 2.718769
9.624925 187.189270 2.647204
9.731100 187.152817 2.487083
9.483103 187.183380 2.850140
9.642371 187.039749 2.873866
9.747207 187.096832 2.606540
9.490212 186.809387 3.243776
9.101190 186.426254 3.785022
9.236876 187.093506 3.138205
9.273965 187.224640 2.682497
9.538007 187.231064 2.514645
9.318951 187.194855 2.188861
9.610244 187.180664 2.146626
9.369221 186.998276 1.715520
9.662683 187.009018 1.774467
9.684936 187.190338 2.382476
9.753252 187.127228 2.119668
8.906519 186.908966 3.473015
8.922714 187.153000 2.847017
8.567888 188.130219 4.591535
8.742979 189.139374 2.911875
8.444633 189.338043 5.071252
8.684843 190.601898 3.450641
8.699638 191.849350 1.501817
8.821512 189.951263 0.589128
8.435997 192.539902 -1.041076
8.356253 192.035492 4.439882
8.262614 193.607468 2.829623
8.654313 187.484711 2.953872
8.749222 187.561691 1.768050
8.943830 187.113586 2.140475
8.080227 188.044418 6.431686
8.109229 184.227676 5.720847
8.199916 184.571915 4.944968
7.986089 183.352707 4.670911
8.414420 184.952011 4.348008
8.205359 184.267319 4.453425
7.850277 182.304123 4.295499
7.945927 182.561966 4.026858
7.879328 182.602112 4.968585
7.600210 181.805054 5.495031
7.732028 183.384247 6.414907
7.154955 180.687317 5.943485
7.181162 182.129257 7.034286
7.576317 181.173080 4.144383
7.388934 180.581665 4.453538
7.907962 181.834091 3.837516
7.807666 181.280548 3.734784
8.087033 181.703522 3.427741
8.050150 181.211060 3.230298
8.090172 182.277359 3.578683
8.290485 182.419571 3.232485
8.331515 181.984512 3.086799
7.947336 183.017303 3.962511
8.095309 182.810547 3.665960
7.989658 183.228180 4.308263
7.958961 183.342484 4.136397
8.268847 182.858124 3.351465
8.159108 183.287415 3.553057
7.909565 183.360504 3.947957
8.320193 181.615128 2.903608
8.487185 182.243057 2.508756
8.392578 182.137939 2.333244
8.225089 181.409424 2.686918
8.508355 182.482773 2.650827
7.931636 180.903717 2.936078
8.494464 182.820679 2.758837
8.476425 183.206772 2.879904
7.619051 180.720871 3.212209
7.115685 180.745605 2.925785
7.295567 180.634216 3.457386
7.041667 180.106140 3.568583
6.747185 180.182343 2.868501
7.104502 181.344513 2.306835
6.588495 180.579788 2.136507
7.469456 180.864059 2.800737
7.787919 181.002197 2.654047
8.078930 183.707489 4.403918
8.240651 184.112045 4.182816
8.079067 183.743652 4.183888
8.288195 184.422394 3.975903
7.981201 183.840683 4.011160
8.174637 183.959473 3.664232
8.450136 183.706680 3.039426
8.769393 185.080688 3.156921
9.082811 185.826965 3.514295
9.104530 186.075623 3.777665
7.653437 187.279953 7.583038
7.232557 186.962585 8.636487
7.221773 185.656342 8.550028
6.538270 184.877182 9.662881
6.421811 183.330368 9.601187
6.088792 184.094788 10.177790
5.472167 183.619003 10.861132
5.788524 182.721146 10.517586
6.914728 184.362289 8.907841
7.141546 183.460266 7.997906
7.957587 168.586670 0.677601
5.829132 170.049103 -0.277196
5.987720 169.259583 -2.453942
8.879644 168.444397 -2.121367
3.129114 172.160721 3.809596
1.994940 174.247528 4.722714
0.996901 173.477798 5.289387
0.901187 174.213150 5.671175
1.885084 174.887436 5.262177
3.006114 175.905243 4.631011
0.926227 174.525604 6.531398
1.981248 175.058960 6.231360
2.145702 174.950027 7.496272
1.022899 174.496155 7.802388
1.072736 174.344574 9.213693
2.219796 174.853134 8.806786
3.048162 175.400909 3.870623
4.152186 176.433884 2.071202
3.314062 174.331482 3.213240
4.105316 176.783859 3.043437
5.078351 178.112930 2.408812
2.131754 173.162720 4.549690
9.560993 185.689423 1.975883
9.826339 186.563858 2.024319
9.800829 186.178406 1.734029
9.902498 186.862946 2.086621
9.852719 186.982941 2.338784
9.771355 186.818283 2.368744
9.715892 186.991577 2.681213
9.788031 187.046295 2.529284
9.577625 186.571808 2.626090
9.561120 186.757797 2.982522
9.839890 187.054871 2.323569
9.864731 187.019531 2.108849
9.776856 187.128632 2.264454
9.883479 186.781235 1.760159
9.805697 186.981461 1.849262
9.823993 186.735275 1.596732
9.376658 186.656372 1.348534
9.347006 186.086044 1.086704
9.667420 186.719360 1.462080
9.628664 186.224030 1.231856
9.788200 186.315079 1.403699
9.220860 185.037186 0.966197
9.505712 185.226334 1.080845
8.822570 183.841873 1.279930
9.069225 183.920044 1.399010
8.947103 185.788483 0.956385
8.802494 184.782303 0.942901
8.564175 185.551910 0.576878
8.988723 186.423965 1.171043
8.757426 186.406189 0.533924
8.344946 184.575073 0.815369
8.986019 186.847687 1.549793
8.843559 187.136993 0.880309
9.855194 186.453232 1.605828
9.745037 185.748795 1.453785
9.463210 184.984711 1.737486
8.824965 184.118134 2.434057
8.824621 183.568756 2.259666
8.804247 183.234985 2.118940
8.746452 183.046829 1.989799
9.330997 184.392609 1.616246
9.214796 184.061844 1.521581
9.665637 185.424576 1.244102
8.459727 183.751053 1.214184
7.815659 182.942307 1.485156
7.933683 184.511444 0.003741
8.345797 185.918335 -0.774826
7.225187 184.470184 -2.170556
8.711528 187.351852 -1.112244
7.858748 186.516052 -3.028326
6.376017 186.255661 -5.612308
4.434262 183.162338 -5.615499
7.160207 190.380875 -5.535169
6.037817 182.775528 -2.883559
3.547082 181.026917 -4.325776
5.033058 181.020432 -2.640918
8.439999 189.130829 -2.999734
8.862908 188.569885 -0.771327
7.411987 182.779404 1.172614
4.312175 179.452972 -2.009742
5.702375 179.535950 1.053206
4.898241 178.043747 1.384798
3.949572 177.886688 -1.323032
6.452646 181.098587 1.099978
5.932389 179.370224 2.093531
7.511866 181.481949 2.412589
7.952318 182.221146 2.032665
7.819122 181.478668 2.424970
8.427239 182.949066 1.690877
8.210216 182.150299 2.162115
8.051773 181.436829 2.501961
8.630578 182.967880 1.842661
1.615384 175.955917 -2.497935
1.495849 177.943832 -3.255002
2.025301 173.672745 -2.173531
3.092198 170.666809 -2.423273
1.767633 180.364960 -4.764700
3.042112 179.552048 -3.328029
2.881716 177.875198 -2.513140
3.003422 176.048096 -1.819488
3.405481 173.989990 -1.250150
4.183090 171.728928 -0.749797
4.264855 172.024887 0.944476
4.028653 174.174271 0.154790
3.125304 167.437088 -4.321477
3.894922 176.134811 -0.623858
2.545370 195.961426 -5.198199
2.487290 191.766617 -7.651526
2.266837 187.228180 -8.045619
2.249369 183.361923 -6.890149
9.177885 166.459076 -4.625582
2.093896 182.646057 13.113610
2.879116 182.313080 12.795016
3.026004 183.102890 12.598351
3.935390 182.832947 12.112831
3.856708 183.620956 11.957571
4.696216 183.486481 11.475308
2.226147 184.018402 12.577984
2.197205 184.505493 12.333558
3.010919 183.824402 12.310207
2.901523 184.398514 12.161172
3.674559 184.254837 11.915634
2.773080 184.823181 12.078208
6.571710 179.530350 6.589844
6.292293 178.489334 5.316064
5.757664 178.165680 4.235092
5.304719 178.148788 3.308260
6.580549 179.191986 3.753750
6.173772 179.223068 2.933734
6.984285 179.593765 4.747632
1.206748 174.898163 11.671809
1.150780 174.324707 10.569862
2.180587 174.952774 9.971796
2.009392 175.403397 11.000890
2.690383 176.028656 10.652696
3.084477 175.704773 9.638734
7.169534 194.329849 -3.179521
6.235375 197.039246 0.114989
7.438615 195.621475 1.881597
7.519650 195.032547 4.265506
6.281744 196.352066 5.580464
6.060956 197.131210 3.816265
4.745959 198.094559 3.196456
2.376795 198.460495 -0.899990
2.478533 198.887939 3.881425
6.156753 167.021744 -4.708732
1.078816 172.453674 5.192866
2.122595 171.733887 4.720922
1.064575 171.335709 5.184050
9.819681 159.467392 -6.729115
6.446766 159.509537 -6.885865
3.156112 159.688293 -6.328199
6.232140 168.122772 2.489876
4.950445 170.012283 1.537113
3.059828 168.145493 4.809835
3.044895 170.288269 4.243022
1.930176 168.279678 5.430197
2.028259 170.224854 4.925729
0.969594 168.415848 5.424301
1.004075 170.131149 5.157003
3.448069 185.846069 11.450884
3.393233 186.447739 11.734328
2.964642 186.296021 11.715617
2.638781 186.081970 11.687635
2.442774 185.867844 11.632285
2.276680 185.667938 11.563937
2.129096 185.459595 11.518962
2.201722 185.357468 11.538278
2.482343 185.375366 11.624086
2.873318 185.366409 11.727782
3.289223 185.344879 11.749218
3.803190 185.311325 11.717052
4.252532 185.274994 11.583876
4.646198 185.350845 11.327135
4.984277 185.572250 10.985467
5.170394 185.854797 10.751703
5.154335 185.999893 10.772749
4.933521 186.216797 11.026180
4.644427 186.391830 11.305707
4.276037 186.497696 11.513686
3.831148 186.522263 11.671277
8.134677 182.948486 1.575045
6.035532 149.065292 16.909761
6.314083 150.889496 17.985451
5.761814 147.864044 15.540922
3.958099 150.019806 16.721453
4.552701 151.092239 17.421066
3.831011 146.459946 15.887305
3.039394 148.575150 15.361650
2.778252 151.835831 16.329807
4.053118 152.764282 17.132698
9.664895 147.428360 13.193633
10.703334 148.840439 14.924277
9.260334 145.547318 13.434702
10.988168 143.613937 9.945006
9.237352 143.274292 13.093552
11.215143 146.282593 10.569242
5.881768 145.892807 15.521533
11.280766 148.293015 11.494164
12.549099 149.285660 9.772487
12.281170 147.039780 8.232809
12.451425 149.550705 12.983975
13.471857 150.660355 11.184756
11.543797 150.986298 16.210646
3.877511 144.515564 15.862975
6.462179 137.307785 13.762873
1.939570 144.991257 15.917214
6.765899 134.471130 13.540363
11.538666 129.154892 12.203456
13.409609 129.372391 8.394394
13.400951 129.308289 6.195933
10.445704 132.026566 11.878750
7.264446 131.698471 13.547527
9.374321 134.702957 11.584288
9.054828 137.571136 11.892305
11.988439 132.204224 8.504356
11.991564 132.144852 6.545108
12.396423 125.971947 12.313080
14.667089 126.210579 8.256235
14.806258 126.173050 5.845841
16.259401 122.822174 5.507352
15.914948 122.803024 8.141768
17.662699 119.184624 5.272685
16.163626 122.899780 2.564791
15.539733 123.076172 -0.630024
17.002851 119.505302 -1.401725
17.618992 119.330330 2.106415
17.129147 119.063477 8.127793
18.107447 114.934456 8.205023
18.710340 115.141899 5.110890
13.736820 118.857574 12.441705
13.782146 126.202110 0.334985
14.489353 126.133072 3.159417
12.525162 126.313667 -2.453759
7.838275 122.341064 13.634384
8.299283 118.523804 13.323109
14.026324 114.749184 12.615959
13.118276 122.553055 12.349080
8.200771 114.834785 12.760539
5.243921 120.821472 13.693722
2.675492 120.120094 13.778090
2.405726 112.519737 10.227008
10.898410 167.297546 2.493696
11.765764 167.888641 -1.444908
14.295402 167.185364 2.310936
14.347404 162.134476 6.637605
16.304609 162.071838 5.826691
18.416763 161.941620 5.064015
16.665337 167.022034 1.988915
18.874458 166.576736 1.564351
14.792727 155.835358 8.701881
14.688036 154.370087 7.567924
14.214391 152.294861 9.427978
14.465140 153.704300 10.637112
13.860929 152.207077 12.311371
14.563214 152.929581 6.542610
15.655820 158.783951 6.348828
17.946232 159.355347 4.615007
15.378965 156.289429 5.344514
11.504892 143.780548 7.933211
24.713055 159.493973 4.195974
21.287472 159.464752 4.354054
24.599308 157.559830 3.128585
21.066898 157.689133 3.212347
24.716877 161.800552 4.019617
21.395544 161.867966 4.362638
24.491484 165.312881 -1.043076
24.595755 164.984833 1.041482
21.447908 165.838715 1.242840
14.883416 151.755234 0.669035
4.344865 131.222321 -2.641732
4.145164 134.409210 -1.229787
8.409546 131.846863 -1.401165
7.811168 134.650360 -0.094997
6.072532 134.557968 -0.906301
6.439367 131.566254 -2.253004
2.178386 130.828995 -2.548437
2.111682 134.260925 -1.211986
9.285406 134.723892 1.193999
10.017588 131.954849 0.161999
11.080920 131.975998 2.212220
10.275747 134.750153 2.972385
10.724477 134.768173 4.967316
10.365691 137.686981 5.370723
9.955219 137.663025 3.511020
11.696358 132.036072 4.424782
2.149509 137.652939 -0.309700
11.393556 143.552505 3.662644
11.648004 143.678131 5.834690
10.370850 137.730728 7.189836
10.169241 137.727707 8.911050
10.706208 134.863480 8.627600
10.827810 134.832962 6.863631
15.068205 151.625504 2.937834
21.291563 156.821564 -1.518742
24.533453 156.482147 -1.867672
24.652279 157.174850 -3.603748
21.534010 157.357452 -3.126980
16.402979 156.076904 -0.959012
18.291548 156.914459 -1.062184
18.630817 157.249756 -2.559483
16.430119 156.971024 -2.166541
24.497124 156.651138 1.465879
2.697063 76.213600 1.021917
1.721582 109.593102 4.636971
1.694052 109.561638 2.247210
1.465073 110.054306 -0.009722
2.719712 109.994308 -3.526142
2.467331 112.051697 -5.981573
2.987673 108.832550 -1.057658
2.211265 107.439987 0.863826
4.535614 88.542732 7.040697
4.904540 95.169792 8.829613
5.485945 101.553955 10.583620
6.435450 106.640869 11.604475
10.853925 87.351830 10.015653
11.826290 94.082077 11.471291
17.557932 94.162537 6.957688
16.196716 87.675781 5.691614
13.476657 105.602608 12.763291
12.741822 100.493248 12.383071
13.946862 110.297539 12.792295
7.515275 110.920372 12.313839
4.186782 81.942162 5.373449
9.915809 80.791367 8.030125
4.064572 75.433052 3.670383
9.148287 74.517601 5.777582
14.617723 81.214249 4.178793
13.237203 74.857254 2.564561
8.152105 0.062463 6.405198
5.478840 0.101884 7.725702
3.965085 0.021119 7.617482
7.818708 0.657654 3.968541
5.134524 0.661972 4.732147
3.493731 0.540043 4.523204
3.562561 2.342743 2.008411
5.029236 2.210340 2.115487
5.056024 4.009504 -0.014161
3.828605 4.272215 0.022906
1.587492 1.265465 4.378190
1.805210 0.205030 6.883849
1.567787 2.953765 5.055750
1.386081 2.042473 6.704195
1.815229 3.180154 6.996977
1.973274 4.099953 5.632252
1.604118 1.634104 8.469695
2.008075 0.481812 8.552936
2.009990 2.756967 8.551648
2.708418 3.820587 7.359937
2.740054 4.849851 6.178616
4.136968 3.549943 7.343877
4.210000 5.008102 6.063919
2.226892 5.691888 3.958866
1.945653 4.558784 3.106413
2.426813 6.309289 1.193716
2.650023 7.509844 2.072653
2.199554 3.232538 2.263216
2.775753 5.099153 0.399935
7.413988 3.743393 -0.457118
7.605636 2.160420 1.665205
8.314106 5.079468 -2.822802
8.845557 2.264390 1.189022
5.056799 5.537646 -2.115122
3.983750 5.896447 -1.931223
3.165251 6.795444 -1.440092
3.258644 8.273684 -3.622736
3.065050 9.784863 -2.854222
2.801250 8.072474 -0.710916
3.484663 7.916454 -6.739873
3.141702 9.572509 -6.061189
3.866102 7.093148 -4.216858
3.255898 11.293672 -5.235329
2.922603 9.575256 0.097738
9.128433 0.807862 3.424101
9.256761 0.058771 5.717583
10.238482 1.582587 3.238515
10.214719 0.645756 5.490934
9.319840 0.201639 7.349719
9.776467 0.479898 7.266071
8.531933 0.334909 7.586088
9.321733 0.017642 9.013224
9.620182 0.183422 9.157083
8.635222 0.149264 9.024768
10.120086 1.750299 5.432529
9.902507 1.264821 7.395645
10.239141 2.858371 3.499896
9.593183 3.761756 3.956469
9.553802 2.453375 5.648548
8.565001 4.265193 4.576947
8.594401 2.793779 6.107519
7.355301 4.652804 5.211991
7.321854 3.025843 6.797913
9.370800 5.491580 2.077154
8.509233 6.258698 2.949146
8.584881 8.497000 1.249755
9.178262 8.990590 -1.723216
7.456257 6.787135 3.910187
7.608002 9.216498 2.469403
9.953537 3.011652 1.069526
9.974930 4.353754 1.488438
9.490919 7.221859 -2.320086
9.473137 5.695589 -2.849582
8.177208 0.356054 8.571361
8.461020 0.724238 8.536715
8.246644 0.339863 7.663602
8.719719 0.299437 10.258753
8.378510 -0.050770 10.113904
8.563075 0.314272 10.773257
7.681325 0.382254 10.888332
8.373295 0.051397 10.588402
7.731241 0.065373 10.665088
7.572752 0.005082 10.203938
7.428212 0.478713 10.436044
7.464289 1.067105 8.928730
7.670609 1.613681 8.889191
7.540871 0.516220 8.828120
8.466516 1.335319 8.652060
8.419986 1.807336 7.705064
7.617314 2.138889 8.130421
9.248016 1.661103 7.360688
3.782873 0.408163 9.095871
4.341411 0.628929 9.501421
3.993838 1.658562 9.365786
4.350233 1.149476 11.065340
4.334023 0.986717 11.883269
3.890543 1.862107 11.393323
4.010167 0.207168 11.714939
3.896270 0.409005 12.395004
4.043449 0.953280 12.662755
4.094974 0.326342 10.634096
2.310748 0.193587 10.760179
2.510663 0.203554 11.816059
2.706079 0.419306 12.499240
2.540685 0.960851 12.768004
2.083630 0.992418 12.073680
1.879861 1.117463 11.275635
2.460469 1.875182 11.528684
3.759043 2.857255 8.787347
4.232089 1.635684 9.655054
4.323595 1.303247 10.432728
4.616546 0.683829 10.396206
4.548221 0.787293 12.187312
4.795287 0.288955 11.942410
5.529354 0.609133 9.461250
5.601738 0.767496 10.263494
5.796887 1.358558 10.286479
5.729687 1.480634 9.625892
5.882176 0.336317 11.867452
6.113873 0.878910 12.079389
5.767254 0.368132 12.408654
5.932408 0.764681 12.668996
4.969865 0.313825 12.442667
5.615349 2.137198 10.231326
5.586424 2.544855 8.982947
5.883224 0.549100 9.351343
6.810406 0.468514 8.711464
6.191479 0.613365 9.929104
6.929759 0.616894 9.660125
5.860725 1.400684 9.568508
5.955089 1.218463 10.008300
4.837420 0.717584 12.704639
4.436453 2.105280 10.375770
4.594230 2.617241 9.041519
7.071044 1.312226 8.883510
7.025073 2.316062 8.639652
7.294100 1.242140 8.611468
7.177415 1.191833 9.636629
7.092544 1.844826 9.742273
7.579746 0.629333 11.484193
6.183295 1.946341 9.945878
6.180184 2.458397 8.894546
5.904780 3.452738 7.274415
5.902825 5.002986 5.790519
6.019029 7.054456 4.598072
6.179461 9.501435 3.320620
6.178650 0.713661 11.819274
6.461634 0.592470 12.172812
7.381017 0.559264 11.988656
7.320922 0.118264 11.340840
7.255055 0.192351 11.843002
6.334157 0.160827 11.571908
6.555405 0.220079 11.978685
10.398024 126.173363 -4.727651
7.799903 125.822311 -6.133414
5.135041 125.306221 -6.542543
1.320011 124.366203 -5.276830
4.696316 128.113327 -4.423975
2.294360 126.992065 -4.096270
7.066747 128.752792 -4.146601
9.303231 129.071533 -2.995397
2.816432 124.719597 -6.151460
2.754598 121.762932 -7.612793
5.429880 122.061592 -8.181293
2.522480 118.394722 -8.251225
5.412549 118.526596 -9.119233
2.330374 114.954788 -7.769553
5.016467 111.279297 -7.486304
5.162039 114.692680 -9.139415
8.875038 118.879784 -9.025862
8.468742 122.548592 -7.895388
8.579362 111.055481 -8.130453
8.900698 114.846054 -9.283088
11.607851 123.037811 -6.488813
12.537541 119.346161 -7.807120
12.471968 111.323891 -7.497753
12.856847 115.184196 -8.227403
0.955059 113.004967 -4.499969
14.134528 123.223999 -3.858427
15.453928 119.592102 -4.976019
17.936827 111.198212 -2.623897
17.901466 115.585876 -1.944989
16.142374 115.554199 -5.594440
15.844006 111.847237 -5.504006
18.635460 115.402451 1.750430
19.392288 110.728195 4.944002
19.328884 100.512375 4.139638
19.608145 105.909706 4.647597
18.500561 100.252892 7.836107
18.840336 105.594315 8.209134
18.305473 94.564949 3.371388
16.903479 88.166084 2.390342
19.198854 111.073372 1.376700
18.969250 100.774048 0.365512
19.299652 106.216347 0.957229
17.899069 106.212784 -2.629200
17.329048 100.967926 -3.101296
18.762457 110.436508 8.306267
15.373730 109.158257 -5.109042
11.781967 108.467728 -6.047904
14.291235 101.093582 -5.465682
14.952892 105.609360 -5.200142
11.214931 105.313782 -6.070308
10.542624 101.354233 -6.288930
9.211692 90.003365 -6.412864
12.461452 89.502480 -5.791152
13.448379 95.602837 -5.722199
9.858931 96.144028 -6.430276
15.140450 89.012383 -3.867709
16.394230 95.203377 -3.539410
7.571981 105.662209 -5.355664
6.626025 102.022850 -5.534205
4.608965 106.805595 -3.349171
2.991342 103.517471 -2.323374
8.256844 108.529442 -5.880844
5.108397 109.063202 -4.977642
11.120552 129.188339 -1.090072
12.283370 129.160675 1.302107
13.019683 129.200424 3.789890
18.981430 160.544708 -5.189259
16.892796 160.266266 -5.198856
18.912359 165.636444 -3.760732
16.693222 165.863922 -4.069694
18.902367 166.922729 -1.245432
16.669048 167.379990 -1.253172
21.396782 166.157196 -1.175896
14.401168 167.688446 -1.266261
14.505076 165.931137 -4.242701
12.026193 166.061279 -4.332626
15.011590 160.086472 -5.458065
12.736856 159.727417 -6.067831
21.377249 165.219391 -3.427657
24.411314 164.749878 -3.065539
24.688326 158.786545 -5.182953
21.660921 158.677460 -4.766400
16.840214 158.040527 -3.767675
18.924698 158.334808 -4.234275
24.616312 161.158340 -5.579078
21.580326 160.914627 -5.388367
13.314968 156.242706 -5.329098
13.777765 153.541168 -3.639212
14.370343 152.267288 -1.528653
15.063094 82.176842 -1.607867
13.882177 82.653618 -4.228437
11.456708 83.165825 -5.711745
8.650025 83.583862 -6.211214
5.721750 83.815086 -5.929438
3.301466 83.707870 -4.028813
2.561155 83.297302 -0.884556
5.538179 77.434723 -6.479911
8.170580 77.218895 -6.467461
3.217232 77.329063 -4.882380
10.628884 76.824036 -5.972182
16.558920 88.606514 -0.891705
15.196401 81.714844 1.274488
13.936260 75.284294 0.068373
13.782291 75.793701 -2.455968
12.742936 76.315071 -4.711634
4.359704 56.212353 -2.528930
3.904358 60.619469 -1.988688
5.635530 59.933636 -0.012156
8.575750 64.700783 3.545537
8.665133 69.231926 4.091207
11.758024 64.538399 0.202131
11.912379 69.343102 0.960199
13.087667 64.649727 -1.991106
13.043027 69.481674 -1.131976
4.272267 69.825119 2.212008
4.515567 64.772865 1.142100
2.994440 65.282036 -1.040140
2.682848 70.486031 -0.105777
9.004054 45.757545 0.880146
8.714111 40.611183 0.527949
6.103162 46.098347 -0.503233
6.032731 40.932598 -0.652183
11.596219 40.405941 -0.630477
12.339808 45.617794 -0.217098
5.933047 35.493515 -0.786334
8.273186 35.234306 0.108941
4.439764 35.688190 -2.690517
4.060197 46.480305 -2.750754
4.171173 41.235126 -2.746163
12.359367 55.569130 -0.104500
8.868719 55.340881 1.383615
11.642028 60.019360 0.209788
14.366124 55.906677 -2.948090
13.690934 60.432739 -2.524517
14.263099 45.708603 -3.227128
13.371575 40.417072 -3.272192
13.610614 56.807583 -9.387989
14.829062 56.343220 -6.264693
14.013650 60.967548 -5.556710
12.859317 61.501244 -8.253661
10.788115 57.070454 -11.117789
10.534210 61.806038 -9.960810
3.237630 61.176727 -4.644702
3.281173 56.726631 -5.222425
3.587442 61.524944 -7.330103
3.209471 57.062389 -8.071314
4.963375 61.812706 -9.731880
4.707483 57.275177 -10.660392
4.565999 46.925976 -10.810606
2.882214 46.963097 -8.419416
3.278150 41.425804 -7.859736
4.826839 41.314987 -9.959586
7.440874 46.768257 -11.486246
7.347609 41.184875 -10.535142
7.672802 57.220394 -11.498092
7.731246 61.909412 -10.496270
10.353899 46.518723 -10.971621
9.882797 40.970871 -10.112655
13.102110 46.200825 -9.590761
12.205050 40.751701 -8.851586
5.210480 35.615135 -8.830672
7.250291 35.467735 -9.377535
3.966658 35.764168 -7.086561
2.854772 46.795185 -5.490863
3.174992 41.420990 -5.255149
2.218716 65.854179 -3.934477
2.889026 66.242073 -6.871857
2.759148 71.522118 -6.079165
2.004374 71.118660 -3.078545
2.358961 76.900940 -2.009484
5.122709 19.999933 -0.264950
3.777989 14.781753 -1.347424
4.047305 20.022785 -1.895620
4.975669 15.532020 0.270071
3.617111 11.110326 0.925029
4.448503 16.915773 -5.821032
3.450325 16.254539 -4.003870
3.054611 13.391251 -4.526818
4.216578 14.319978 -6.393883
3.687064 12.539864 -7.325675
3.430438 10.724801 -8.283059
5.513463 17.270050 -7.068335
5.325653 14.946821 -7.767332
6.888916 17.236097 -7.200533
6.991374 14.906112 -7.694432
8.066464 16.819857 -6.533289
8.267553 20.437645 -6.883839
6.924337 20.709440 -7.392811
8.346051 14.372053 -6.795258
5.502776 20.781963 -7.042779
4.405862 20.659777 -5.809608
5.557102 25.073624 -7.259818
4.472086 25.125475 -5.990626
3.766158 20.380093 -3.997401
3.973312 25.100176 -4.201386
4.220331 25.008482 -2.181027
4.397159 30.188053 -2.454586
4.021866 30.237673 -4.519060
5.348919 24.875633 -0.474013
3.292641 8.599510 2.876839
2.960240 6.589264 4.679030
4.573622 9.295564 3.382555
4.404569 6.974935 4.829483
4.719913 12.105559 1.814485
6.314342 12.346784 1.852576
6.451531 15.710351 0.522161
6.812547 19.950287 0.141934
8.248839 19.766685 -0.751265
7.738731 15.608132 -0.275657
8.917413 24.404663 -0.977607
9.962809 24.191555 -2.604077
10.844328 29.284613 -2.948779
11.074881 29.203798 -5.103153
10.370654 29.334288 -7.015094
10.246484 24.226082 -4.519931
9.714467 24.428400 -6.267502
8.543023 24.675882 -7.469455
8.910587 29.610645 -8.216996
7.138755 29.910841 -8.455074
9.684458 29.531317 -1.087925
7.747248 29.823410 -0.069180
5.633607 30.057131 -0.654418
9.191792 19.682442 -2.243870
8.655243 15.554847 -1.776920
7.624041 12.058746 0.849236
8.611391 11.441622 -0.978178
9.250889 12.718161 -3.451699
9.161847 15.918816 -3.614024
7.254549 24.678225 -0.018474
13.078453 151.464706 14.124279
2.062620 146.826050 15.835895
8.669360 1.068985 7.750383
8.509476 0.596436 9.103765
8.650846 0.442932 9.408272
8.725911 0.184753 9.272338
9.388246 0.243585 9.462855
9.251328 0.085178 9.285653
8.078864 6.294059 -4.886278
4.877529 6.511726 -4.478166
7.871350 7.243905 -6.985827
4.711773 7.188774 -6.894742
9.024982 7.998147 -6.897153
9.220671 6.908438 -4.864078
9.292988 9.625151 -6.285586
9.383816 8.462969 -4.356492
9.179704 10.340082 -3.833078
9.138773 11.470681 -5.707201
9.103309 13.583386 -5.365032
8.876327 16.337280 -5.302161
8.940301 10.748950 -8.079556
8.547457 8.941047 -8.717848
7.201183 13.377043 -8.605997
7.366969 11.599908 -9.639915
8.737928 12.576718 -7.349343
7.155612 9.578200 -10.001125
7.467384 8.094347 -8.585799
6.716456 8.568520 -9.357211
4.891538 11.608990 -9.940556
5.255188 9.555082 -10.151011
3.859304 8.860900 -8.939413
5.020387 13.452339 -8.837149
4.979859 8.044762 -8.741308
5.707951 8.529029 -9.476341
17.961828 94.900398 -0.235347
2.788918 96.898369 -3.126388
3.087746 90.287399 -3.500274
5.816051 90.358902 -5.850653
6.062301 96.693085 -5.768338
3.798523 35.795448 -4.906169
5.504664 30.101690 -7.841216
4.371860 30.228796 -6.428892
9.189181 20.117434 -5.661267
7.012733 24.936550 -7.799625
5.914101 143.327774 15.211867
13.526175 40.582375 -6.375355
14.544279 45.929180 -6.711361
10.636241 34.979263 -0.960598
12.068521 34.839951 -3.169129
11.198092 34.990124 -7.851025
12.231622 34.845161 -5.728417
9.339071 35.236408 -9.012988
7.721032 128.862976 13.620190
8.066430 125.847679 13.673544
8.449347 58.624325 1.727423
6.068128 55.643425 -0.337008
11.976357 65.532242 -6.755579
13.242128 65.090523 -4.614628
13.097285 69.934982 -3.501083
11.729590 70.391991 -5.310969
10.182135 65.974541 -8.379610
10.015999 70.838196 -6.636806
5.226448 66.309303 -8.424337
5.382451 71.480858 -7.215791
7.752192 66.214195 -8.938446
7.833542 71.210350 -7.208429
4.219171 51.437000 -2.703883
2.997270 51.873318 -5.493928
2.879476 52.166069 -8.492351
4.485737 52.230114 -11.124045
7.561164 52.075691 -11.887807
10.708104 51.832142 -11.423673
13.680225 51.520542 -9.843714
15.110106 51.175098 -6.674168
14.632177 50.883343 -3.116150
12.590117 50.704407 -0.083678
9.084344 50.696827 1.142572
6.192029 50.997089 -0.433684
9.576629 19.835999 -4.011240
24.501673 156.336533 -0.188092
21.129135 156.654007 0.010390
14.802567 151.929169 5.064865
3.002550 11.780823 -2.119623
2.911719 82.697319 2.364089
2.182603 89.861755 0.137588
2.886804 89.278656 3.798767
2.726688 95.897842 5.374537
1.717665 96.481636 1.154940
1.590342 107.060593 3.755459
1.448975 102.755951 2.332671
2.665184 102.286781 7.073643
3.132333 107.710342 8.500359
4.957050 111.730247 10.524879
2.768491 117.784393 13.139292
5.454055 115.063141 11.897842
5.528289 118.079659 13.198926
2.685610 115.104622 12.000692
2.065970 110.594856 7.657017
1.193610 111.083054 -2.367768
0.885737 121.408577 -6.311622
0.717856 156.247910 13.102338
1.205166 157.410736 12.646752
1.857845 155.758316 14.104603
0.939319 154.863983 13.885613
1.774920 151.035461 15.243958
1.225965 153.085480 14.674095
2.257871 153.884384 15.406227
5.952142 147.272049 -3.877936
6.641146 151.105850 -5.336217
2.868647 147.543411 -3.932307
2.556785 144.207275 -2.340108
4.118846 137.626053 -0.120138
8.995574 137.633102 1.906591
5.936119 137.611206 0.197574
7.564413 137.603516 0.830953
5.130239 144.039429 -2.170260
10.646224 143.546356 1.554510
9.390478 143.645721 -0.313999
7.535377 143.785812 -1.641534
3.160683 151.369781 -5.164554
8.909968 146.899292 -3.076143
10.720172 150.980911 -4.495881
66.291756 157.804657 -1.481020
66.326599 157.949539 -0.108582
66.277748 158.521454 1.214197
66.085815 158.754440 -2.811856
65.985893 160.421600 -2.989576
66.042122 161.846497 -2.276941
65.984154 162.553421 -0.821194
65.964333 162.519165 0.893506
66.035957 161.504501 2.374451
66.160233 159.760498 2.428404
58.639084 157.345184 -2.415924
54.710064 157.206360 -2.877083
54.611233 156.650650 -0.838098
58.567829 157.109604 -0.627429
54.509182 157.492249 1.075344
58.505169 157.928665 0.970479
58.724499 158.790131 -3.789525
54.817074 158.848877 -4.347089
58.740932 160.883026 -3.877581
54.823826 161.090408 -4.454133
58.668606 162.545212 -2.819278
54.690205 162.843689 -3.181708
58.571102 163.259094 -1.073372
54.530998 163.600128 -1.227559
58.514420 163.133987 0.896659
54.443405 163.453110 0.959898
58.468769 161.611435 2.349072
54.395325 161.658951 2.470897
58.455994 159.501572 2.107348
54.415089 159.342361 2.205509
62.790161 157.505264 -1.868318
62.750523 157.572968 -0.351047
62.710213 158.267319 1.015521
62.657227 159.610626 2.166862
62.631168 161.550385 2.311001
62.636482 162.780304 0.884106
62.678352 162.893021 -0.891561
62.761822 162.199341 -2.472481
62.764130 160.629761 -3.334854
62.782928 158.718826 -3.205503
50.970974 157.031403 -3.205775
50.842400 156.121658 -0.954273
50.725918 156.984390 1.332499
51.113243 158.882431 -4.743927
51.066250 161.264618 -4.856519
50.857758 163.189102 -3.463933
50.635704 163.992386 -1.266388
50.520119 163.817062 1.195873
50.514530 161.656479 2.618718
50.604149 159.174103 2.308295
36.686821 156.625061 -2.465761
32.509304 156.462494 -2.326477
32.420086 156.145920 -0.599456
36.471775 156.207550 -0.721926
36.187992 156.456238 1.121013
32.296673 156.412354 1.184165
32.195431 157.455399 2.800209
35.838341 157.465790 2.601843
32.519604 157.333908 -3.955141
36.707397 157.546005 -3.980635
32.382210 159.152603 -5.131487
36.458530 159.312286 -4.915940
36.389500 161.434448 -4.848715
32.320930 161.447983 -5.240263
36.385063 163.877228 -2.396902
32.287464 164.330261 -2.603639
36.246040 164.185776 -0.904728
32.245628 164.641495 -0.913912
36.119118 163.997543 0.689967
32.217548 164.404907 0.824596
32.196873 161.667847 3.644569
35.995632 161.439468 3.269309
35.974426 159.320816 3.403846
32.195728 159.410095 3.759642
47.354404 156.988693 -3.327344
43.716080 156.908112 -3.473002
43.477772 155.767654 -1.031165
47.121864 155.922058 -1.033567
43.520454 156.335678 1.669055
47.079548 156.697693 1.420978
43.904217 158.869629 2.275876
47.069511 159.032211 2.191329
43.798248 161.444397 2.101835
46.904495 161.563431 2.512621
43.181583 163.625595 1.078650
46.722748 163.877380 1.276902
43.202328 164.016174 -1.109754
46.829910 164.162537 -1.228359
43.600361 163.281296 -3.164914
47.187927 163.283524 -3.421032
45.121490 161.329010 -4.781722
47.649940 161.344620 -4.867761
45.137466 158.932907 -5.144392
47.742451 158.890884 -4.959547
40.279804 156.774826 -2.666793
40.052734 156.014511 -0.797522
39.200310 159.155746 2.976989
39.263481 161.268600 2.814256
39.781677 163.417938 0.876821
39.827671 163.901993 -0.901558
40.000629 163.524887 -2.401493
39.961685 161.331375 -4.590758
43.205509 161.361755 -4.898470
40.001095 159.352783 -4.854053
43.187496 159.230270 -5.503959
27.978651 156.364334 -2.127486
27.950848 156.164307 -0.399063
27.952480 156.501221 1.317536
27.990734 157.489258 2.954087
28.017975 157.147461 -3.847361
27.985491 158.917709 -5.282828
27.929289 161.323227 -5.551422
27.831995 164.622345 -2.854499
27.884733 164.983795 -0.960167
27.941687 164.683624 0.944633
28.029903 161.777176 3.889276
28.033262 159.449615 4.012938
40.160603 157.741226 -3.989776
42.529133 157.727661 -4.449564
16.501659 155.577118 0.518319
17.922283 156.853226 0.334029
39.874729 156.691559 1.582492
21.008543 156.878784 1.574790
16.397074 155.429626 2.174325
17.544333 157.017288 1.738201
16.024776 155.654236 3.791214
16.948107 157.711502 3.265283
15.229402 154.438995 5.479731
15.571691 154.007889 4.336614
15.901752 153.820999 2.549645
15.878927 153.986053 0.638836
15.637004 154.519791 -1.115551
15.466980 155.519135 -2.736817
15.338696 157.317947 -4.337633
10.294888 155.361786 -6.206584
13.535671 149.016586 0.786374
12.621819 149.480881 -1.756853
13.920940 148.914017 3.367909
13.606622 149.065918 6.211175
12.656831 146.432434 5.966181
12.622328 146.243942 3.561898
12.027897 146.261078 1.125239
10.873142 146.498047 -1.169453
6.671525 155.284851 -6.443943
3.257482 155.512222 -5.857631
3.671864 154.879501 15.962430
3.258439 156.829391 14.119205
2.334927 159.197586 11.735122
5.837389 155.888153 16.330648
6.185181 153.482391 17.897104
11.779278 153.889908 16.399967
11.297805 156.504456 15.002060
13.222777 153.651566 14.400404
13.829854 153.450867 12.944057
14.078528 154.840927 11.872684
13.150916 155.851135 13.421439
5.424831 157.686661 13.990609
10.600845 158.383575 12.768197
14.125869 156.855881 10.087387
12.672364 157.784912 11.482884
14.201100 159.339600 8.075836
12.290778 159.865555 9.388713
9.967949 160.128876 10.438543
4.895222 159.658600 11.592988
12.046996 162.273560 7.525836
9.484448 162.314178 8.455468
4.432059 161.956284 9.729344
2.169710 161.810562 9.996134
7.970313 166.776459 4.457466
3.666042 166.504593 6.624970
1.704543 166.292358 6.954160
0.894179 167.045837 6.139329
8.570607 3.719012 -0.851516
9.679195 4.413057 -0.887308
9.640431 5.810762 -0.373798
9.199002 7.226624 0.280868
6.820388 0.127080 7.113517
6.517203 0.730960 4.501096
6.359673 2.243658 2.056003
6.268331 3.931769 -0.108001
7.220890 0.394934 8.339507
8.483966 1.010789 7.788437
7.211421 5.135071 -2.547928
6.992202 6.259789 -4.733220
6.809860 7.128672 -6.874241
6.655269 7.939341 -8.481706
6.150269 5.362920 -2.274743
5.944307 6.337395 -4.590333
5.809631 7.097663 -6.835130
5.810452 7.905929 -8.539288
10.406301 64.805908 1.968234
10.575831 69.271782 2.768256
11.707492 74.510353 4.738849
12.931102 80.809021 6.784847
14.201208 87.339127 8.562018
15.368361 93.959167 10.018151
16.254730 100.219612 10.960865
16.764025 105.471252 11.257268
16.909760 110.289528 11.201917
16.551840 114.803482 10.909344
15.855835 118.944893 10.653597
14.948901 122.705299 10.534324
13.906753 126.131454 10.483813
12.820793 129.313583 10.466640
11.486192 132.158447 10.334677
10.228676 134.809235 10.231470
9.777537 137.665833 10.504840
10.220530 143.408524 11.669693
10.224500 145.732315 12.228609
6.095917 64.766632 3.128398
6.230453 69.413071 3.930891
6.384740 74.844337 5.382489
6.655711 81.195160 7.545403
7.194366 87.779442 9.508975
8.006882 94.486496 11.108422
8.996408 100.916161 12.254373
9.910795 105.984390 12.903544
10.688458 110.502914 13.177876
11.125052 114.776329 13.146524
11.111582 118.783394 13.071502
10.689201 122.428490 13.164711
10.244850 125.819862 13.197569
9.680687 128.958130 13.138724
8.959191 131.847809 12.900738
8.213263 134.596069 12.686904
7.904202 137.460327 12.965046
7.891977 143.268814 14.335606
7.768619 145.609299 14.689015
7.735397 147.493088 14.930956
8.370212 148.680145 16.406036
9.058466 150.763687 17.775303
9.205697 153.922104 18.064194
8.631037 156.539917 16.135160
8.006253 158.274261 13.616867
7.439397 160.039612 11.210850
6.888550 162.197876 9.235629
5.648019 166.629929 5.777674
4.471329 167.986526 3.781286
3.943338 170.125137 2.998938
3.865477 172.200027 2.494273
3.991399 174.301468 1.676008
4.190491 176.238663 0.782822
4.573029 177.955261 0.101914
5.205787 179.509537 -0.397662
5.982429 181.133667 -0.596206
6.804583 182.816483 -0.743088
8.403984 60.959362 2.488729
10.304448 61.657764 1.633640
6.440271 61.473049 1.875774
9.663835 0.377172 8.116927
9.349787 0.113662 8.099709
8.623068 0.288354 8.169649
8.612661 0.923104 8.163972
8.991433 1.390897 8.179848
9.809166 0.968681 8.219580
4.078929 1.525077 9.836416
3.742801 2.503759 9.794979
2.189250 2.445597 9.743915
1.813030 1.389567 9.724539
2.395152 0.441850 9.736865
3.763297 0.620242 9.768985
2.944656 2.788662 9.751920
3.173064 2.034155 11.469161
3.311804 0.941767 12.994316
3.317245 0.353264 12.527248
3.275336 0.074439 11.722511
3.240035 0.054762 10.711078
3.139426 0.351152 9.757760
2.832186 3.232169 8.651028
4.995450 2.389625 10.292010
5.362664 0.738746 12.873030
5.365412 0.282954 12.487908
5.335078 0.143786 11.850407
5.136103 0.584091 10.299580
6.721059 2.127823 9.858459
6.927910 0.565419 12.223437
6.895346 0.158123 11.969920
6.812981 0.009606 11.406557
6.544211 0.512803 9.808284
6.257411 0.362441 9.021843
4.918394 0.465741 9.428204
2.883861 0.196214 8.669678
8.201625 1.707950 8.782383
8.145686 0.336120 10.974369
8.068675 0.030888 10.689116
7.979130 -0.098734 10.120476
7.797795 0.282053 8.694801
7.649587 0.154062 7.939618
9.484539 1.377179 8.238643
9.005847 0.329029 9.582690
8.981353 0.108812 9.327575
8.976245 0.011478 8.995650
8.948704 0.078963 8.139224
8.809022 0.172322 7.482742
1.816745 1.244750 10.552923
2.273234 2.195437 10.715684
3.063454 2.544159 10.744402
3.876396 2.224994 10.650113
4.258930 1.343398 10.449693
4.455028 1.056512 11.333256
4.810222 1.443470 11.873144
5.298680 1.593378 11.875647
5.789047 1.512415 11.788747
5.975290 1.148712 11.228895
5.745842 0.562913 11.045252
5.246600 0.351444 11.043002
4.729939 0.516289 11.157714
7.496939 0.787422 10.955371
7.191427 0.387405 10.548315
6.679747 0.222930 10.597021
6.176577 0.458771 10.757359
6.064280 0.917421 11.261757
6.386875 1.173136 11.399989
6.840317 1.269646 11.360710
7.287238 1.109703 11.238454
8.671905 0.391320 9.640067
8.543405 0.873759 9.953239
8.142147 1.017511 10.115885
7.679715 0.981068 10.140590
7.357581 0.679880 9.861891
7.448351 0.301223 9.449543
7.852017 0.072121 9.338645
8.288919 0.108829 9.287950
9.736996 0.214825 8.721017
9.665307 0.810738 8.830801
9.253263 1.072204 8.803628
8.845289 1.056091 8.769725
8.508951 0.739115 8.678003
8.560737 0.173215 8.624105
8.959141 -0.027136 8.591217
9.356518 -0.012877 8.593246
3.213247 1.681792 12.075530
3.265504 1.611329 12.771850
3.823455 1.528022 12.610800
3.845225 1.592330 12.012101
2.632916 1.519274 12.125759
2.731413 1.492575 12.658887
5.365554 1.359116 12.337078
5.392384 1.292078 12.769009
5.766423 1.212051 12.628312
5.741837 1.268676 12.272186
4.985502 1.215321 12.703709
4.946343 1.265946 12.329682
6.876396 1.077647 11.750033
6.899430 0.959512 12.079037
7.257249 0.895744 11.955381
7.277709 0.924383 11.624859
6.479948 0.995963 11.787914
6.554771 0.928392 12.064044
8.128739 0.837162 10.531011
8.146112 0.739012 10.907008
8.444684 0.690474 10.786141
8.465838 0.732943 10.429109
7.770947 0.756250 10.553292
7.838287 0.701780 10.873802
9.165042 0.885451 9.203113
9.100708 0.774682 9.600940
9.470037 0.622886 9.543789
9.567602 0.686928 9.227916
8.826217 0.801604 9.136001
8.776093 0.750773 9.433509
0.002830 136.847870 15.255409
0.002771 132.495499 15.214142
0.002781 129.322052 15.443604
0.002882 122.165092 14.325953
0.002849 125.680046 14.988410
0.002919 143.057007 15.896933
0.002813 135.561630 14.694772
0.002803 133.859985 14.913808
0.002795 134.677216 14.447397
5.067392 137.063354 14.738585
3.383891 136.819351 15.541034
1.238704 136.389526 15.551691
3.661359 131.987640 15.209515
3.485939 134.425552 15.287529
4.809739 141.987198 15.290328
3.529435 142.603683 15.839823
5.258582 134.369400 14.475212
5.603821 131.690109 14.422248
1.311246 132.866882 15.425487
1.850228 129.319946 15.428638
3.949379 129.085022 15.025376
4.590284 123.061935 14.084411
2.439930 122.425926 14.266460
2.160587 125.799820 14.868545
5.888387 128.941589 14.315517
4.246312 126.021286 14.600593
6.155118 126.130684 14.150608
6.172178 123.827446 13.943732
1.573600 134.623169 15.378730
1.782417 142.952850 16.071392
0.494852 135.411652 14.965562
0.589539 134.699570 14.910529
0.522981 133.965759 15.020435
0.010053 141.183167 -0.522555
2.300692 141.011658 -0.994978
6.509210 140.801849 -0.406120
9.550194 140.666107 1.911639
10.402896 140.683060 3.702278
9.133408 140.507965 12.490888
6.308270 140.247116 14.236272
4.962449 139.792572 15.049362
1.608104 139.654022 16.039104
0.002869 139.724045 15.815781
3.424300 139.689941 15.779502
7.865713 140.427048 13.552755
10.003060 140.616196 11.075081
10.528367 140.698853 9.396193
10.792834 140.754669 7.560462
10.769400 140.734741 5.650145
8.209346 140.720886 0.504098
4.485594 140.939377 -0.773334
13.652800 150.860809 8.062204
42.423717 162.596710 -3.800364
39.940845 162.749710 -3.536201
36.484352 163.101349 -3.805036
32.341938 163.365570 -4.213495
27.876490 163.453918 -4.614012
24.502506 163.326782 -4.766580
21.435400 163.194809 -4.884035
18.877737 163.070587 -4.996004
16.748163 163.028046 -5.259858
14.690856 163.060822 -5.489840
12.268057 163.107681 -5.776397
9.425448 163.323639 -6.348620
6.212801 163.585800 -6.545260
3.069365 163.793610 -6.164242
-0.005228 163.837173 -5.461044
0.001045 163.986572 8.511536
1.982566 164.149292 8.515933
4.064782 164.369995 8.178126
6.304093 164.539352 7.550641
8.964710 164.795807 6.692889
11.765361 164.958771 5.666046
14.396852 164.955109 5.039946
16.588751 164.987915 4.522756
18.717205 164.827438 3.876830
21.446362 164.311859 3.265478
24.669144 163.768616 2.864155
27.985413 163.641830 2.693386
32.177578 163.483276 2.509131
35.896648 163.131134 2.202255
38.426693 157.634781 2.483091
38.580647 162.775269 1.993197
4.648179 1.718346 11.236389
5.163189 1.988346 11.198230
5.708892 1.801275 11.130520
6.228693 1.586484 10.756495
6.750732 1.729120 10.730778
7.174075 1.485459 10.582624
7.318287 0.981652 10.401996
5.982227 1.074814 10.629718
8.526643 0.527552 9.146747
8.489798 1.074754 9.344577
8.168847 1.380681 9.507466
7.643497 1.299736 9.535772
7.400392 0.874094 9.395811
41.364586 158.904297 2.625910
41.366310 161.563705 2.308932
9.854199 186.982727 1.950889
9.803716 187.091293 2.108434
7.658349 182.336349 1.889518
8.037819 183.601440 1.154814
8.865232 184.834534 2.664653
9.570972 186.224747 2.301223
9.910151 186.853745 1.941553
9.896004 186.643585 1.828165
0.674497 181.155182 13.775282
0.654405 181.337204 13.769337
0.595421 181.476379 13.884562
0.588689 181.624924 14.078281
0.004485 178.767075 12.877777
0.004349 178.604263 13.284563
0.391711 178.630615 13.295642
0.804591 178.691605 13.232553
1.209264 178.679489 12.912078
1.570757 178.592163 12.511139
1.980757 178.511246 12.137538
2.265681 178.498627 11.908427
2.414060 178.495911 11.817858
2.431921 178.547516 11.829065
2.328681 178.580658 11.907410
2.163741 178.567749 12.049656
1.930910 178.557556 12.226150
1.586035 178.597748 12.439468
1.135328 178.656281 12.668086
0.620594 178.779282 12.864939
0.003873 179.036469 13.878037
0.004166 177.200897 12.774692
0.554926 177.238708 12.736966
1.184872 177.288696 12.597158
1.768926 177.494263 12.351174
2.180556 177.772736 12.162408
2.413544 178.088654 12.057472
2.557210 178.373886 12.016213
2.608320 178.584015 12.070577
2.523144 178.701202 12.211143
2.342404 178.745041 12.404731
2.121450 178.776001 12.653264
1.901715 178.852509 12.907219
1.604640 178.985825 13.185014
1.113153 179.133133 13.544270
0.567900 179.137375 13.779918
3.626068 189.898178 12.692570
4.376544 191.579468 12.326399
5.048666 193.313065 11.514356
5.336308 195.059540 10.011215
5.091210 196.856125 7.256093
4.595684 197.901718 -0.705729
5.043770 195.445221 -4.525104
4.991212 191.313110 -6.991856
4.420694 187.085312 -7.461065
91.529083 159.400009 -2.707008
91.733414 159.388794 -2.685181
91.836784 159.539520 -2.540382
91.594284 159.606735 -2.556882
91.268112 159.415527 -2.731945
91.287636 159.653015 -2.560228
91.310661 159.791000 -2.243922
91.332535 159.761688 -1.962890
91.862259 159.654709 -2.260454
91.590752 159.704956 -2.006385
91.796043 159.658768 -2.043787
91.619446 159.734161 -2.257406
91.733444 159.305618 -2.613569
91.834000 159.419052 -2.470500
91.542885 159.299255 -2.626657
91.650124 159.410721 -2.457874
91.855362 159.518478 -2.228499
91.675713 159.515488 -2.207226
91.326630 159.295517 -2.718679
91.593620 159.387299 -2.515649
91.642090 159.526657 -2.177587
91.422371 159.651245 -1.903132
91.601028 159.574112 -1.994605
91.787346 159.548431 -2.037853
90.884766 160.389893 2.556401
91.268692 160.293930 2.562876
91.582939 160.342728 2.616926
91.193436 160.558228 2.851902
90.814201 160.615433 2.836297
91.203506 160.601181 3.233779
90.824142 160.658569 3.250487
91.612000 160.570419 3.217678
91.610695 160.442032 3.488283
91.286766 160.423233 3.555792
91.595863 160.532898 2.859521
92.080406 160.311874 2.666009
92.196022 160.425034 2.866889
92.112732 160.378418 3.430394
92.216896 160.453476 3.200341
90.914268 160.511627 3.553491
91.665741 160.196884 2.604467
91.941246 160.235336 2.885670
91.944115 160.284851 3.269335
91.671364 160.315811 3.529583
92.186317 160.262589 2.908873
92.076675 160.192703 2.722798
92.202377 160.282166 3.186859
92.101761 160.243744 3.391853
91.857155 160.328003 2.642513
91.871071 160.188126 2.704152
91.977371 160.249481 2.919198
91.991486 160.273193 3.196536
91.894279 160.251709 3.419942
91.892189 160.406998 3.459578
91.949471 160.526154 3.208997
91.926643 160.494049 2.860096
82.574921 156.882919 7.557734
82.291580 156.570374 7.671472
82.105736 156.107864 7.643505
83.686348 156.207382 7.830550
83.642059 155.899765 7.996672
83.462540 155.521378 7.980958
83.259499 155.314941 7.780185
82.109154 155.707260 7.475003
82.725159 155.493484 7.660655
82.796837 155.817673 7.861045
82.992577 156.246536 7.885506
83.193161 156.545456 7.723406
82.965340 156.729797 7.602163
82.644455 156.418365 7.763095
82.451385 155.966660 7.736858
82.470284 155.539001 7.520170
83.458298 156.376541 7.762479
83.327461 156.076157 7.976953
83.132080 155.665146 7.954203
82.999687 155.397415 7.703109
82.860619 155.406158 7.569088
83.214790 155.663208 7.720843
83.407829 156.110474 7.733649
83.332222 156.526657 7.625127
83.508179 156.276337 7.527713
83.454590 155.971008 7.568682
83.690437 155.838669 7.694921
83.714386 156.121460 7.620693
83.321907 155.692505 7.550377
83.133644 155.465164 7.470623
83.361099 155.379333 7.570652
83.555138 155.556824 7.674953
83.553314 156.633484 7.432180
82.478691 157.219284 7.255061
82.718269 157.291245 6.513488
83.656906 156.653625 7.038089
83.776260 156.104584 7.524827
83.568123 155.453720 7.483373
83.020927 155.164902 7.290597
81.954231 156.768799 7.546986
81.694092 156.147842 7.488211
81.793648 155.555161 7.064597
81.052315 155.803436 6.756401
81.135521 156.281464 7.333185
81.275536 155.823959 5.991984
82.008980 155.513657 6.296448
83.139984 155.239258 6.841768
83.522194 155.595612 6.824878
83.745338 156.203964 6.902551
82.394951 156.039703 5.878623
82.694458 156.774109 5.949619
82.039742 157.675171 6.315433
81.984634 157.130432 5.642346
81.176331 158.101624 6.316438
81.214211 157.496964 5.396031
81.281525 157.881226 7.042553
81.865463 157.589432 7.093918
81.660324 156.370972 5.551935
81.903709 160.458466 4.071625
80.813278 160.382401 4.108037
80.411606 161.312271 3.774410
81.682312 161.271606 3.726369
79.213074 161.401062 3.754130
79.090759 162.006180 2.895770
80.299339 161.895996 3.035771
77.819740 161.538452 3.674944
77.817070 162.147720 2.336185
79.413376 162.175568 2.317922
80.372589 162.071472 2.304871
81.647728 161.738754 2.995392
81.716309 161.756256 2.248504
83.278069 160.961609 2.162828
83.163399 161.414337 2.851044
81.716263 161.797729 1.634100
83.325012 161.036377 1.619825
83.129601 161.198578 3.602347
83.206642 160.521561 4.002930
84.671013 161.139084 3.499096
83.498886 159.696518 2.235354
84.971230 159.794968 2.291896
83.537254 159.255234 2.852125
83.484955 159.326035 3.451982
83.570381 159.768661 1.688514
83.233406 161.561111 0.951872
81.662636 161.933487 0.955012
80.297455 162.125809 1.655959
79.039406 162.241592 1.776285
80.251862 162.156845 0.933560
80.290085 162.069611 0.264514
81.638527 161.840851 0.238663
78.960526 162.259857 0.860834
79.301086 162.185165 0.300096
77.562332 162.219070 0.486270
75.436707 162.315948 0.772441
79.812279 160.399353 4.205765
78.967995 160.382217 4.372076
81.357132 159.403900 3.791807
80.321526 159.405945 3.959021
79.216080 159.206161 4.445902
78.479202 160.139984 4.775837
79.614540 159.347870 4.174917
79.226143 158.412216 3.774822
79.634689 158.614014 3.455167
80.428978 158.763184 3.171966
82.223511 159.658279 3.910187
84.882904 159.882523 3.905046
83.357819 159.792191 3.899456
84.948799 159.391876 3.446759
84.980835 159.344360 2.826815
84.718689 160.560822 3.959532
80.283409 158.485901 5.669549
79.168526 159.003998 5.399813
79.566071 158.135956 4.494312
80.031311 157.077652 4.772972
80.382324 157.839264 4.913075
79.511475 156.612366 5.172619
79.088333 156.628021 5.916872
80.204987 156.230972 6.603098
80.892746 156.736588 5.261793
80.482613 156.225266 5.705948
80.591766 158.179138 6.808322
79.880219 158.502014 6.435382
79.855927 156.756210 6.964395
79.043076 157.082275 6.568148
80.078476 157.559647 7.156943
79.344772 157.877945 6.831344
80.914009 157.203186 7.412368
80.566124 156.463898 7.228143
81.445831 156.991074 7.453213
79.127296 157.358368 4.241379
78.302559 156.956314 4.544468
75.079643 157.537369 3.098122
73.540192 157.824066 2.640862
73.232765 158.238663 3.541262
74.648148 157.841614 4.098968
76.110756 157.409164 4.638978
76.991951 157.259460 3.645052
77.060478 157.557526 2.527891
75.276520 157.586014 2.079349
75.400879 157.748047 1.072155
77.539978 157.915405 1.447070
78.960159 158.155670 2.536845
78.475227 157.828995 3.094926
78.428917 159.173264 5.996356
78.184669 159.867508 5.216425
79.083740 159.096893 4.773991
79.189430 158.261780 4.100399
78.482239 157.565079 3.688461
77.475685 157.132004 5.478250
75.714890 158.141174 5.475696
77.245911 157.632950 6.089825
77.610771 158.552841 6.403676
76.028847 159.196106 5.865016
75.157532 159.988434 5.313019
74.492203 158.730621 5.006165
72.974190 159.306656 4.367570
78.707512 161.865326 -0.982880
77.193108 161.816223 -1.230495
78.412430 161.520218 -1.845753
78.954834 161.675110 -1.478408
78.868134 162.087021 -0.163246
80.166405 161.888657 -0.339086
80.036903 161.708923 -0.966790
81.586510 161.544922 -0.384791
83.191780 161.480377 0.211372
83.173454 160.840210 -0.343305
84.797081 161.255310 0.142022
84.836563 161.326279 0.876012
86.073158 161.130539 0.070569
86.101288 161.202347 0.805930
84.948082 160.803909 1.429881
86.257126 160.727203 1.343235
86.186783 160.568954 -0.347147
87.276184 160.470932 -0.326951
87.400368 160.985321 0.069912
87.409889 161.053772 0.756929
84.844193 160.652542 -0.301212
85.035866 159.854736 -0.161924
85.143494 159.991333 1.454536
85.190384 159.472046 1.011738
83.391052 159.600937 -0.099283
83.632454 159.241562 0.535976
83.102058 159.454117 -0.612114
82.913628 160.678284 -0.857669
81.433105 161.382904 -0.949603
81.205994 161.326340 -1.573393
82.618271 160.995956 -1.564889
79.918381 161.543015 -1.538495
79.625465 161.302689 -2.055496
78.127083 161.150787 -2.497859
79.405373 160.978561 -2.555311
76.612915 161.095688 -2.616992
77.671394 160.643539 -3.203762
78.294083 160.871521 -2.902235
77.167778 159.947525 -3.677959
75.789680 160.158813 -3.443340
78.872078 160.416855 -3.439887
78.533806 159.798843 -3.858165
74.645905 161.317673 -2.397838
75.049286 162.007141 -0.988827
72.940895 161.475052 -2.363606
73.155556 162.188980 -0.902563
73.373573 162.416428 0.914809
74.217705 160.281021 -3.270661
72.718529 160.268478 -3.107965
79.248558 160.715027 -2.985153
80.770432 160.660706 -2.641062
80.537010 160.430389 -3.047144
80.958359 161.063538 -2.172385
82.233223 160.029526 -2.626320
82.382439 160.743866 -2.236064
81.811256 159.828857 -2.967183
71.581543 159.896011 3.500413
69.544678 159.640854 2.889907
72.121292 158.646744 2.947897
71.164268 158.670517 2.525760
72.329170 158.155441 2.257260
80.089256 158.422531 2.157999
79.413544 158.228989 1.069661
74.059990 159.052582 -3.448679
75.547020 159.021713 -3.631228
80.052856 158.260803 -3.734304
81.145973 158.295914 -3.919100
80.979210 158.881058 -4.236816
79.796143 158.917984 -4.093671
74.572601 157.645508 -1.903024
76.130379 157.751724 -2.049674
75.735886 158.088562 -3.049281
74.220642 158.034958 -2.901595
71.468475 158.826065 -2.767662
72.821800 158.129562 -2.695563
72.694000 159.059006 -3.166227
73.173958 157.667267 -1.731818
76.567642 157.813766 -0.993652
74.933823 157.699066 -0.903640
81.749207 158.207230 -2.942362
82.004883 158.737808 -2.609043
82.466896 158.906738 -2.259653
82.807747 158.683563 -1.626571
73.727737 157.775848 0.807650
72.247063 158.046036 0.565773
72.177689 158.084366 1.437663
73.656387 157.748337 1.720742
86.500916 159.103607 -3.781971
87.145531 159.000122 -3.889570
86.923782 158.625793 -3.599166
86.059212 158.845612 -3.508539
86.526138 159.189087 -4.275658
84.948952 159.262756 -3.493818
84.887939 159.415695 -4.051983
84.701675 158.515823 -4.605963
84.776237 159.070511 -4.527297
86.309959 158.417084 -4.747859
85.862778 158.135208 -4.518330
86.779533 158.025848 -4.495662
86.986923 158.395615 -4.770905
85.833580 158.020157 -3.981176
86.746826 157.967072 -4.063024
87.421448 157.956680 -4.143933
87.406837 157.978851 -4.515166
86.798683 158.201874 -3.711987
85.902222 158.280914 -3.610060
84.845764 158.296295 -3.433190
84.931015 158.813171 -3.261845
87.505951 158.236832 -4.763700
87.659950 158.518433 -4.815696
87.901787 158.211746 -4.704446
87.952896 158.447144 -4.778009
87.336800 158.845596 -4.699402
87.338432 158.594177 -4.798646
88.186134 158.541702 -4.611685
88.166458 158.302383 -4.482180
87.906921 158.053162 -4.269367
87.790474 158.011139 -4.530233
86.945015 158.844711 -4.688592
86.441345 158.890961 -4.679391
87.014618 159.095215 -4.338247
87.388351 159.038483 -4.446518
87.460449 159.056213 -4.170702
83.986824 159.191833 -4.445503
83.852119 158.628632 -4.537697
83.069702 159.707443 -3.772963
84.120804 159.541763 -3.934436
84.145149 159.376389 -3.343786
83.341949 159.483688 -3.199085
83.802635 159.025131 -3.071552
82.610596 159.567780 -3.070481
82.309883 159.825272 -3.678530
82.968918 158.754166 -4.453247
82.903313 159.373138 -4.322234
82.083069 159.482529 -4.232723
82.065323 158.821503 -4.349793
83.475304 158.318802 -4.293858
82.284698 158.284210 -4.067200
84.693802 158.118744 -4.333220
83.643318 158.109161 -3.714947
84.758041 158.030701 -3.835012
87.647362 158.871170 -3.861691
87.520103 158.535965 -3.674137
88.018539 158.748077 -3.946391
87.888092 158.508484 -3.779095
88.218979 158.521286 -4.164272
88.059738 158.908295 -4.204668
88.233643 158.727371 -4.371105
87.776024 159.009811 -4.194916
87.949364 158.260254 -3.947442
87.463898 158.175339 -3.805776
90.623146 160.329987 3.748511
91.183464 160.155853 3.766286
91.180145 159.741196 3.736986
90.620323 159.757507 3.785377
90.578415 160.126205 2.425191
91.190659 159.923676 2.426252
91.686058 159.873291 2.550553
91.587524 159.576401 2.690596
91.190643 159.514389 2.606485
91.986237 159.906891 2.915554
91.695435 159.558548 3.012352
91.684639 159.631744 3.413473
91.970299 159.988220 3.386665
91.634605 160.080307 3.675036
91.544273 159.781021 3.672538
91.241043 159.458603 3.433841
91.241417 159.376617 3.007774
90.566971 159.533630 2.546179
89.887177 160.142197 2.391013
89.794395 159.583298 2.512657
90.412407 160.617538 2.775036
89.914230 160.670059 2.741268
90.612000 159.293747 2.984659
89.795731 159.303482 2.986612
90.637268 159.381363 3.458191
89.834694 159.398315 3.493001
90.429581 160.688095 3.318577
89.940262 160.753769 3.356743
89.505196 160.819031 3.372524
89.478859 160.726196 2.725817
88.697350 160.888794 3.384379
88.681976 160.796432 2.734456
89.350883 160.205063 2.362737
88.973892 159.784439 2.420251
88.926033 159.356903 2.971701
88.710236 160.270798 2.350616
88.044350 160.849609 2.731323
88.019447 160.308624 2.337262
89.416504 160.443176 3.846494
88.754745 160.506561 3.861998
89.961121 160.365189 3.813610
89.881294 159.817825 3.839564
89.037308 160.035721 3.910805
88.953903 159.456329 3.530627
88.022285 160.524826 3.880672
88.041679 160.936462 3.389485
87.958054 159.935242 3.931329
90.103844 159.763336 1.214353
90.281792 160.303497 1.158758
91.057617 160.221649 1.118082
90.863441 159.638733 1.196186
89.236938 160.017105 1.264444
90.008011 159.357742 0.858145
89.126091 159.450256 0.876622
88.940018 160.498169 1.215933
89.673965 160.408798 1.192582
88.105553 159.974304 1.290172
88.155739 160.549362 1.239189
88.860138 160.883331 0.730859
88.157959 160.961472 0.743905
87.312439 160.634766 1.276415
86.795990 160.179733 1.367369
88.064018 159.478882 0.906126
88.042358 159.406204 0.331559
86.766754 159.535950 0.941658
86.738144 159.476929 0.325807
88.138069 160.887436 0.090599
88.823586 160.804428 0.092467
89.784203 160.778549 0.706817
89.751411 160.687866 0.062896
88.102432 160.369415 -0.289133
88.852219 160.302094 -0.277243
88.044060 159.791168 -0.184075
89.153053 159.805984 -0.204290
89.099312 159.368179 0.331014
90.026611 159.546722 -0.098609
89.978004 159.273117 0.360462
90.205376 160.068008 -0.239719
89.590843 160.186249 -0.280945
90.764137 159.436462 -0.058203
90.968353 159.987122 -0.184186
91.407349 159.348602 -0.029969
91.584366 159.735886 -0.167403
91.873512 160.048264 -0.034219
91.456902 160.185303 -0.060900
90.905510 160.486618 0.115261
90.289688 160.584747 0.075123
91.435287 160.431107 0.189269
91.868195 159.357254 0.023318
92.081642 159.632309 -0.056198
91.406647 159.154663 0.354081
91.999535 159.269165 0.323084
90.719391 159.186218 0.368493
90.762184 159.263199 0.849432
90.319916 160.682175 0.685973
90.937256 160.583359 0.651188
91.450691 160.507004 0.584868
91.499733 160.368713 0.907497
91.911781 160.222351 0.918468
91.697479 159.962982 1.162871
92.266449 160.078430 0.894171
92.200188 159.803070 1.052571
92.516212 159.999054 0.628492
92.484703 159.651123 0.708712
92.425400 159.585327 0.250218
92.491188 159.932861 0.259814
91.999649 159.487366 1.051466
91.532791 159.517914 1.152292
92.057114 159.324631 0.742053
91.462105 159.220032 0.806761
89.533272 159.281479 -1.423142
89.686783 159.822342 -1.518064
90.400490 159.734802 -1.591139
90.272705 159.183670 -1.481997
89.443748 158.846954 -1.741633
88.532379 158.922195 -1.682082
88.665703 159.523148 -1.350431
88.494164 158.769608 -2.173851
89.411583 158.699631 -2.200064
89.438042 158.888077 -2.655291
88.544075 159.087402 -2.706952
90.158028 158.647720 -2.231813
90.167793 158.811493 -2.663537
90.195320 158.796692 -1.788499
90.911415 159.128906 -1.574584
90.863609 158.819931 -1.864056
91.005814 159.545227 -1.590873
91.455170 159.429184 -1.753937
91.330399 159.138336 -1.713434
91.087456 159.769547 -1.861738
91.673264 159.267120 -2.089293
91.385376 158.955536 -1.975965
90.728783 159.860107 -1.851069
90.649513 159.918274 -2.190228
90.818253 158.679535 -2.266253
91.324753 158.828476 -2.337528
90.785767 158.774399 -2.641511
91.187630 158.828842 -2.604364
89.570145 159.354752 -2.863352
88.975204 159.438538 -2.857718
90.279213 159.302856 -2.858291
91.000549 159.379868 -2.762721
90.637489 159.497894 -2.776124
90.856087 159.092529 -2.834492
91.290810 159.056412 -2.733082
91.595657 159.119293 -2.481091
90.610115 159.767197 -2.563728
90.194275 159.806046 -2.608427
89.639435 159.891052 -2.632733
89.691925 160.108505 -2.058720
90.244133 159.996460 -2.099539
89.125092 159.973877 -2.626702
88.213913 159.529633 -2.821606
87.280258 159.053925 -2.606639
87.330833 159.578140 -2.790094
87.337730 158.936646 -1.581471
87.288445 158.790695 -2.098601
85.831444 158.865021 -1.994759
85.774307 159.241196 -2.605543
86.346123 159.651871 -2.773682
88.186813 160.082840 -2.551325
89.184433 160.198578 -2.032442
88.256462 160.290512 -1.942967
87.386917 160.166016 -2.505290
87.461105 160.364014 -1.856478
89.103531 159.923355 -1.481660
88.361153 159.991013 -1.412726
87.423164 159.446945 -1.223732
87.491417 160.019699 -1.306052
85.995354 159.661087 -1.051831
86.539253 160.098206 -1.192788
85.430954 160.198441 -1.089119
85.908165 159.013321 -1.440157
85.193695 160.595322 -1.659738
86.590240 160.457703 -1.772366
83.691505 159.302002 1.148899
86.081001 160.608627 3.938709
86.619186 160.097244 3.952177
85.966133 161.108673 3.437931
87.303246 161.006882 3.399105
87.180840 160.582520 3.900082
87.322510 160.925919 2.713179
85.987411 161.069244 2.691820
86.132538 160.501190 2.243085
87.218979 160.396866 2.296999
84.804077 160.617020 2.223284
84.706963 161.184250 2.744281
86.664589 159.942551 2.312634
86.604721 159.409744 2.878156
87.948288 159.726822 2.428743
87.916008 159.355026 2.947223
86.588379 159.464813 3.493902
76.511826 159.883728 5.673337
84.237701 160.343155 -0.998245
84.409035 159.554413 -0.879599
84.026131 160.745605 -1.600173
83.858047 160.532455 -2.295997
83.833290 159.867935 -2.628790
85.070816 160.392487 -2.378022
86.504486 160.259552 -2.473468
85.157478 159.753113 -2.710652
84.054565 159.143082 -2.403852
84.218208 158.845032 -1.828483
84.341255 158.994080 -1.258908
82.995720 158.865875 -1.061413
85.147652 159.421829 0.391223
81.447571 158.069275 -3.426775
82.514404 158.097137 -3.553905
82.710831 158.311310 -3.076478
82.806297 158.868973 -2.823931
81.064674 159.590607 -4.139276
79.873978 159.697296 -4.021523
80.184616 160.236267 -3.573985
81.376511 160.003662 -3.619210
92.220192 159.920563 0.018155
86.729614 160.017914 -0.269092
83.763855 158.366165 -3.269004
87.921227 159.433258 3.535379
81.810280 158.324265 -1.377799
81.119362 158.145401 -1.183948
81.292000 158.247559 -0.813586
82.010834 158.482697 -0.894291
80.742165 158.273788 -0.376687
82.034477 158.710754 -0.390781
80.249580 158.041748 -1.389013
81.382072 158.258102 -1.856701
82.302017 158.863068 0.247518
81.207428 158.502686 0.745788
81.986359 158.671600 0.950485
82.629753 158.883743 0.753065
82.084366 158.727371 1.346855
82.714958 158.948517 1.279100
81.516495 158.669693 1.811678
82.565132 159.058441 1.834295
82.533325 159.088577 2.495930
81.572281 158.887939 2.924641
82.030251 158.939194 3.185567
82.604759 159.048950 3.015946
81.950401 159.105896 3.544441
82.511726 159.214432 3.514488
80.982834 158.128708 -2.404723
79.607834 157.917023 -2.425842
80.829247 157.973160 -2.855458
80.085831 157.859741 -2.814648
80.508430 157.982986 -3.312061
79.838493 157.911499 -3.171625
78.994698 158.133591 -3.340769
78.352402 157.930908 -1.158256
78.858688 158.097076 -0.083890
77.003296 157.939636 0.102401
75.220932 157.808929 0.053831
72.530357 157.966721 -0.110939
73.725327 157.803986 -0.029362
72.419342 157.816040 -0.753173
73.542519 157.705826 -0.827369
71.855659 157.918442 -1.604433
69.069031 158.850815 -2.616127
69.822449 157.941650 -1.212108
69.972000 158.067383 0.117148
69.893501 158.449341 1.518377
71.519569 157.946701 -0.222103
71.457115 157.865158 -0.634192
71.188850 160.154404 -2.963137
68.876282 160.270920 -2.864511
77.812805 157.858337 -2.207263
77.320923 158.142700 -3.173269
78.495949 158.920319 -3.896348
77.032173 158.965942 -3.757686
76.055870 162.106781 2.807274
71.285606 161.532211 -2.418864
71.300072 162.281006 -0.871475
71.307938 162.429138 1.006351
73.721222 162.089828 3.034657
73.393204 160.975449 4.443136
76.901466 160.509201 5.181274
74.660309 161.792419 3.930112
75.854973 161.591110 4.106215
68.941986 162.293549 -0.800473
68.968071 161.641571 -2.289455
68.935196 162.402618 0.965878
71.541817 161.745346 3.162184
69.060524 161.563156 2.673180
71.318909 158.407410 2.110579
74.520523 161.329407 4.474953
75.580818 160.943558 4.855437
77.264038 161.030289 4.548469
83.108047 156.980209 7.293428
83.288521 156.948242 6.768589
83.307877 156.454712 6.368277
83.048111 155.782181 6.297422
82.667137 155.302399 6.573275
82.435837 155.260757 7.128564
80.219131 156.596405 7.138889
80.502495 157.373413 7.333384
80.938210 158.028564 6.968153
86.695381 160.606110 3.917874
86.710548 161.067688 3.411864
86.732597 160.996384 2.692569
86.742744 160.443024 2.269599
89.110764 160.480087 3.854046
89.134521 160.860199 3.380083
89.110832 160.764404 2.728067
89.052246 160.239395 2.356985
86.839066 160.678406 1.303792
86.825989 161.128067 0.772053
86.812302 161.058670 0.052951
86.795425 160.517426 -0.348697
89.332840 160.459824 1.204811
89.347878 160.839264 0.717831
89.309593 160.755402 0.073818
89.239220 160.250351 -0.281377
86.010048 160.134155 -1.136831
85.923332 160.521118 -1.712726
85.822205 160.320541 -2.437384
85.786339 159.688354 -2.751445
88.633270 159.486008 -2.840388
88.699944 160.029526 -2.595926
88.765839 160.247910 -1.998693
88.772102 159.962616 -1.459367
83.734077 159.432556 -3.269509
83.588898 159.629044 -3.852896
83.439705 159.282227 -4.386405
83.410515 158.690704 -4.497229
85.536736 158.454224 -4.690185
85.539200 158.974686 -4.610071
85.633804 159.315552 -4.165530
85.747894 159.202225 -3.653431
85.948853 158.429153 -4.726674
86.029968 158.928619 -4.659541
86.119987 159.255661 -4.232461
86.149193 159.158859 -3.727103
92.632912 159.954758 0.080851
92.658318 160.083984 0.795942
92.775497 160.125793 0.581224
92.771095 160.069626 0.264452
91.888512 160.325455 0.218358
91.897118 160.393997 0.579681
92.201523 160.057846 0.022076
92.265419 160.249893 0.233394
92.271889 160.314651 0.569529
92.230835 160.216049 0.841332
92.440453 160.001480 0.051455
92.552017 160.166748 0.243990
92.557755 160.227951 0.574058
92.470329 160.146606 0.818423
92.609436 159.860977 0.147512
92.422943 159.886642 0.125192
92.547203 159.956665 0.319588
92.735832 159.937408 0.319575
92.552528 160.003586 0.584428
92.737953 159.982330 0.583166
92.630020 159.970688 0.771789
92.449608 160.009613 0.797185
90.967445 159.691055 -2.557766
90.997574 159.838730 -2.215225
88.257652 158.551498 -4.817070
88.336906 158.703354 -4.757156
88.369385 158.852676 -4.578900
88.340988 158.901398 -4.406479
87.649368 158.806015 -4.730020
87.693848 158.995026 -4.498510
87.994843 159.002487 -4.311954
87.952728 158.969193 -4.552435
87.914726 158.790833 -4.763816
87.894623 158.561707 -4.835816
88.100594 158.556046 -4.826315
88.149261 158.759979 -4.778717
88.183914 158.927109 -4.581739
88.190353 158.950211 -4.366991
88.350723 158.607437 -4.650008
88.268097 158.495651 -4.726474
88.128265 158.479111 -4.719881
88.230515 158.583466 -4.603105
88.378220 158.731705 -4.500628
88.261665 158.716995 -4.440417
88.341759 158.804382 -4.363209
88.209839 158.831787 -4.304449
0.003498 179.402023 14.036418
0.452415 179.542358 14.018729
1.055313 179.544067 13.794318
1.577761 179.369095 13.402493
1.898064 179.160858 13.060766
2.133516 178.997803 12.781358
2.388471 178.911514 12.495802
2.627772 178.789688 12.225446
2.757548 178.569641 12.009775
2.746619 178.260849 11.850832
2.642121 177.868347 11.771067
2.417740 177.448578 11.796147
2.021150 177.072540 11.945191
1.463768 176.752350 12.176041
0.813315 176.548615 12.449783
0.004423 176.497467 12.577971
1.794543 185.638596 11.980982
1.756772 185.306351 12.015518
1.940554 185.131760 11.998091
2.257441 185.085861 12.012793
2.673470 185.077454 12.086077
3.331893 185.020844 12.120703
4.049830 184.899673 11.952802
4.666536 184.910263 11.656867
5.208776 185.067505 11.244892
5.645021 185.429108 10.810366
5.890042 185.847672 10.529596
5.935586 186.107971 10.613995
5.655335 186.416153 10.984849
5.204140 186.656967 11.403209
4.693600 186.785995 11.808050
4.066658 186.803284 12.150501
3.361965 186.746994 12.290939
2.714531 186.552063 12.215290
2.270812 186.295715 12.096322
2.008237 186.002518 11.996460
-2.754653 188.318085 12.936424
-1.579917 188.819000 13.151739
-0.857579 189.237885 13.262007
-1.176783 190.649902 13.166951
-0.552002 188.220871 13.314927
-0.427135 187.428696 13.379820
-0.829783 187.251541 13.337423
-1.059595 187.951996 13.250674
-0.713160 186.592422 13.289937
-0.391971 186.710648 13.358143
-1.475917 192.223267 12.918715
-2.929453 191.976837 12.749371
-2.324787 190.294312 13.015657
-1.845836 193.997299 12.285535
-3.497103 193.775742 12.068933
-1.620798 187.536713 13.209725
-3.166854 187.465683 12.898273
-2.129921 187.103729 12.963702
-2.499851 186.785324 12.511216
-1.543785 186.726944 12.881971
-1.936623 186.505615 12.432580
-1.583942 186.173782 12.364614
-1.365318 185.690857 12.318990
-1.206626 186.297134 12.810172
-0.973363 186.437958 13.114709
-1.210002 186.986862 13.211910
-1.059015 185.689316 12.721041
-3.294931 187.014572 12.513916
-2.864391 186.348190 12.094631
-3.412369 186.557755 12.112428
-2.449544 186.085709 12.028593
-2.213507 185.822464 11.932521
-2.046165 185.560211 11.859000
-4.156262 187.078873 12.332370
-4.290393 187.671173 12.522960
-5.282181 187.690140 11.903255
-6.353106 187.147110 10.599354
-5.972120 187.585632 11.206965
-6.183871 186.309540 10.445424
-5.993229 186.674637 10.873556
-5.565891 186.961136 11.402766
-4.918832 187.075546 11.911419
-5.607323 188.323257 11.588927
-6.279725 188.231796 10.692471
-5.990513 189.261063 11.065610
-4.982265 189.400711 12.094069
-6.666800 187.614716 9.980447
-7.014704 188.059814 9.097342
-4.463557 188.398941 12.412281
-5.636743 191.087616 11.501488
-6.235537 192.573715 10.492373
-6.485861 190.475449 10.269724
-6.951128 191.626144 9.180964
-7.018709 189.649979 9.020939
-6.629864 188.896042 9.953749
-7.400685 188.624359 8.086115
-7.392021 190.601364 7.913878
-7.312781 192.770782 7.855240
-7.726692 191.779053 6.800786
-7.773892 189.436188 6.981957
-8.146901 190.614319 5.781359
-7.656972 193.488495 6.094566
-6.551325 193.970734 9.018589
-6.551259 195.252014 7.256402
-2.181124 195.924744 11.032138
-3.760985 195.631912 10.751866
-1.043189 182.744781 14.044196
-0.748531 183.103668 14.375074
-0.789385 183.656769 13.960185
-0.419529 183.295624 14.580826
-1.108688 183.344406 13.679866
-0.747355 184.310104 13.585271
-0.436424 184.499603 13.757099
-0.449702 183.870682 14.163653
-1.095547 184.026566 13.362779
-1.006165 184.787552 13.036965
-0.663098 185.035141 13.326796
-1.567148 184.280579 12.823157
-1.190019 185.051758 12.636327
-1.644026 184.690277 12.499902
-0.375805 185.195663 13.457104
-1.588200 183.693192 13.131823
-2.230642 183.384079 12.898398
-1.512376 182.994598 13.370746
-1.340173 182.473969 13.547905
-1.357405 182.194153 13.723743
-1.178885 182.330780 14.099808
-1.432167 181.858856 13.877483
-1.296270 181.992828 14.201731
-1.361603 181.541183 13.986897
-1.278934 181.669952 14.277890
-1.179200 181.330307 14.076663
-1.312023 181.319183 13.684953
-1.105032 181.169540 13.798937
-0.908700 181.193619 13.838526
-0.955309 181.297699 14.072307
-0.855017 181.510330 13.982231
-1.130351 181.421173 14.316149
-0.875047 181.342651 14.283857
-0.776142 181.546219 14.234980
-0.982946 181.441879 14.529150
-0.768401 181.338516 14.428068
-1.097208 181.704468 14.564459
-1.091838 181.996384 14.525476
-0.994662 182.275375 14.481882
-1.686562 182.007278 13.274712
-1.424488 181.931671 13.517283
-0.392993 182.826416 14.972678
-0.680674 182.706589 14.773353
-0.640847 182.392242 15.069708
-0.379142 182.474701 15.275614
-0.791751 182.282303 14.856586
-0.863416 182.520248 14.558342
-0.884899 182.177505 14.721101
-0.761790 181.996872 15.004824
-0.614329 182.064133 15.234815
-0.901014 181.963593 14.782336
-0.887929 181.682175 14.798296
-0.714292 181.687836 15.023195
-0.559860 181.709808 15.241931
-0.334563 181.740524 15.428049
-0.369583 182.138626 15.443004
-0.273516 181.393707 15.221340
-0.473006 181.411362 15.088598
-0.629969 181.416321 14.906503
-0.800691 181.418106 14.707353
-0.642860 181.292786 14.530858
-0.521289 181.229935 14.658617
-0.398697 181.183640 14.799352
-0.382908 180.723801 13.924133
-0.661800 180.149124 13.868114
-0.322314 180.110886 13.935118
-0.185909 180.593018 13.962636
-0.903441 179.788818 13.879428
-0.389936 179.762863 14.051600
-1.089614 178.734970 13.205630
-0.553860 178.833923 13.444897
-0.580404 178.758820 13.085452
-1.089301 178.628250 12.880289
-1.218852 178.865982 12.583246
-0.664702 178.946350 12.724080
-0.292801 180.937363 14.157408
-0.159800 180.825607 14.179149
-0.353365 181.142487 14.158777
-0.403993 181.001648 13.964275
-0.340211 181.053223 14.442573
-0.411535 181.259613 14.396395
-0.199798 180.988327 14.494489
-1.401455 179.676422 13.554739
-1.545144 178.654099 12.901184
-1.854942 178.631561 12.670541
-1.768331 179.524475 13.208742
-1.857380 178.551453 12.427884
-1.542665 178.572983 12.630111
-2.001572 178.672806 12.065443
-1.659328 178.733124 12.318269
-2.164814 178.880539 11.716206
-1.797397 179.021317 12.086415
-2.629675 179.382019 10.592664
-2.408823 178.751175 11.423949
-2.925296 178.866669 10.299449
-1.902936 179.827118 11.408776
-2.587686 178.644989 11.151214
-2.230242 178.657333 11.851987
-2.393871 178.619797 11.658297
-1.404696 179.242844 12.372954
-0.807508 179.488434 12.621148
-1.000232 180.539169 11.747806
-2.103352 178.560883 12.238404
-2.295089 178.583023 12.080741
-2.096727 178.629608 12.454084
-2.304577 178.633240 12.255794
-2.078546 179.350876 12.896136
-2.450789 179.192200 12.553277
-1.454537 180.032959 13.447188
-1.065608 180.110672 13.692280
-1.844506 179.933319 13.139343
-1.066049 180.596802 13.612051
-1.431385 180.564255 13.415992
-0.704382 180.694443 13.766118
-0.529536 180.961517 13.870165
-0.553887 181.149551 13.862774
-0.462832 181.234955 13.973101
-0.799139 181.325485 13.764500
-0.773354 181.024612 13.756576
-1.057380 181.005081 13.586743
-1.305011 181.126831 13.431187
-1.821908 180.710129 13.179116
-0.656589 181.512558 14.391438
-0.548486 181.604218 14.363477
-0.538758 181.447922 14.450715
-0.414004 181.407959 14.172688
-0.423785 181.502243 14.338478
-0.221311 181.144226 14.886019
-2.511102 179.912415 12.670266
-3.269595 179.373810 11.982969
-3.603325 178.900055 11.456216
-4.260051 179.409500 10.993382
-5.130771 179.090454 9.559463
-4.363912 178.574371 10.345489
-5.004454 177.838730 8.783722
-4.214408 177.579712 9.850389
-3.671184 178.298721 11.023925
-3.102488 178.223557 11.534552
-3.005415 177.716034 11.342857
-2.502836 178.609390 12.066529
-3.062414 178.641235 11.817763
-2.430607 178.490631 12.108461
-2.842555 178.953888 12.161773
-3.537893 177.575577 10.722884
-4.443175 176.634506 8.321777
-3.793392 176.578430 9.590726
-3.211867 176.788803 10.591232
-5.766526 181.293289 9.971513
-4.838828 181.674072 11.331985
-4.419166 180.783417 11.440814
-4.970835 180.099487 10.492471
-3.556264 181.256775 12.251192
-3.833408 182.003891 12.184887
-5.780515 182.748550 10.520028
-6.561867 182.251038 8.802021
-6.414206 183.354980 9.602543
-5.912449 179.899872 8.689380
-6.592074 180.916672 7.787276
-5.835187 178.501404 7.590925
-5.115864 177.128311 6.519783
-3.461167 175.770096 7.023270
-3.387498 175.616699 8.406056
-3.216611 175.956329 5.697196
-4.589140 177.047531 4.987559
-4.201024 177.005173 3.939403
-3.850843 180.050034 11.705269
-3.114158 180.597198 12.403941
-2.214793 181.105835 12.988667
-2.574861 181.645355 12.891080
-1.533665 181.454910 13.300685
-1.431734 181.615326 13.573634
-5.678359 186.079086 10.611602
-5.666867 185.842331 10.628317
-5.426495 186.270355 11.046090
-5.028689 186.485687 11.463912
-4.575816 186.618378 11.768208
-4.008291 186.656708 11.993176
-6.118465 185.852417 10.314942
-5.854009 185.341034 10.512261
-6.427636 185.871613 9.991446
-6.161435 185.176376 10.148962
-5.425576 184.886932 10.893895
-5.701729 184.607605 10.568959
-6.505382 186.560165 10.162389
-6.833290 186.784332 9.556634
-6.787910 185.852005 9.438147
-4.488278 185.131454 11.783536
-5.004679 185.233780 11.417090
-3.929651 185.157944 12.001366
-5.441827 185.504059 10.965964
-4.878422 184.604584 11.311652
-4.200445 184.561157 11.693040
-3.491942 184.703217 11.954021
-5.144734 184.232895 11.091722
-4.434255 184.127991 11.556190
-0.373242 185.958923 13.333513
-0.657773 185.853729 13.241150
-0.878309 185.733292 13.033982
-1.462699 182.144989 9.316444
-1.985700 185.200455 11.797795
-1.913626 185.326752 11.815355
-1.794915 184.971634 12.209109
-1.442372 185.225235 12.285016
-2.291201 185.255356 11.911608
-2.694606 185.272980 12.050085
-2.219951 184.872131 12.145049
-3.271420 185.252258 12.083926
-2.590328 177.400543 9.025908
-2.080303 177.743011 10.923534
-1.846804 177.459229 9.094829
-1.665157 178.324692 12.088571
-2.116413 178.221771 11.691485
-2.103122 178.511581 12.339606
-2.520621 177.772308 10.755668
-3.081609 177.582962 9.382805
-2.775428 177.875656 10.652435
-2.414515 178.209595 11.476274
-2.323759 178.572800 12.109217
-2.427006 178.609802 12.008629
-2.413124 178.603592 12.009650
-2.452141 178.641068 12.130472
-2.527546 178.490555 11.472363
-2.554097 178.297424 11.401930
-2.253470 178.316681 12.253729
-2.906555 178.114075 10.571721
-3.379971 177.953506 9.330886
-2.818489 178.433014 10.758014
-3.290816 178.422668 9.636909
-3.713559 177.652573 7.422857
-4.091807 178.072052 6.361516
-4.249812 178.598846 6.182594
-4.221406 178.262497 6.923830
-3.975829 179.190903 5.267770
-4.066154 179.965698 5.983284
-4.232870 179.064865 6.595733
-3.604910 178.293533 5.487519
-4.189548 178.670517 7.244845
-3.910211 178.001495 7.937602
-3.134805 177.594666 6.770207
-2.280248 177.697281 6.143049
-2.733206 178.741074 4.448534
-3.849634 178.486725 8.282983
-1.770946 178.426407 12.672820
-1.186761 178.489288 12.481058
-1.519851 177.881119 11.297187
-0.754007 178.660980 12.801914
-1.357415 178.350571 13.009429
-0.893652 178.281815 13.266809
-0.412810 178.242905 13.357736
-0.378019 178.733414 12.928325
-1.048866 177.712341 13.003068
-0.472542 177.699432 13.227517
-1.582076 177.871216 12.693948
-2.334649 176.598099 11.403621
-1.757811 176.116165 11.716132
-1.055990 175.752747 12.214264
-1.006051 178.114899 11.619232
-1.078339 177.587463 9.572595
-0.578701 178.245758 11.768525
-1.989037 178.111847 12.455608
-2.753626 177.148544 11.286623
-1.255280 177.684265 5.512746
-1.592172 178.919952 3.093619
-1.921854 180.660141 3.045839
-1.817919 182.824615 6.946728
-1.942529 182.219101 4.834651
-3.306251 180.043640 4.188756
-3.487513 181.338226 5.392033
-3.797665 180.267044 7.181466
-3.190461 181.726807 7.065704
-3.307646 180.019638 8.692975
-3.650733 179.118332 8.524645
-4.070642 179.234406 7.311819
-2.591599 181.174973 8.928567
-7.683576 185.281876 7.315429
-8.266122 186.391022 5.981103
-8.445560 185.958679 4.892948
-8.590060 185.851929 4.288560
-8.790957 186.518082 3.899730
-8.607548 186.868347 4.026673
-9.163995 186.815582 3.523865
-9.433073 187.058914 3.131152
-9.576871 187.078445 2.948893
-9.425986 186.906326 3.290192
-9.572221 187.135757 2.869001
-9.656815 187.137100 2.720978
-9.616775 187.189255 2.649256
-9.723177 187.153763 2.488893
-9.474596 187.182159 2.852400
-9.633254 187.039063 2.876289
-9.739014 187.097702 2.608251
-9.479861 186.805359 3.247133
-9.089048 186.419022 3.788081
-9.227908 187.090439 3.140771
-9.265518 187.222580 2.684656
-9.529886 187.230682 2.516503
-9.310934 187.193619 2.190973
-9.602507 187.181213 2.148375
-9.361956 186.997849 1.717469
-9.655642 187.010452 1.775970
-9.677070 187.191071 2.384225
-9.745814 187.128815 2.121348
-8.897035 186.905304 3.474565
-8.914098 187.149918 2.848953
-8.559788 188.139633 4.590641
-8.735340 189.140747 2.912352
-8.436147 189.353500 5.070939
-8.677005 190.602203 3.451053
-8.692165 191.850296 1.502107
-8.814381 189.953049 0.589598
-8.429333 192.542297 -1.041825
-8.348239 192.035751 4.439719
-8.254771 193.608139 2.829440
-8.646991 187.486374 2.954027
-8.742248 187.562943 1.768889
-8.935864 187.111237 2.142555
-8.071817 188.117096 6.431368
-8.101487 184.234482 5.720880
-8.191632 184.573196 4.944564
-7.977976 183.352402 4.670122
-8.404189 184.949661 4.348225
-8.196821 184.267471 4.452959
-7.842395 182.303543 4.294374
-7.937707 182.561844 4.025669
-7.871719 182.600769 4.967707
-7.593003 181.802307 5.494048
-7.724178 183.389389 6.414302
-7.148258 180.684891 5.942815
-7.173425 182.135742 7.033777
-7.569903 181.170975 4.143102
-7.383229 180.577682 4.452339
-7.900097 181.833359 3.836061
-7.800598 181.279373 3.733220
-8.079127 181.701981 3.425818
-8.042668 181.209595 3.228334
-8.082000 182.276443 3.577110
-8.282597 182.418854 3.231579
-8.323774 181.982986 3.085410
-7.938885 183.017471 3.961390
-8.087019 182.810730 3.665057
-7.981424 183.228287 4.307372
-7.950544 183.342834 4.135539
-8.260714 182.858124 3.351322
-8.150405 183.288025 3.553283
-7.900487 183.360733 3.947028
-8.312551 181.613541 2.902059
-8.479659 182.242142 2.508112
-8.385495 182.137283 2.332510
-8.217855 181.408356 2.685413
-8.500571 182.481842 2.650458
-7.924967 180.902634 2.934211
-8.486408 182.820038 2.758940
-8.468182 183.206161 2.880444
-7.613537 180.719299 3.210385
-7.112536 180.742920 2.923591
-7.290825 180.631760 3.455912
-7.037884 180.100998 3.567122
-6.746064 180.176102 2.866101
-7.103901 181.342468 2.303425
-6.591418 180.572876 2.131828
-7.464647 180.862686 2.798372
-7.781792 181.001633 2.651877
-8.070652 183.707642 4.403148
-8.231763 184.112442 4.182764
-8.070266 183.744049 4.183560
-8.277598 184.420074 3.976347
-7.971215 183.841232 4.011143
-8.164935 183.958817 3.664823
-8.441381 183.704483 3.040151
-8.756543 185.071411 3.160079
-9.066978 185.815521 3.518927
-9.090117 186.065964 3.781297
-7.645213 187.341415 7.582677
-7.213402 185.685638 8.550210
-7.224247 187.001602 8.636602
-6.906978 184.385269 8.908436
-6.530262 184.893311 9.664355
-6.081291 184.110367 10.179717
-5.464804 183.634308 10.863767
-7.133672 183.481766 7.997792
-7.951565 168.586472 0.677697
-5.823006 170.048798 -0.277016
-5.982046 169.259613 -2.453442
-8.873900 168.444092 -2.121046
-3.123067 172.141525 3.808133
-1.989013 174.184174 4.723169
-0.990144 173.409439 5.290627
-0.894570 174.181198 5.671236
-1.878980 174.847137 5.262296
-3.001167 175.869720 4.631061
-0.918778 174.509460 6.531729
-1.974265 175.034973 6.232273
-2.137819 174.936478 7.498791
-1.014333 174.487427 7.805208
-1.063336 174.337143 9.225587
-2.211042 174.843765 8.816014
-3.043836 175.356216 3.870400
-4.147743 176.402328 2.069466
-3.307937 174.290283 3.213027
-4.102264 176.752136 3.041888
-5.077919 178.090591 2.405367
-2.125569 173.089661 4.549858
-9.552413 185.689850 1.976008
-9.819392 186.566742 2.024293
-9.794107 186.182098 1.733894
-9.895695 186.865906 2.087269
-9.845355 186.985092 2.339687
-9.763476 186.819839 2.369397
-9.707236 186.991974 2.682836
-9.780092 187.047653 2.530522
-9.568345 186.569794 2.627556
-9.551188 186.754822 2.985074
-9.832451 187.056824 2.324801
-9.857635 187.021896 2.110076
-9.769312 187.130173 2.266090
-9.877159 186.784576 1.761041
-9.798936 186.983810 1.850679
-9.817636 186.738281 1.597629
-9.369922 186.656479 1.350109
-9.340629 186.086227 1.087878
-9.660902 186.721390 1.463143
-9.622285 186.226440 1.232568
-9.781904 186.318756 1.404165
-9.214087 185.036453 0.967279
-9.498790 185.227768 1.081047
-8.815633 183.841248 1.280497
-9.061504 183.919891 1.399467
-8.940919 185.786194 0.958033
-8.796621 184.780533 0.944218
-8.559425 185.550644 0.576159
-8.981849 186.422012 1.173335
-8.751258 186.405365 0.534767
-8.341871 184.574844 0.813419
-8.978601 186.845779 1.552124
-8.836849 187.137405 0.881404
-9.848950 186.457367 1.606223
-9.738194 185.752609 1.453586
-9.454565 184.985870 1.737317
-8.815484 184.115814 2.435291
-8.816010 183.568039 2.259949
-8.795979 183.234497 2.118871
-8.738422 183.046356 1.989583
-9.322572 184.393585 1.616215
-9.206701 184.062286 1.521759
-9.658685 185.427536 1.243840
-8.454633 183.750702 1.214154
-7.814540 182.943649 1.483626
-7.934972 184.513351 -0.005638
-8.343456 185.920273 -0.782037
-7.231716 184.474518 -2.193437
-8.706350 187.353897 -1.114588
-8.435973 189.134964 -3.004482
-7.858960 186.521271 -3.042686
-6.377045 186.264557 -5.630359
-4.438517 183.168930 -5.644535
-7.156099 190.387848 -5.541696
-6.051660 182.778137 -2.918977
-3.558787 181.024368 -4.371453
-5.055814 181.014435 -2.689444
-8.856531 188.572266 -0.772036
-7.415196 182.780273 1.167107
-4.336825 179.434464 -2.060993
-5.710782 179.520554 1.043033
-4.898564 178.020523 1.379239
-3.949810 177.869995 -1.333478
-6.462171 181.092529 1.089984
-5.935291 179.356247 2.088542
-7.508176 181.481262 2.409777
-7.947852 182.221573 2.031159
-7.813486 181.478394 2.422644
-8.420732 182.948685 1.690551
-8.204018 182.150162 2.161093
-8.045184 181.436340 2.500225
-8.623039 182.967407 1.842454
-1.610648 175.951660 -2.497673
-1.492292 177.939621 -3.259482
-2.010350 173.669464 -2.172159
-3.072909 170.667511 -2.422517
-3.056106 179.540222 -3.377984
-1.769354 180.362473 -4.789152
-2.879306 177.864670 -2.522682
-2.997136 176.038544 -1.819108
-3.399335 173.982117 -1.249821
-4.176902 171.727280 -0.749537
-4.258512 172.009933 0.944180
-4.021900 174.153976 0.155011
-3.102974 167.437531 -4.319912
-3.888237 176.116623 -0.623967
-2.245713 183.366760 -6.906462
-2.537383 195.963333 -5.199328
-2.479717 191.770447 -7.655126
-2.260252 187.233795 -8.052848
-9.172505 166.459152 -4.625305
-2.085209 182.649063 13.114717
-2.870506 182.321106 12.797832
-3.017299 183.109299 12.601408
-3.927196 182.845612 12.116324
-3.848545 183.629517 11.960421
-4.688907 183.498962 11.478377
-4.885788 182.666382 11.422833
-2.216258 184.019516 12.580345
-2.187597 184.505615 12.335988
-3.001725 183.828461 12.312766
-2.891822 184.400406 12.163460
-3.666670 184.259979 11.917651
-2.763620 184.823669 12.080260
-6.565671 179.534393 6.590545
-6.287228 178.480988 5.316202
-5.753817 178.152054 4.235009
-5.302557 178.130005 3.306683
-6.577187 179.183197 3.752632
-6.172977 179.211319 2.931230
-6.979115 179.587662 4.746702
-1.199592 174.902023 11.695083
-1.142124 174.317841 10.593413
-2.171076 174.943848 9.991328
-2.000300 175.407806 11.021764
-2.682514 176.046448 10.663173
-3.076212 175.701736 9.647304
-7.162726 194.333664 -3.181204
-6.227414 197.040344 0.114888
-7.430758 195.622360 1.881530
-7.511416 195.032913 4.265405
-6.273566 196.352341 5.580471
-6.052874 197.131577 3.816381
-4.738045 198.094925 3.196703
-2.368530 198.461014 -0.899889
-2.469936 198.887833 3.881715
-2.838772 197.571594 8.504047
-6.151069 167.021866 -4.708004
-1.072608 172.344818 5.192750
-2.115638 171.716949 4.719304
-1.058235 171.310074 5.182142
-9.813644 159.467926 -6.729009
-6.440690 159.510315 -6.885526
-3.151042 159.688828 -6.328255
-6.226026 168.122681 2.489777
-4.944505 170.009445 1.536710
-3.053453 168.145462 4.809568
-3.038755 170.285538 4.242306
-1.923916 168.279602 5.430057
-2.022027 170.224609 4.925521
-0.963799 168.415894 5.424303
-0.998054 170.130951 5.156872
-3.439924 185.845627 11.451142
-3.384963 186.446732 11.733805
-2.955747 186.295242 11.715974
-2.630218 186.081039 11.688747
-2.433642 185.866577 11.633792
-2.267054 185.666626 11.565757
-2.119790 185.458496 11.520979
-2.193182 185.356354 11.540257
-2.473671 185.374191 11.625748
-2.864160 185.365860 11.728946
-3.280945 185.344864 11.750042
-3.794872 185.312332 11.717364
-4.244674 185.276459 11.584116
-4.637465 185.351852 11.327805
-4.975287 185.573059 10.986255
-5.161258 185.855453 10.752294
-5.145084 186.000778 10.773372
-4.924583 186.217789 11.026573
-4.635917 186.391968 11.305887
-4.267144 186.497452 11.513845
-3.822923 186.521500 11.670877
-8.130331 182.948868 1.574410
-6.029587 149.065292 16.909735
-6.308187 150.889435 17.985537
-5.755870 147.863983 15.540965
-3.951946 150.019669 16.721647
-4.546697 151.092194 17.421259
-3.825089 146.459946 15.887271
-3.033360 148.575134 15.361659
-2.771974 151.835831 16.330051
-4.047016 152.764359 17.132921
-9.658706 147.428513 13.193410
-10.697345 148.840607 14.924178
-9.254144 145.547379 13.434423
-10.981842 143.614044 9.944852
-9.231284 143.274307 13.093311
-11.208663 146.282654 10.569038
-5.875834 145.892792 15.521387
-11.274454 148.293228 11.494031
-12.541652 149.286133 9.772275
-12.274694 147.039810 8.232728
-12.445103 149.550964 12.983860
-13.465251 150.660416 11.184717
-11.537696 150.986435 16.210409
-3.871564 144.515564 15.862915
-6.456402 137.307785 13.762684
-1.933679 144.991257 15.917270
-6.760090 134.471085 13.540188
-11.532763 129.154831 12.203255
-13.403491 129.372238 8.394356
-13.394904 129.308151 6.195959
-10.439838 132.026459 11.878573
-7.258700 131.698456 13.547369
-9.368361 134.702896 11.584060
-9.048827 137.571136 11.892052
-11.982392 132.204071 8.504315
-11.985484 132.144699 6.545140
-12.390502 125.971863 12.312874
-14.661074 126.210480 8.256173
-14.800132 126.172897 5.845841
-16.253246 122.822052 5.507318
-15.908893 122.802933 8.141656
-17.656643 119.184502 5.272625
-16.157553 122.899597 2.564806
-15.533695 123.076027 -0.629953
-16.996960 119.505188 -1.401654
-17.612885 119.330193 2.106430
-17.123144 119.063377 8.127673
-18.101368 114.934357 8.204870
-18.704250 115.141808 5.110830
-13.730965 118.857574 12.441512
-13.776166 126.201904 0.335053
-14.483108 126.132774 3.159490
-12.519291 126.313515 -2.453622
-7.832423 122.341064 13.634290
-8.293402 118.523781 13.323087
-14.020711 114.749184 12.616148
-13.112395 122.553032 12.348878
-8.194798 114.834785 12.760432
-5.238060 120.821465 13.693679
-2.669627 120.120079 13.778124
-2.399740 112.519836 10.226871
-10.892461 167.296936 2.493719
-11.760564 167.887878 -1.444758
-14.290586 167.183853 2.310984
-14.341635 162.133438 6.637291
-16.299210 162.069916 5.826215
-18.411720 161.938568 5.063689
-16.660896 167.019302 1.988831
-18.870340 166.573334 1.564160
-14.785881 155.834686 8.701787
-14.680973 154.369492 7.567880
-14.207540 152.294662 9.428006
-14.458383 153.703979 10.637060
-13.854338 152.207047 12.311290
-14.555833 152.929138 6.542439
-15.649848 158.782684 6.348768
-17.940731 159.352768 4.614943
-15.371744 156.288315 5.344315
-11.498485 143.780624 7.933132
-24.708841 159.489746 4.195877
-21.282734 159.461075 4.353807
-24.594778 157.555283 3.128785
-21.061016 157.685059 3.212671
-24.712786 161.796310 4.019325
-21.391151 161.864029 4.362293
-24.487654 165.308701 -1.043147
-24.591892 164.980621 1.041306
-21.444073 165.834976 1.242647
-14.874841 151.754700 0.669080
-4.339252 131.222321 -2.641734
-4.139441 134.409210 -1.229802
-8.403872 131.846817 -1.401040
-7.805418 134.650330 -0.094819
-6.066841 134.557907 -0.906233
-6.433740 131.566177 -2.252934
-2.172818 130.829041 -2.548507
-2.105858 134.260925 -1.211988
-9.279458 134.723831 1.194201
-10.011695 131.954712 0.162177
-11.074911 131.975861 2.212343
-10.269752 134.750031 2.972527
-10.718403 134.768112 4.967395
-10.359576 137.686920 5.370775
-9.949070 137.662964 3.511174
-11.690273 132.035873 4.424857
-2.142555 137.652969 -0.309535
-11.386938 143.552673 3.662758
-11.641526 143.678268 5.834696
-10.364700 137.730713 7.189795
-10.163122 137.727707 8.910966
-10.700160 134.863403 8.627543
-10.821741 134.832886 6.863651
-15.059981 151.624939 2.937720
-21.284685 156.816071 -1.519180
-24.528755 156.477249 -1.867876
-24.647900 157.170395 -3.603886
-21.528763 157.353210 -3.127068
-16.394875 156.074600 -0.958662
-18.283426 156.909988 -1.062021
-18.624050 157.245987 -2.559228
-16.422665 156.969025 -2.165925
-24.492197 156.645721 1.466074
-2.691047 76.213608 1.022052
-1.715527 109.592972 4.636980
-1.688019 109.561516 2.247169
-1.458997 110.054039 -0.009810
-2.713756 109.994156 -3.526215
-2.461357 112.051521 -5.981767
-2.981462 108.832382 -1.057791
-2.205025 107.439941 0.863697
-4.529678 88.542664 7.040901
-4.898505 95.169716 8.829821
-5.479969 101.553864 10.583838
-6.429387 106.640869 11.604681
-10.848330 87.351837 10.015604
-11.820675 94.082062 11.471251
-17.551903 94.162598 6.957545
-16.190735 87.675865 5.691476
-13.470958 105.602608 12.763463
-12.736162 100.493248 12.382985
-13.941049 110.297577 12.791977
-7.509244 110.920341 12.314045
-4.180867 81.942108 5.373642
-9.910214 80.791367 8.030087
-4.058789 75.433029 3.670549
-9.142685 74.517555 5.777560
-14.611741 81.214348 4.178645
-13.231349 74.857323 2.564458
-8.146581 0.062325 6.405198
-5.473278 0.101884 7.725717
-3.959478 0.021264 7.617495
-7.813144 0.657594 3.968556
-5.128851 0.661835 4.732065
-3.488139 0.540017 4.523211
-3.556959 2.342777 2.008390
-5.023635 2.210186 2.115380
-5.050358 4.009315 -0.014264
-3.822893 4.272060 0.022732
-1.581630 1.265250 4.378006
-1.799373 0.204833 6.883773
-1.561816 2.953842 5.055709
-1.379939 2.042654 6.704223
-1.809332 3.180429 6.997077
-1.967430 4.100151 5.632304
-1.598140 1.634104 8.469764
-2.002319 0.481640 8.552966
-2.004245 2.757276 8.551727
-2.702664 3.820630 7.359950
-2.734383 4.849988 6.178749
-4.131397 3.549875 7.343800
-4.204452 5.008102 6.063899
-2.220974 5.691983 3.958924
-1.939615 4.558792 3.106370
-2.420810 6.309289 1.193640
-2.644071 7.509922 2.072675
-2.193726 3.232409 2.263053
-2.769826 5.099092 0.399774
-7.408281 3.743058 -0.457376
-7.600016 2.160282 1.665117
-8.308502 5.079545 -2.822703
-8.839927 2.264622 1.189157
-5.051250 5.537852 -2.115030
-3.978089 5.896455 -1.931301
-3.159371 6.795427 -1.440204
-3.252439 8.273555 -3.622809
-3.059102 9.784863 -2.854261
-2.795163 8.072456 -0.710989
-3.478534 7.916093 -6.740026
-3.135748 9.572509 -6.061221
-3.860237 7.092942 -4.216963
-3.250373 11.293723 -5.235329
-2.916592 9.575359 0.097776
-9.122886 0.807570 3.423955
-9.251211 0.058909 5.717608
-10.232626 1.582776 3.238616
-10.208862 0.645962 5.490809
-9.314151 0.201837 7.349747
-9.770555 0.480087 7.266004
-8.525952 0.334686 7.586302
-9.316073 0.017667 9.013232
-9.614265 0.183500 9.156937
-8.629362 0.149126 9.024807
-10.114079 1.750230 5.432474
-9.896374 1.264641 7.395546
-10.233172 2.858336 3.499851
-9.587305 3.761610 3.956287
-9.548319 2.453521 5.648559
-8.559258 4.265072 4.576784
-8.588653 2.793564 6.107356
-7.349627 4.652727 5.211812
-7.316199 3.025723 6.797805
-9.364836 5.491408 2.077023
-8.503424 6.258561 2.948951
-8.578966 8.496888 1.249592
-9.172469 8.990556 -1.723244
-7.450452 6.786997 3.909927
-7.602241 9.216404 2.469216
-9.947671 3.011755 1.069672
-9.968965 4.353633 1.488412
-9.485023 7.221722 -2.320092
-9.467235 5.695649 -2.849447
-8.171509 0.356200 8.571369
-8.455080 0.724366 8.536751
-8.240935 0.339880 7.663640
-8.713703 0.299532 10.258768
-8.372874 -0.050702 10.113889
-8.557399 0.314435 10.773127
-7.675525 0.382272 10.888532
-8.367799 0.051388 10.588367
-7.725629 0.065279 10.665169
-7.566935 0.004876 10.203941
-7.422215 0.478636 10.436183
-7.469608 1.067972 8.924298
-7.664886 1.613664 8.889182
-7.547421 0.517070 8.823307
-8.460507 1.335165 8.652025
-8.414142 1.807062 7.704907
-7.611704 2.138855 8.130434
-9.242383 1.661077 7.360680
-3.777513 0.407622 9.096159
-4.336149 0.629067 9.501238
-3.987844 1.658579 9.365108
-4.344173 1.149399 11.065314
-4.328022 0.986743 11.883218
-3.884204 1.861266 11.393002
-4.004461 0.207245 11.714910
-3.890685 0.409108 12.394798
-4.037493 0.953245 12.662484
-4.089146 0.326471 10.634124
-2.305016 0.193458 10.760161
-2.505002 0.203528 11.816085
-2.700583 0.419281 12.499348
-2.534878 0.960860 12.768219
-2.077606 0.992400 12.073805
-1.873824 1.117472 11.275746
-2.454798 1.875353 11.528735
-3.753374 2.857083 8.787210
-4.225960 1.635752 9.655290
-4.317563 1.303221 10.432792
-4.610738 0.683486 10.396210
-4.542234 0.787259 12.187381
-4.789500 0.288715 11.942385
-5.523619 0.609193 9.461242
-5.595867 0.767668 10.263586
-5.790923 1.358576 10.286530
-5.723746 1.480668 9.625983
-5.876369 0.336575 11.867517
-6.107965 0.878953 12.079393
-5.761490 0.368356 12.408473
-5.926700 0.764766 12.668802
-4.964279 0.313628 12.442624
-5.609330 2.136957 10.231264
-5.580694 2.544795 8.982879
-5.877453 0.548997 9.351492
-6.805238 0.468677 8.711117
-6.185755 0.613262 9.929168
-6.924046 0.616971 9.660196
-5.854863 1.400675 9.568959
-5.949110 1.218481 10.008380
-4.831753 0.717473 12.704734
-4.430133 2.105623 10.375952
-4.588577 2.617216 9.041480
-7.066347 1.312286 8.882677
-7.019371 2.315950 8.639520
-7.303291 1.243136 8.600852
-7.171494 1.191911 9.636652
-7.086675 1.844783 9.742191
-7.573510 0.629367 11.484167
-6.177711 1.946581 9.945992
-6.174646 2.458543 8.894707
-5.899229 3.452686 7.274362
-5.897237 5.002909 5.790382
-6.013441 7.054448 4.598005
-6.173805 9.501367 3.320504
-6.172638 0.713661 11.819493
-6.455967 0.592530 12.173006
-7.375114 0.559341 11.988407
-7.315184 0.118393 11.340849
-7.249284 0.192445 11.843011
-6.328492 0.160630 11.571908
-6.549662 0.220097 11.978801
-10.392228 126.173286 -4.727515
-7.794217 125.822311 -6.133344
-5.129399 125.306259 -6.542595
-1.314318 124.366188 -5.276864
-4.690688 128.113403 -4.424069
-2.288690 126.992073 -4.096440
-7.061104 128.752777 -4.146579
-9.297453 129.071426 -2.995253
-2.810704 124.719650 -6.151541
-2.748797 121.763016 -7.613127
-5.424261 122.061623 -8.181341
-2.516794 118.394722 -8.251226
-5.406916 118.526550 -9.119197
-2.324534 114.954720 -7.769773
-5.010704 111.279213 -7.486420
-5.156353 114.692635 -9.139462
-8.869312 118.879745 -9.025778
-8.463072 122.548592 -7.895352
-8.573664 111.055466 -8.130463
-8.894993 114.846077 -9.283042
-11.602048 123.037735 -6.488663
-12.531613 119.346085 -7.806758
-12.466234 111.323952 -7.497614
-12.851052 115.184181 -8.227209
-0.948995 113.004799 -4.500147
-14.128567 123.223862 -3.858263
-15.447981 119.591957 -4.975852
-17.930782 111.198204 -2.623706
-17.895378 115.585800 -1.944845
-16.136410 115.554123 -5.594211
-15.838110 111.847290 -5.503779
-18.629234 115.402313 1.750481
-19.386223 110.728172 4.943946
-19.322868 100.512405 4.139610
-19.602127 105.909706 4.647565
-18.494543 100.252869 7.835957
-18.834301 105.594315 8.208962
-18.299372 94.564995 3.371371
-16.897427 88.166145 2.390318
-19.192812 111.073318 1.376767
-18.963137 100.774071 0.365641
-19.293604 106.216339 0.957317
-17.893087 106.212784 -2.628994
-17.323139 100.967926 -3.101060
-18.756001 110.436417 8.305951
-15.367660 109.158363 -5.108512
-11.776349 108.467659 -6.048260
-14.285547 101.093552 -5.465508
-14.947116 105.609352 -5.199989
-11.209196 105.313782 -6.070477
-10.536949 101.354225 -6.288988
-9.206079 90.003349 -6.412858
-12.455818 89.502457 -5.790993
-13.442693 95.602821 -5.722034
-9.853291 96.144005 -6.430223
-15.134644 89.012413 -3.867548
-16.388309 95.203377 -3.539142
-7.566165 105.662178 -5.355857
-6.620260 102.022873 -5.534338
-4.602962 106.805534 -3.349377
-2.985182 103.517494 -2.323584
-8.250793 108.528961 -5.881947
-5.102474 109.063057 -4.977811
-11.114609 129.188187 -1.089913
-12.277354 129.160477 1.302204
-13.013599 129.200226 3.789974
-18.976404 160.540909 -5.188760
-16.887009 160.263245 -5.198457
-18.908363 165.632706 -3.760545
-16.689123 165.860977 -4.069595
-18.898491 166.919220 -1.245469
-16.665031 167.377213 -1.253142
-21.393044 166.153473 -1.176027
-14.396874 167.687103 -1.266171
-14.500758 165.929489 -4.242561
-12.021379 166.060745 -4.332388
-15.005848 160.084915 -5.457679
-12.731079 159.727051 -6.067915
-21.373314 165.215347 -3.427529
-24.407543 164.745636 -3.065440
-24.684181 158.782349 -5.182953
-21.656309 158.673416 -4.766327
-16.833193 158.037674 -3.767368
-18.918772 158.331009 -4.233953
-24.612364 161.154221 -5.578947
-21.576075 160.910629 -5.388161
-13.308102 156.242294 -5.328804
-13.769710 153.540756 -3.638858
-14.361759 152.266815 -1.528419
-15.057095 82.176918 -1.607759
-13.876465 82.653610 -4.228311
-11.451082 83.165863 -5.711608
-8.644485 83.583862 -6.211177
-5.716080 83.815102 -5.929547
-3.295524 83.707886 -4.029000
-2.555478 83.297310 -0.884558
-5.532615 77.434715 -6.479941
-8.164976 77.218903 -6.467401
-3.211382 77.329063 -4.882571
-10.623263 76.824036 -5.972016
-16.552874 88.606606 -0.891596
-15.190387 81.714958 1.274481
-13.930271 75.284409 0.068343
-13.776305 75.793777 -2.455856
-12.737116 76.315086 -4.711432
-4.353345 56.212318 -2.528522
-3.898972 60.619518 -1.988784
-5.629933 59.933636 -0.012139
-8.570107 64.700790 3.545383
-8.659528 69.231949 4.091085
-11.752138 64.538376 0.201925
-11.906524 69.343163 0.960040
-13.081682 64.649696 -1.991233
-13.037039 69.481773 -1.132075
-4.266400 69.825089 2.212216
-4.509530 64.772774 1.142443
-2.988500 65.281967 -1.039986
-2.676898 70.486000 -0.105640
-8.998450 45.757519 0.880139
-8.708495 40.611187 0.528054
-6.097435 46.098255 -0.502999
-6.026972 40.932575 -0.651913
-11.590398 40.406025 -0.630767
-12.334047 45.617828 -0.217373
-5.927250 35.493511 -0.786087
-8.267581 35.234306 0.108932
-4.433842 35.688198 -2.690341
-4.054322 46.480286 -2.750544
-4.165238 41.235142 -2.745955
-12.353624 55.569130 -0.104739
-8.863143 55.340878 1.383652
-11.636210 60.019413 0.209602
-14.360206 55.906597 -2.948228
-13.684949 60.432674 -2.524646
-14.257175 45.708687 -3.227244
-13.365665 40.417187 -3.272325
-13.604810 56.807510 -9.387792
-14.823195 56.343132 -6.264650
-14.007671 60.967430 -5.556653
-12.853411 61.501106 -8.253406
-10.782526 57.070415 -11.117678
-10.528555 61.805973 -9.960670
-3.230939 61.176582 -4.644647
-3.274755 56.726650 -5.222280
-3.582365 61.524929 -7.329895
-3.203467 57.062401 -8.071436
-4.957573 61.812786 -9.732136
-4.701754 57.275215 -10.660591
-4.560279 46.925941 -10.810788
-2.876201 46.963070 -8.419549
-3.272231 41.425777 -7.859853
-4.821109 41.314915 -9.959762
-7.435338 46.768177 -11.486216
-7.342004 41.184818 -10.535144
-7.667181 57.220371 -11.498040
-7.725641 61.909420 -10.496307
-10.348273 46.518745 -10.971527
-9.877144 40.970879 -10.112555
-13.096311 46.200867 -9.590529
-12.199306 40.751759 -8.851381
-5.204749 35.615059 -8.830848
-7.244707 35.467747 -9.377547
-3.960645 35.764099 -7.086710
-2.848728 46.795185 -5.490775
-3.168992 41.421005 -5.255082
-2.212731 65.854134 -3.934466
-2.883165 66.242081 -6.872041
-2.753268 71.522133 -6.079386
-1.998403 71.118660 -3.078542
-2.352973 76.900955 -2.009501
-5.116907 20.000027 -0.264725
-3.772056 14.781778 -1.347317
-4.041341 20.022785 -1.895474
-4.969935 15.532114 0.270240
-3.611210 11.110446 0.925186
-4.442565 16.915825 -5.821231
-3.444322 16.254539 -4.003913
-3.048542 13.391242 -4.526887
-4.210634 14.320081 -6.393746
-3.681127 12.540138 -7.324662
-3.424405 10.724930 -8.283548
-5.507751 17.270016 -7.068511
-5.319985 14.947001 -7.762938
-6.883322 17.236097 -7.200435
-6.985719 14.906120 -7.692707
-8.060657 16.819839 -6.533094
-8.261676 20.437723 -6.883472
-6.918827 20.709448 -7.392795
-8.339834 14.371813 -6.794833
-5.497109 20.781973 -7.042991
-4.399915 20.659767 -5.809824
-5.551365 25.073572 -7.260027
-4.466133 25.125475 -5.990819
-3.760173 20.380093 -3.997433
-3.967307 25.100159 -4.201421
-4.214274 25.008533 -2.180858
-4.391194 30.188070 -2.454420
-4.015790 30.237663 -4.519058
-5.343203 24.875719 -0.473811
-3.286773 8.599665 2.876987
-2.954504 6.589341 4.679136
-4.568038 9.295555 3.382652
-4.398953 6.974892 4.829462
-4.714178 12.105654 1.814674
-6.308689 12.346784 1.852477
-6.445909 15.710351 0.522015
-6.806951 19.950287 0.141868
-8.243001 19.766703 -0.751494
-7.732850 15.608098 -0.275872
-8.911645 24.404663 -0.977821
-9.956877 24.191675 -2.604221
-10.838364 29.284651 -2.948931
-11.068849 29.203873 -5.103086
-10.364824 29.334404 -7.014898
-10.240517 24.226143 -4.519882
-9.708602 24.428476 -6.267320
-8.537263 24.675907 -7.469248
-8.904921 29.610683 -8.216844
-7.133175 29.910837 -8.455155
-9.678732 29.531368 -1.088176
-7.741643 29.823431 -0.069241
-5.627872 30.057211 -0.654194
-9.185795 19.682493 -2.244044
-8.649230 15.554847 -1.777118
-7.618160 12.058678 0.849015
-8.605411 11.441553 -0.978324
-9.244854 12.718212 -3.451751
-9.155805 15.918816 -3.614074
-7.248962 24.678217 -0.018571
-13.072030 151.464798 14.124073
-2.056677 146.826080 15.835882
-8.663424 1.069105 7.750632
-8.503714 0.596436 9.103774
-8.645200 0.442957 9.408415
-8.720119 0.184684 9.272413
-9.382569 0.243593 9.462684
-9.245706 0.085273 9.285756
-8.073359 6.293716 -4.886456
-4.872000 6.511932 -4.478095
-7.865732 7.243991 -6.985672
-4.706133 7.188671 -6.894775
-9.019101 7.998267 -6.896734
-9.214719 6.908549 -4.863949
-9.286946 9.625159 -6.285108
-9.377769 8.462892 -4.356490
-9.173635 10.340039 -3.833108
-9.132703 11.470595 -5.707058
-9.097265 13.583283 -5.366210
-8.870354 16.337263 -5.302017
-8.934308 10.748941 -8.078469
-8.541524 8.941184 -8.716801
-7.195533 13.377060 -8.603292
-7.361372 11.599899 -9.640043
-8.732241 12.576701 -7.349192
-7.149858 9.578243 -10.000229
-7.461785 8.094450 -8.585396
-6.710868 8.568657 -9.356863
-4.885870 11.609102 -9.941241
-5.249590 9.555254 -10.145390
-3.853452 8.860900 -8.938553
-5.014654 13.452632 -8.832237
-4.974253 8.044976 -8.735732
-5.702375 8.529252 -9.467209
-17.955738 94.900475 -0.235225
-2.782839 96.898346 -3.126630
-3.081830 90.287392 -3.500495
-5.810357 90.358887 -5.850797
-6.056565 96.693077 -5.768490
-3.792455 35.795433 -4.906119
-5.498900 30.101646 -7.841461
-4.366005 30.228783 -6.429003
-9.183281 20.117451 -5.661117
-7.007142 24.936523 -7.799685
-5.908280 143.327805 15.211764
-13.520262 40.582413 -6.375265
-14.538215 45.929207 -6.711256
-10.630471 34.979263 -0.960823
-12.062558 34.840031 -3.169273
-11.192331 34.990173 -7.850839
-12.225603 34.845169 -5.728346
-9.333451 35.236477 -9.012855
-7.715294 128.862976 13.620065
-8.060631 125.847672 13.673407
-8.443808 58.624454 1.726843
-6.062339 55.643398 -0.336764
-11.970531 65.532173 -6.755414
-13.236140 65.090485 -4.614546
-13.091296 69.934982 -3.500984
-11.723841 70.391953 -5.310780
-10.176445 65.974472 -8.379423
-10.010375 70.838158 -6.636616
-5.220817 66.309357 -8.424388
-5.376923 71.480873 -7.215744
-7.746591 66.214165 -8.938441
-7.827975 71.210342 -7.208379
-4.213329 51.436989 -2.703682
-2.991247 51.873337 -5.493823
-2.873455 52.166100 -8.492471
-4.479984 52.230167 -11.124271
-7.555593 52.075676 -11.887706
-10.702516 51.832130 -11.423571
-13.674377 51.520523 -9.843491
-15.104087 51.175049 -6.674108
-14.626182 50.883324 -3.116283
-12.584384 50.704395 -0.083901
-9.078738 50.696804 1.142598
-6.186234 50.997086 -0.433441
-9.570547 19.836016 -4.011201
-24.496668 156.330933 -0.188153
-21.120073 156.646500 0.010321
-14.795034 151.928635 5.064665
-2.996809 11.780909 -2.119614
-2.905840 82.697311 2.364164
-2.176161 89.861710 0.137550
-2.880707 89.278610 3.798902
-2.720474 95.897766 5.374709
-1.711511 96.481583 1.154910
-1.583966 107.060524 3.755489
-1.442681 102.755936 2.332665
-2.659010 102.286705 7.073772
-3.126553 107.710365 8.500283
-4.950434 111.729935 10.525874
-2.762500 117.784348 13.139275
-5.448045 115.063103 11.897855
-5.522295 118.079605 13.198990
-2.679647 115.104614 12.000791
-2.060099 110.594933 7.656944
-1.187505 111.082840 -2.367897
-0.879973 121.408592 -6.311701
-0.711516 156.247940 13.102467
-1.198871 157.410797 12.646804
-1.851539 155.758408 14.104778
-0.932947 154.864044 13.885854
-1.768642 151.035492 15.244249
-1.219602 153.085480 14.674357
-2.251617 153.884415 15.406399
-5.945313 147.272491 -3.877944
-6.634154 151.106537 -5.336159
-2.848608 147.543106 -3.933267
-2.542508 144.207245 -2.340434
-4.113029 137.626129 -0.120077
-8.989612 137.633102 1.906800
-5.930243 137.611206 0.197673
-7.558563 137.603546 0.831155
-5.123682 144.039703 -2.170249
-10.639617 143.546570 1.554676
-9.383826 143.646072 -0.313821
-7.528776 143.786148 -1.641405
-3.138043 151.369858 -5.165528
-8.902996 146.899734 -3.076034
-10.712950 150.981308 -4.495789
-66.287720 157.799576 -1.480383
-66.322823 157.942856 -0.107464
-66.274292 158.512619 1.216291
-66.081451 158.749954 -2.811075
-65.981430 160.416733 -2.988458
-66.037331 161.840302 -2.275449
-65.979126 162.545074 -0.819484
-65.959587 162.508774 0.895356
-66.032051 161.493576 2.376662
-66.156784 159.749985 2.431443
-58.634895 157.341309 -2.415338
-54.705990 157.202621 -2.876521
-54.607155 156.646591 -0.837404
-58.563675 157.105301 -0.626672
-54.505104 157.488022 1.076267
-58.500961 157.923737 0.971546
-58.720345 158.786377 -3.788954
-54.812595 158.845261 -4.346604
-58.736763 160.879089 -3.876817
-54.819725 161.086716 -4.453416
-58.664429 162.540695 -2.818471
-54.686047 162.839630 -3.181019
-58.566860 163.253983 -1.072642
-54.526848 163.595856 -1.226964
-58.510174 163.128433 0.897298
-54.439255 163.448624 0.960373
-58.464397 161.605865 2.349802
-54.391167 161.654602 2.471438
-58.451679 159.496216 2.108497
-54.411053 159.338120 2.206421
-62.786160 157.500809 -1.867780
-62.746590 157.567627 -0.350130
-62.706184 158.260757 1.017024
-62.653042 159.603149 2.168818
-62.626915 161.542618 2.312454
-62.632130 162.772720 0.885318
-62.673843 162.886581 -0.890381
-62.757496 162.194092 -2.471425
-62.759930 160.625381 -3.334015
-62.778648 158.714767 -3.204865
-50.967010 157.028137 -3.205771
-50.838398 156.117676 -0.953602
-50.721954 156.980392 1.333489
-51.109291 158.888214 -4.717686
-51.062157 161.260559 -4.855963
-50.853725 163.185333 -3.463241
-50.631641 163.988510 -1.265815
-50.516159 163.813202 1.196291
-50.510483 161.652695 2.619370
-50.600204 159.170349 2.309190
-36.682842 156.620651 -2.465939
-32.505333 156.457916 -2.326638
-32.416054 156.141129 -0.599533
-36.468281 156.202805 -0.721385
-36.198277 156.452591 1.126338
-32.292362 156.407394 1.184176
-32.190788 157.450424 2.800419
-35.895561 157.472061 2.608206
-32.515671 157.329544 -3.955334
-36.703503 157.541748 -3.980897
-32.378353 159.148438 -5.131627
-36.454601 159.308273 -4.916131
-36.385635 161.430542 -4.848709
-32.317154 161.443954 -5.240265
-36.381351 163.873322 -2.396832
-32.283806 164.326111 -2.603643
-36.242382 164.181671 -0.904715
-32.242035 164.637283 -0.913951
-36.115444 163.993607 0.689577
-32.213928 164.400696 0.824476
-32.192646 161.663437 3.644414
-36.034767 161.461563 3.256297
-36.035446 159.330750 3.403611
-32.190945 159.405457 3.759760
-47.350456 156.984924 -3.326810
-43.712101 156.904160 -3.472599
-43.474113 155.763596 -1.029603
-47.117798 155.918228 -1.032876
-43.525589 156.336304 1.674583
-47.075493 156.693878 1.421908
-43.928871 158.872284 2.274990
-47.065113 159.028580 2.192314
-43.811378 161.413788 2.108237
-46.900631 161.559708 2.513484
-43.178631 163.616425 1.088213
-46.718906 163.873444 1.277226
-43.198418 164.012482 -1.108842
-46.825920 164.158859 -1.227786
-43.596481 163.277527 -3.164354
-47.183945 163.279877 -3.420354
-45.117458 161.325378 -4.780975
-47.645924 161.341049 -4.867050
-45.133503 158.929428 -5.143772
-47.739342 158.887314 -4.958911
-40.275898 156.770508 -2.666806
-40.051006 156.010025 -0.793929
-39.503494 159.215500 2.952198
-39.454304 161.335831 2.759384
-39.788712 163.401642 0.896234
-39.823887 163.898254 -0.900138
-39.996864 163.521210 -2.401358
-39.957920 161.327530 -4.590374
-43.201653 161.358124 -4.897760
-39.997234 159.349030 -4.854141
-43.183571 159.226685 -5.503453
-27.974493 156.359711 -2.127589
-27.946688 156.159546 -0.399100
-27.948296 156.496368 1.317590
-27.986574 157.484619 2.954235
-28.013899 157.143066 -3.847535
-27.981510 158.913513 -5.282852
-27.925402 161.319077 -5.551383
-27.828283 164.617996 -2.854405
-27.881092 164.979431 -0.960223
-27.937941 164.679306 0.944476
-28.026112 161.772842 3.889085
-28.029270 159.445251 4.012946
-40.156700 157.737091 -3.990025
-42.525288 157.723785 -4.449306
-16.492807 155.574615 0.518555
-17.911942 156.847839 0.334251
-39.946522 156.697083 1.611833
-21.000135 156.872131 1.575371
-16.388348 155.427429 2.174325
-17.534220 157.012665 1.738549
-16.017109 155.652634 3.791034
-16.941061 157.709198 3.265384
-15.221980 154.438080 5.479475
-15.563971 154.006790 4.336421
-15.893499 153.819733 2.549531
-15.870390 153.984650 0.638926
-15.628469 154.518387 -1.115300
-15.458880 155.517700 -2.736394
-15.331541 157.316467 -4.337043
-10.288179 155.362396 -6.206640
-13.527748 149.016647 0.786452
-12.614060 149.481064 -1.756684
-13.913376 148.914017 3.367832
-13.599682 149.065857 6.211049
-12.650016 146.432541 5.966088
-12.615312 146.244171 3.561915
-12.020817 146.261292 1.125355
-10.865989 146.498383 -1.169260
-6.664921 155.285614 -6.444072
-3.240589 155.512680 -5.857886
-3.665578 154.879669 15.962662
-3.252122 156.829529 14.119360
-2.328801 159.197861 11.735534
-5.831331 155.888275 16.330755
-6.179187 153.482513 17.897251
-11.773076 153.889786 16.399721
-11.291613 156.504196 15.001845
-13.216457 153.651443 14.400185
-13.823373 153.450729 12.943897
-14.071955 154.840561 11.872573
-13.144414 155.850677 13.421181
-5.418655 157.686798 13.990640
-10.594596 158.383286 12.768013
-14.119353 156.855270 10.087150
-12.665876 157.784286 11.482614
-14.194481 159.338608 8.075295
-12.284307 159.864853 9.388275
-9.961678 160.128494 10.438346
-4.888880 159.658798 11.593147
-12.040898 162.272980 7.525627
-9.478089 162.313812 8.455241
-4.425641 161.956253 9.729271
-2.164232 161.810562 9.996114
-7.964080 166.776154 4.457333
-3.659631 166.504532 6.624942
-1.699108 166.292389 6.954179
-0.889012 167.046051 6.139507
-8.565047 3.718986 -0.851505
-9.673309 4.413143 -0.887125
-9.634432 5.810633 -0.373798
-9.193020 7.226418 0.280804
-6.814802 0.127038 7.113530
-6.511634 0.730925 4.501107
-6.354085 2.243623 2.055943
-6.262731 3.931769 -0.107979
-7.224527 0.395707 8.333180
-8.478014 1.010892 7.788238
-7.205762 5.134762 -2.548063
-6.986615 6.259480 -4.733355
-6.804274 7.128654 -6.874253
-6.649677 7.939392 -8.481565
-6.144685 5.362791 -2.274777
-5.938720 6.337215 -4.590436
-5.804039 7.097689 -6.835025
-5.804867 7.906083 -8.534076
-10.400470 64.805916 1.967962
-10.570039 69.271866 2.767994
-11.701739 74.510399 4.738712
-12.925375 80.809128 6.784654
-14.195478 87.339188 8.561838
-15.362529 93.959229 10.017887
-16.248928 100.219604 10.960638
-16.758259 105.471275 11.257092
-16.903860 110.289558 11.201690
-16.545893 114.803467 10.909133
-15.849826 118.944847 10.653369
-14.942911 122.705223 10.534140
-13.900722 126.131386 10.483633
-12.814837 129.313431 10.466509
-11.480249 132.158340 10.334545
-10.222711 134.809113 10.231339
-9.771454 137.665817 10.504670
-10.214333 143.408554 11.669478
-10.218236 145.732376 12.228365
-6.090221 64.766594 3.128618
-6.224830 69.413071 3.931043
-6.379084 74.844292 5.382648
-6.650043 81.195137 7.545548
-7.188645 87.779427 9.509028
-8.001119 94.486427 11.108575
-8.990645 100.916092 12.254497
-9.904961 105.984367 12.903721
-10.682648 110.502907 13.177901
-11.119241 114.776321 13.146147
-11.105715 118.783394 13.071437
-10.683426 122.428474 13.164672
-10.239045 125.819901 13.197474
-9.674929 128.958069 13.138656
-8.953444 131.847763 12.900561
-8.207424 134.596024 12.686685
-7.898342 137.460358 12.964806
-7.886038 143.268860 14.335396
-7.762582 145.609344 14.688806
-7.729498 147.493149 14.930853
-8.364299 148.680237 16.405968
-9.052581 150.763702 17.775179
-9.199730 153.922012 18.064074
-8.625009 156.539902 16.135088
-8.000064 158.274216 13.616824
-7.433125 160.039658 11.210927
-6.882141 162.197754 9.235495
-5.641653 166.629883 5.777627
-4.465183 167.986618 3.781129
-3.938047 170.113937 2.998595
-3.859161 172.149048 2.493453
-3.984957 174.258560 1.675989
-4.184892 176.210083 0.781410
-4.573288 177.934006 0.094139
-5.222698 179.491577 -0.422865
-6.001259 181.126343 -0.622916
-6.816801 182.817200 -0.765406
-8.398352 60.959362 2.488727
-10.298715 61.657829 1.633394
-6.434439 61.472858 1.875995
-9.657716 0.377413 8.116927
-9.344183 0.113808 8.099741
-8.617135 0.288148 8.169623
-8.606647 0.923173 8.163977
-8.985664 1.391069 8.179914
-9.802834 0.968552 8.219382
-4.072934 1.525077 9.836489
-3.736739 2.503373 9.794932
-2.183434 2.445795 9.744007
-1.807136 1.389464 9.724558
-2.389417 0.441644 9.736905
-3.757494 0.620370 9.769062
-2.939041 2.788645 9.751954
-3.167470 2.034009 11.469157
-3.306156 0.941699 12.994239
-3.311576 0.353264 12.527184
-3.269812 0.074430 11.722515
-3.234440 0.055003 10.711144
-3.133839 0.351143 9.757772
-2.826550 3.232221 8.651098
-4.989851 2.389693 10.292050
-5.357076 0.738763 12.872970
-5.359797 0.282963 12.487891
-5.329483 0.143847 11.850463
-5.130505 0.584083 10.299582
-6.715403 2.127780 9.858393
-6.922334 0.565428 12.223321
-6.889795 0.158226 11.969963
-6.807431 0.009735 11.406540
-6.538692 0.512803 9.808277
-6.251824 0.362441 9.021847
-4.912731 0.465707 9.428199
-2.878333 0.196076 8.669674
-8.195882 1.707718 8.782278
-8.140094 0.336274 10.974410
-8.063042 0.030905 10.689048
-7.973506 -0.098802 10.120490
-7.792326 0.281993 8.694762
-7.644073 0.154123 7.939615
-9.478927 1.377016 8.238612
-9.000237 0.328943 9.582664
-8.975788 0.108761 9.327633
-8.970642 0.011452 8.995655
-8.943098 0.078834 8.139212
-8.803385 0.172211 7.482772
-1.810891 1.244690 10.552955
-2.267377 2.195626 10.715813
-3.057885 2.543945 10.744308
-3.870140 2.224333 10.649967
-4.252666 1.343346 10.449821
-4.449022 1.056529 11.333337
-4.804490 1.443565 11.873230
-5.293134 1.593464 11.875668
-5.783202 1.512140 11.788623
-5.969347 1.148695 11.228951
-5.740025 0.563093 11.045329
-5.240997 0.351289 11.042990
-4.724137 0.515911 11.157676
-7.491102 0.787422 10.955419
-7.185642 0.387628 10.548360
-6.674263 0.222947 10.597004
-6.170650 0.458487 10.757391
-6.058357 0.917430 11.261882
-6.381283 1.173230 11.400071
-6.834770 1.269646 11.360671
-7.281769 1.109814 11.238523
-8.665911 0.391440 9.640140
-8.537635 0.873664 9.953162
-8.136543 1.017477 10.115850
-7.674060 0.981137 10.140703
-7.351688 0.679880 9.861997
-7.442481 0.301042 9.449536
-7.846445 0.071975 9.338613
-8.283321 0.108864 9.288012
-9.730925 0.214997 8.720996
-9.659437 0.810618 8.830746
-9.247670 1.072187 8.803579
-8.839373 1.056632 8.769982
-8.502937 0.739252 8.678005
-8.554734 0.172966 8.624061
-8.953467 -0.027171 8.591230
-9.350828 -0.012817 8.593265
-3.207656 1.681895 12.075556
-3.259885 1.611406 12.771875
-3.817644 1.527902 12.610671
-3.839737 1.592485 12.012166
-2.627244 1.519386 12.125793
-2.725941 1.492541 12.658887
-5.359961 1.359168 12.337078
-5.386807 1.292078 12.769103
-5.761126 1.212051 12.628471
-5.736042 1.268521 12.272195
-4.979182 1.215527 12.703906
-4.940543 1.266075 12.329845
-6.870819 1.077682 11.750038
-6.893803 0.959486 12.079007
-7.251307 0.895452 11.955296
-7.271997 0.924194 11.624821
-6.474282 0.996075 11.787957
-6.549358 0.928530 12.064099
-8.123147 0.837153 10.531036
-8.140470 0.739012 10.906951
-8.438960 0.690311 10.786315
-8.460086 0.732814 10.429081
-7.765269 0.756396 10.553368
-7.832615 0.701934 10.873871
-9.159441 0.885468 9.203108
-9.095151 0.774776 9.600892
-9.464009 0.622766 9.543171
-9.561841 0.686791 9.227832
-8.820647 0.801552 9.135986
-8.771312 0.749906 9.432493
-5.061545 137.063370 14.738396
-3.378202 136.819351 15.541003
-1.233041 136.389496 15.551974
-3.655706 131.987579 15.209399
-3.480288 134.425537 15.287354
-4.803843 141.987183 15.290143
-3.523536 142.603760 15.839689
-5.252842 134.369370 14.475036
-5.598085 131.690109 14.422063
-1.305725 132.866806 15.425586
-1.844705 129.319977 15.428658
-3.943704 129.085007 15.025269
-4.584493 123.061974 14.084342
-2.434185 122.425964 14.266426
-2.154902 125.799812 14.868464
-5.882620 128.941574 14.315385
-4.240585 126.021301 14.600533
-6.149358 126.130714 14.150476
-6.166380 123.827446 13.943668
-1.567945 134.623077 15.378824
-1.776594 142.952850 16.071419
-0.489113 135.411560 14.965768
-0.583766 134.699615 14.910679
-0.517224 133.965836 15.020525
-2.291071 141.011688 -0.995010
-6.503085 140.802002 -0.406026
-9.543942 140.666275 1.911819
-10.396562 140.683167 3.702403
-9.127362 140.507996 12.490651
-6.302383 140.247131 14.236109
-4.956554 139.792572 15.049181
-1.602370 139.654022 16.039131
-3.418487 139.689941 15.779372
-7.859821 140.427109 13.552528
-9.996960 140.616272 11.074914
-10.522212 140.698929 9.396103
-10.786571 140.754730 7.560417
-10.763065 140.734772 5.650184
-8.203139 140.721024 0.504291
-4.479546 140.939514 -0.773295
-13.645805 150.860733 8.062157
-42.419945 162.592880 -3.799896
-39.937073 162.746002 -3.536109
-36.480587 163.097397 -3.804974
-32.338272 163.361496 -4.213386
-27.872753 163.449768 -4.613926
-24.498625 163.322586 -4.766400
-21.431324 163.190704 -4.883664
-18.873301 163.066666 -4.995652
-16.743473 163.024979 -5.259478
-14.685986 163.059341 -5.489603
-12.262830 163.107300 -5.776159
-9.419971 163.324005 -6.348418
-6.207070 163.586365 -6.545289
-3.067403 163.793793 -6.163912
-1.977389 164.149292 8.515903
-4.058375 164.369934 8.178053
-6.297684 164.539246 7.550534
-8.958466 164.795578 6.692758
-11.759518 164.958160 5.665847
-14.391339 164.953598 5.039733
-16.583775 164.985336 4.522504
-18.712624 164.824097 3.876487
-21.442320 164.307953 3.265135
-24.665226 163.764374 2.863869
-27.981638 163.637451 2.693129
-32.173859 163.478989 2.508979
-35.899673 163.132126 2.194527
-38.685455 157.679245 2.496617
-38.623615 162.791107 1.963227
-4.642347 1.718501 11.236497
-5.157584 1.988235 11.198238
-5.703065 1.801112 11.130468
-6.222954 1.586656 10.756677
-6.745054 1.728983 10.730695
-7.168141 1.485287 10.582575
-7.312355 0.981687 10.402064
-5.976124 1.074874 10.629774
-8.520658 0.527603 9.146854
-8.484219 1.074677 9.344579
-8.163219 1.380621 9.507466
-7.637852 1.299890 9.535801
-7.394475 0.874179 9.395845
-41.542068 158.939026 2.600971
-41.462326 161.469955 2.325885
-9.847471 186.985336 1.952215
-9.796519 187.093277 2.110068
-7.656751 182.337418 1.887480
-8.036160 183.602142 1.153123
-8.853661 184.828323 2.667593
-9.562249 186.223694 2.301942
-9.903563 186.856964 1.942364
-9.889634 186.647369 1.828616
-0.661562 181.151291 13.808775
-0.644514 181.334000 13.812518
-0.585401 181.472946 13.937663
-0.577620 181.621246 14.148835
-0.383415 178.632095 13.293740
-0.795972 178.695969 13.231853
-1.200031 178.683792 12.912344
-1.562815 178.588089 12.511503
-1.971236 178.518082 12.138616
-2.257257 178.506500 11.909496
-2.405431 178.505661 11.819240
-2.423509 178.560333 11.830593
-2.320846 178.595596 11.908295
-2.155095 178.582031 12.049703
-1.921747 178.570709 12.226541
-1.577055 178.614685 12.440443
-1.127107 178.663895 12.668064
-0.611799 178.783157 12.865244
-0.553875 177.237885 12.669137
-1.185450 177.299759 12.542894
-1.762408 177.515640 12.331485
-2.172297 177.798035 12.158446
-2.406066 178.110764 12.057318
-2.549650 178.389954 12.016685
-2.600106 178.594467 12.070752
-2.515060 178.706528 12.211435
-2.334629 178.747757 12.404666
-2.113728 178.778992 12.653384
-1.893773 178.855911 12.907588
-1.596025 178.988586 13.186267
-1.104050 179.133575 13.545660
-0.559166 179.136078 13.780849
-3.617340 189.903534 12.691689
-4.368039 191.584747 12.325712
-5.040291 193.317093 11.513832
-5.328322 195.060654 10.010977
-5.083436 196.856430 7.256164
-4.587497 197.902603 -0.705592
-5.036265 195.448486 -4.526661
-4.985152 191.319489 -6.997455
-4.417051 187.093994 -7.473497
-91.528824 159.395081 -2.706433
-91.733200 159.383865 -2.684765
-91.836555 159.534653 -2.539839
-91.593994 159.601807 -2.556304
-91.267853 159.410538 -2.731318
-91.287300 159.648041 -2.559635
-91.310173 159.785889 -2.243035
-91.330437 159.755768 -1.962292
-91.861954 159.649780 -2.259840
-91.590172 159.699814 -2.005627
-91.795685 159.653763 -2.043104
-91.619125 159.729187 -2.256752
-91.733337 159.300629 -2.612956
-91.833839 159.414093 -2.469918
-91.542717 159.294312 -2.626009
-91.649963 159.405731 -2.457211
-91.855148 159.513504 -2.227898
-91.675186 159.510483 -2.206651
-91.326393 159.290543 -2.717954
-91.593178 159.382217 -2.514851
-91.640076 159.521423 -2.177536
-91.415642 159.644547 -1.908353
-91.599182 159.568741 -1.995429
-91.786919 159.543427 -2.037410
-90.883247 160.384903 2.557163
-91.267227 160.289169 2.563529
-91.581421 160.337952 2.617508
-91.191887 160.553314 2.852552
-90.812645 160.610336 2.836995
-91.201904 160.596191 3.234350
-90.822563 160.653397 3.251019
-91.610428 160.565475 3.218262
-91.609207 160.437119 3.488852
-91.285263 160.418335 3.556320
-91.594292 160.528046 2.860122
-92.079178 160.306961 2.666454
-92.194618 160.420151 2.867406
-92.110992 160.373077 3.431053
-92.215408 160.448532 3.200987
-90.912727 160.506577 3.553901
-91.664268 160.191986 2.605096
-91.939812 160.230270 2.886295
-91.942741 160.279770 3.269923
-91.669884 160.310837 3.530160
-92.184898 160.257675 2.909420
-92.075188 160.187820 2.723448
-92.200882 160.277222 3.187333
-92.099945 160.238419 3.392230
-91.855721 160.323151 2.643054
-91.869598 160.183197 2.704722
-91.975983 160.244492 2.919765
-91.990135 160.268204 3.197092
-91.892715 160.246704 3.420463
-91.890656 160.401962 3.460187
-91.947945 160.521210 3.209608
-91.925156 160.489182 2.860674
-82.570412 156.879456 7.558039
-82.287064 156.566940 7.671704
-82.101288 156.104614 7.643704
-83.681641 156.203552 7.830522
-83.637573 155.896286 7.996668
-83.458015 155.517960 7.981110
-83.255333 155.311310 7.780222
-82.104378 155.704483 7.475263
-82.721237 155.488815 7.659960
-82.792725 155.813889 7.860970
-82.988319 156.242584 7.885793
-83.189331 156.540649 7.724904
-82.962067 156.726181 7.603313
-82.639954 156.415024 7.763773
-82.446808 155.963303 7.737568
-82.465889 155.535080 7.520895
-83.453781 156.371674 7.763269
-83.323006 156.072281 7.976783
-83.127800 155.661896 7.953860
-82.995728 155.393646 7.703315
-82.857315 155.404877 7.566852
-83.209045 155.660034 7.720270
-83.404793 156.105850 7.734594
-83.331871 156.523010 7.626930
-83.504692 156.272369 7.528727
-83.450401 155.967758 7.568156
-83.686203 155.835190 7.694797
-83.709755 156.117737 7.620704
-83.316910 155.688782 7.549244
-83.129753 155.461212 7.470315
-83.356956 155.375656 7.570725
-83.550789 155.553085 7.674870
-83.553444 156.627090 7.431650
-82.473015 157.216461 7.254703
-82.711761 157.288834 6.513282
-83.654434 156.648590 7.037935
-83.774796 156.097580 7.525685
-83.567711 155.453415 7.485036
-83.020752 155.162506 7.288168
-81.948830 156.765961 7.546840
-81.689224 156.144775 7.488279
-81.789230 155.551453 7.064502
-81.051422 155.798050 6.760180
-81.127556 156.280197 7.333496
-81.280327 155.815414 5.997704
-82.004868 155.509720 6.296160
-83.136772 155.236298 6.839729
-83.518829 155.592667 6.825131
-83.741844 156.199585 6.903006
-82.390419 156.036514 5.878442
-82.689018 156.771683 5.949531
-82.032242 157.674866 6.318324
-81.986351 157.128525 5.648162
-81.207657 158.089844 6.343239
-81.287743 157.480042 5.440981
-81.261131 157.886978 7.042089
-81.852562 157.590897 7.092609
-81.665138 156.365250 5.557947
-81.674011 160.476700 4.088160
-80.626152 160.411911 4.119945
-80.205254 161.331009 3.774193
-81.405106 161.288055 3.738935
-79.082886 161.428131 3.747505
-78.962257 162.012924 2.893613
-80.079239 161.906174 3.043441
-77.753731 161.568634 3.663445
-77.750923 162.150650 2.330072
-79.260910 162.181671 2.325984
-80.136978 162.089035 2.322009
-81.340675 161.766052 3.012607
-81.397522 161.797089 2.268601
-82.996063 160.999023 2.173376
-82.860939 161.453491 2.864552
-81.384682 161.841263 1.666222
-83.037224 161.072021 1.658169
-82.846581 161.217377 3.620772
-82.979156 160.531113 4.018951
-84.496552 161.146973 3.511288
-83.327850 159.687119 2.256582
-84.877838 159.789169 2.299216
-83.416473 159.246170 2.879011
-83.373634 159.329178 3.479503
-83.407906 159.753494 1.727820
-82.896950 161.607819 0.983936
-81.309341 161.972931 0.983554
-80.056175 162.145859 1.676028
-78.905449 162.246078 1.783065
-79.998817 162.173264 0.951747
-80.026405 162.088531 0.277597
-81.282944 161.879318 0.253521
-78.816902 162.262451 0.867837
-79.124016 162.191895 0.306927
-77.486725 162.215469 0.484714
-75.413383 162.306229 0.769705
-79.680473 160.444427 4.219719
-78.890396 160.442978 4.386713
-81.202553 159.414612 3.820703
-80.213501 159.428391 3.988462
-79.211082 159.260971 4.463130
-78.445595 160.212723 4.786190
-79.563538 159.382797 4.206497
-79.230003 158.430359 3.774094
-79.602074 158.613998 3.466291
-80.345909 158.757782 3.189816
-82.049759 159.669998 3.940115
-84.788345 159.885071 3.912979
-83.202423 159.801453 3.919130
-84.885506 159.392838 3.460073
-84.913216 159.338882 2.840650
-84.572731 160.562225 3.967883
-79.860542 158.714935 5.669804
-79.308037 158.963348 5.103793
-79.493233 158.195648 4.371550
-79.679718 157.229797 4.541451
-80.039886 158.027023 4.717984
-79.117661 156.759598 4.972385
-78.653641 156.862900 5.883936
-79.543442 156.494492 6.121022
-79.889961 156.491989 5.382120
-80.255028 156.208389 6.637350
-80.351089 156.987717 4.944849
-80.678238 157.769135 5.060974
-80.976318 156.706802 5.311768
-80.566826 156.186066 5.758270
-80.598564 158.372116 5.817308
-80.640091 158.150681 6.838607
-80.220627 158.346786 6.577417
-79.921104 156.731781 7.000924
-79.468010 156.944092 6.733413
-80.137367 157.534988 7.184786
-79.734581 157.722778 6.969087
-80.892311 157.210724 7.410538
-80.554779 156.465942 7.231874
-81.434967 156.991791 7.452457
-78.964699 157.153183 6.534028
-79.315163 157.909348 6.792983
-78.200233 157.395477 6.308181
-78.464088 158.244675 6.547624
-79.780029 158.556442 6.401721
-79.142807 158.874359 6.173724
-79.004036 157.413086 4.142634
-78.176849 156.985672 4.431577
-75.086540 157.530045 3.100779
-73.549789 157.811035 2.646262
-73.249588 158.228409 3.548226
-74.664322 157.845383 4.098560
-76.126633 157.413742 4.605901
-76.973320 157.262207 3.628473
-77.057747 157.549210 2.526245
-75.281364 157.574448 2.082438
-75.401787 157.737015 1.074044
-77.530724 157.904297 1.447977
-78.939178 158.143799 2.537062
-78.473076 157.825378 3.088170
-78.208389 159.378098 5.823221
-78.235687 159.897202 5.230053
-79.122635 159.138412 4.735579
-79.193451 158.297043 4.074703
-78.465271 157.577545 3.666074
-77.466499 157.067184 5.211592
-75.821129 158.143585 5.477473
-77.116302 157.684372 5.970149
-77.424667 158.653763 6.292156
-76.146324 159.184113 5.860174
-75.175537 160.009094 5.291786
-74.518303 158.748688 4.994023
-72.995018 159.300201 4.372419
-78.538918 161.868546 -0.988647
-77.107788 161.811249 -1.234045
-78.260986 161.516235 -1.853928
-78.754349 161.674728 -1.487757
-78.710533 162.093018 -0.163171
-79.914619 161.910568 -0.336244
-79.795151 161.724655 -0.973143
-81.266762 161.580551 -0.382913
-82.852646 161.523270 0.221144
-82.902008 160.860992 -0.343374
-84.610794 161.272766 0.149199
-84.656143 161.344391 0.896229
-86.014938 161.131332 0.074379
-86.046379 161.202576 0.813180
-84.804337 160.813538 1.453444
-86.216972 160.724731 1.349564
-86.141380 160.566132 -0.345694
-87.271400 160.465134 -0.326243
-87.397995 160.980133 0.070477
-87.407883 161.048584 0.757315
-84.695358 160.657623 -0.299834
-84.954010 159.841507 -0.153715
-85.059608 159.983276 1.474940
-85.134369 159.464584 1.024057
-83.252724 159.575912 -0.087178
-83.528442 159.218933 0.559738
-83.003502 159.428619 -0.607772
-82.714806 160.688568 -0.854123
-81.168892 161.407684 -0.953958
-81.012642 161.331497 -1.589624
-82.498207 160.998642 -1.575427
-79.687279 161.546005 -1.551634
-79.455406 161.296829 -2.069065
-78.013786 161.146774 -2.505455
-79.290184 160.971603 -2.568613
-76.555466 161.089981 -2.619076
-77.600800 160.636871 -3.207344
-78.193924 160.866898 -2.910942
-77.122910 159.941162 -3.676713
-75.761848 160.153152 -3.442910
-78.803268 160.406693 -3.448825
-78.476212 159.791061 -3.857633
-74.623886 161.310577 -2.397430
-75.021797 161.997818 -0.989462
-72.930504 161.467072 -2.362458
-73.144661 162.177109 -0.901492
-73.365730 162.401581 0.914635
-74.203217 160.275345 -3.269829
-72.709908 160.262558 -3.107342
-79.160988 160.706192 -3.001024
-80.740341 160.646957 -2.657682
-80.529694 160.411163 -3.076355
-80.863129 161.052231 -2.190106
-82.287857 160.021225 -2.637422
-82.370155 160.732864 -2.249019
-81.916519 159.811676 -3.015358
-71.589188 159.881866 3.506794
-69.543633 159.627472 2.894225
-72.128365 158.632889 2.953992
-71.164474 158.656860 2.530595
-72.332657 158.141785 2.261456
-80.028557 158.407166 2.166858
-79.369919 158.213715 1.074625
-74.049126 159.047318 -3.448190
-75.529160 159.016312 -3.631482
-80.019554 158.261414 -3.737673
-81.152374 158.301620 -3.933666
-80.994453 158.882050 -4.244729
-79.747597 158.915894 -4.093031
-74.566643 157.639404 -1.902065
-76.120590 157.745361 -2.048891
-75.723610 158.082916 -3.048620
-74.212448 158.029327 -2.900837
-71.462868 158.820587 -2.766872
-72.815460 158.122894 -2.695039
-72.686523 159.053757 -3.166234
-73.169289 157.661209 -1.731039
-76.558266 157.806213 -0.993149
-74.929634 157.691818 -0.902750
-81.819656 158.205872 -2.973246
-82.104713 158.744034 -2.648484
-82.522690 158.916916 -2.270826
-82.829781 158.684494 -1.645052
-73.728088 157.764938 0.809109
-72.245422 158.036545 0.566937
-72.178093 158.072418 1.440107
-73.660515 157.735352 1.723937
-86.503845 159.099457 -3.782423
-87.145844 158.995102 -3.889377
-86.926430 158.621414 -3.599226
-86.077728 158.844147 -3.512340
-86.526756 159.184021 -4.275432
-85.051315 159.264313 -3.525172
-85.002174 159.402405 -4.074076
-84.806313 158.528061 -4.621214
-84.896599 159.069550 -4.534789
-86.312431 158.412430 -4.748417
-85.879524 158.132111 -4.522998
-86.781792 158.020752 -4.496110
-86.987114 158.390579 -4.770729
-85.853279 158.014084 -3.985039
-86.749878 157.961609 -4.063111
-87.421738 157.951324 -4.143478
-87.407013 157.973602 -4.514926
-86.801979 158.196976 -3.711709
-85.923538 158.276840 -3.611724
-84.920784 158.292068 -3.440277
-85.024002 158.821915 -3.281978
-87.505966 158.231796 -4.763359
-87.659981 158.513443 -4.815224
-87.901871 158.206680 -4.704109
-87.952950 158.442123 -4.777588
-87.336754 158.840576 -4.698975
-87.338486 158.589218 -4.798288
-88.186409 158.536514 -4.611295
-88.166664 158.297165 -4.481789
-87.907127 158.047867 -4.268931
-87.790619 158.005905 -4.529950
-86.944946 158.839645 -4.688139
-86.441940 158.885986 -4.679043
-87.014572 159.090073 -4.337859
-87.388283 159.033371 -4.446095
-87.460396 159.051056 -4.170370
-84.190575 159.189133 -4.463497
-84.029846 158.644257 -4.567137
-83.352211 159.683060 -3.842633
-84.315933 159.523987 -3.973293
-84.330727 159.384171 -3.397323
-83.605614 159.490021 -3.278033
-83.999001 159.043259 -3.118899
-82.844879 159.568619 -3.151865
-82.544838 159.798904 -3.746406
-83.160866 158.747772 -4.488111
-83.158417 159.350250 -4.362166
-82.267677 159.462341 -4.265182
-82.176117 158.822601 -4.372861
-83.617218 158.322052 -4.331199
-82.354286 158.294495 -4.098365
-84.773026 158.121262 -4.355232
-83.751106 158.093597 -3.739661
-84.824432 158.020798 -3.849323
-87.647316 158.866074 -3.861429
-87.520325 158.531006 -3.673762
-88.018539 158.742935 -3.946075
-87.888130 158.503433 -3.778713
-88.219147 158.516052 -4.163828
-88.059845 158.903152 -4.204309
-88.233994 158.722122 -4.370678
-87.775970 159.004700 -4.194594
-87.949493 158.255066 -3.946927
-87.464226 158.170197 -3.805218
-90.621674 160.324951 3.748921
-91.181992 160.150894 3.766748
-91.178749 159.736206 3.737697
-90.618912 159.752502 3.786093
-90.576866 160.121170 2.425868
-91.189201 159.918762 2.426822
-91.684639 159.868332 2.551053
-91.586220 159.571320 2.691010
-91.189270 159.509293 2.606878
-91.984932 159.901901 2.916131
-91.694221 159.553406 3.012895
-91.683403 159.626602 3.414177
-91.968948 159.983246 3.387296
-91.633163 160.075394 3.675618
-91.542931 159.776093 3.673221
-91.239655 159.453384 3.434555
-91.240074 159.371353 3.008308
-90.565475 159.528503 2.546638
-89.885635 160.137146 2.391661
-89.792885 159.578156 2.513114
-90.410835 160.612320 2.775742
-89.912651 160.664810 2.742021
-90.610565 159.288498 2.985213
-89.794235 159.298126 2.987170
-90.635857 159.376160 3.458928
-89.833237 159.393066 3.493743
-90.428024 160.682846 3.319077
-89.938675 160.748489 3.357256
-89.503563 160.813629 3.373015
-89.477295 160.720901 2.726609
-88.695801 160.883194 3.384822
-88.680435 160.791016 2.735291
-89.349396 160.200043 2.363377
-88.972298 159.779312 2.420779
-88.924286 159.351471 2.972349
-88.708717 160.265762 2.351296
-88.042801 160.844391 2.732110
-88.017593 160.303558 2.338079
-89.414978 160.438095 3.846947
-88.753220 160.501404 3.862378
-89.959648 160.360153 3.814073
-89.879845 159.812820 3.840233
-89.035667 160.030670 3.911442
-88.952171 159.451096 3.531430
-88.020309 160.519836 3.881108
-88.040154 160.931168 3.389985
-87.953468 159.930573 3.932015
-90.102791 159.758377 1.214828
-90.280716 160.298431 1.159100
-91.056549 160.216522 1.118461
-90.862381 159.633621 1.196939
-89.235802 160.012100 1.264840
-90.006973 159.352631 0.858755
-89.124947 159.445099 0.877268
-88.938919 160.493042 1.216173
-89.672867 160.403702 1.192958
-88.102638 159.969269 1.290475
-88.154442 160.544128 1.239086
-88.859055 160.878052 0.731219
-88.156898 160.956116 0.744124
-87.309052 160.629501 1.276580
-86.779510 160.174271 1.370335
-88.061028 159.473877 0.906849
-88.039055 159.400772 0.332546
-86.751564 159.531326 0.944169
-86.722137 159.471130 0.329649
-88.136925 160.882141 0.091106
-88.822571 160.799149 0.093035
-89.783066 160.773239 0.707302
-89.750290 160.682404 0.063740
-88.100685 160.364029 -0.288595
-88.851143 160.296951 -0.276660
-88.040314 159.785370 -0.183412
-89.151855 159.800720 -0.203762
-89.098114 159.362885 0.331611
-90.025528 159.541489 -0.098191
-89.976944 159.267822 0.360983
-90.204208 160.062881 -0.238917
-89.589760 160.181061 -0.280035
-90.763031 159.431259 -0.057806
-90.967209 159.982040 -0.183573
-91.406303 159.343430 -0.029568
-91.583282 159.730896 -0.166822
-91.872429 160.043259 -0.033384
-91.455826 160.180130 -0.060186
-90.904350 160.481354 0.115860
-90.288490 160.579391 0.075881
-91.434196 160.425949 0.189827
-91.867210 159.352112 0.023709
-92.080620 159.627319 -0.055724
-91.405563 159.149277 0.354564
-91.998589 159.263885 0.323543
-90.718300 159.180862 0.369008
-90.761124 159.257965 0.850121
-90.318756 160.676910 0.686435
-90.936104 160.578018 0.651600
-91.449577 160.501755 0.585302
-91.498589 160.363525 0.907855
-91.910561 160.217377 0.918910
-91.696449 159.958023 1.163336
-92.265358 160.073395 0.894618
-92.199249 159.798080 1.053084
-92.515274 159.993820 0.628949
-92.483871 159.645874 0.709212
-92.424522 159.580185 0.250643
-92.490128 159.927795 0.260282
-91.998764 159.482208 1.052219
-91.531792 159.512787 1.153056
-92.056244 159.319366 0.742671
-91.461105 159.214691 0.807424
-89.532997 159.276428 -1.422337
-89.686447 159.817230 -1.517450
-90.400146 159.729706 -1.590564
-90.272430 159.178589 -1.481175
-89.443504 158.841766 -1.740860
-88.532188 158.917038 -1.681288
-88.665443 159.518173 -1.349626
-88.493988 158.764328 -2.173327
-89.411331 158.694305 -2.199502
-89.437706 158.882950 -2.654879
-88.543762 159.082352 -2.706585
-90.157730 158.642395 -2.231210
-90.167458 158.806305 -2.663084
-90.195053 158.791458 -1.787703
-90.911224 159.123901 -1.573785
-90.863434 158.814667 -1.863268
-91.005325 159.540421 -1.590566
-91.453430 159.425140 -1.755261
-91.330139 159.133713 -1.712992
-91.085884 159.763702 -1.862069
-91.672882 159.262344 -2.088788
-91.385315 158.950424 -1.975272
-90.728302 159.854752 -1.850589
-90.649078 159.913010 -2.189571
-90.818047 158.674179 -2.265639
-91.324677 158.823181 -2.336944
-90.785492 158.769196 -2.641064
-91.187485 158.823624 -2.603931
-89.569832 159.349777 -2.862801
-88.974884 159.433594 -2.857220
-90.278877 159.297836 -2.857654
-91.000252 159.374924 -2.762054
-90.637115 159.492828 -2.775358
-90.855797 159.087555 -2.833943
-91.290588 159.051376 -2.732569
-91.595505 159.114166 -2.480518
-90.609718 159.762024 -2.562971
-90.193909 159.800888 -2.607659
-89.639091 159.885925 -2.631992
-89.691521 160.103241 -2.058087
-90.243721 159.991180 -2.098897
-89.124779 159.968765 -2.626000
-88.213730 159.524765 -2.821143
-87.279953 159.048752 -2.606008
-87.331116 159.573303 -2.789667
-87.336731 158.931534 -1.580752
-87.288147 158.785599 -2.098118
-85.830940 158.859833 -1.995519
-85.776627 159.235764 -2.604276
-86.348244 159.646866 -2.773266
-88.186668 160.077820 -2.550664
-89.184090 160.193329 -2.031841
-88.256310 160.285400 -1.942362
-87.387077 160.161102 -2.504699
-87.461098 160.359024 -1.855847
-89.103241 159.918304 -1.481053
-88.361008 159.986084 -1.412065
-87.421150 159.441879 -1.222586
-87.491074 160.014847 -1.305232
-85.981651 159.654648 -1.049760
-86.536461 160.093277 -1.191606
-85.400055 160.194122 -1.085142
-85.902206 159.006912 -1.441092
-85.177147 160.590591 -1.660384
-86.589943 160.452927 -1.771688
-83.583542 159.282166 1.175939
-86.028275 160.606354 3.941487
-86.595535 160.094254 3.953688
-85.904213 161.109253 3.442333
-87.300468 161.002106 3.399699
-87.175209 160.577988 3.900627
-87.319962 160.921051 2.713887
-85.932053 161.071777 2.693994
-86.091850 160.500137 2.242722
-87.214577 160.391632 2.298092
-84.661217 160.629822 2.222979
-84.536308 161.202835 2.751241
-86.645020 159.936966 2.314886
-86.584297 159.405075 2.882955
-87.944382 159.721558 2.429741
-87.911514 159.349960 2.948590
-86.568756 159.462250 3.497962
-76.581779 159.882004 5.669785
-84.142204 160.341202 -0.991480
-84.353249 159.539886 -0.875774
-83.971390 160.742050 -1.604323
-83.866875 160.521896 -2.303135
-83.863251 159.859879 -2.629546
-85.079353 160.385284 -2.380888
-86.505905 160.254791 -2.473092
-85.170815 159.746017 -2.711226
-84.070610 159.142578 -2.402611
-84.222664 158.841492 -1.835409
-84.324219 158.982376 -1.266165
-82.973068 158.847443 -1.076913
-85.091522 159.411957 0.404478
-81.475800 158.067917 -3.448864
-82.593361 158.095810 -3.585156
-82.842369 158.315491 -3.108769
-82.998070 158.890198 -2.879655
-81.124718 159.574966 -4.154713
-79.843750 159.686493 -4.026366
-80.173523 160.216980 -3.595110
-81.475121 159.974960 -3.660131
-92.219086 159.915634 0.018719
-86.711021 160.010849 -0.266927
-83.900185 158.360092 -3.285457
-87.916855 159.428650 3.536587
-81.808075 158.318542 -1.398832
-81.085838 158.133026 -1.198542
-81.240860 158.226608 -0.823832
-81.974594 158.459061 -0.909471
-80.678497 158.249969 -0.377640
-81.957481 158.673248 -0.389655
-80.217888 158.032440 -1.398186
-81.398605 158.261765 -1.874304
-82.194550 158.820358 0.261879
-81.115112 158.470993 0.758111
-81.870415 158.633408 0.970011
-82.515648 158.844193 0.776109
-81.963257 158.688309 1.367802
-82.596107 158.907959 1.304109
-81.406021 158.637802 1.832045
-82.432510 159.015076 1.867202
-82.391205 159.054016 2.526157
-81.443024 158.869720 2.950801
-81.891037 158.920074 3.220466
-82.471046 159.026489 3.052702
-81.803711 159.100159 3.582314
-82.373665 159.210587 3.553946
-81.007774 158.129822 -2.429617
-79.585320 157.912415 -2.434375
-80.839050 157.969788 -2.874562
-80.064491 157.855530 -2.823946
-80.494728 157.980911 -3.322417
-79.809402 157.909088 -3.176842
-78.959427 158.131607 -3.341964
-78.328156 157.922546 -1.160237
-78.825226 158.084671 -0.083347
-76.994011 157.930435 0.103215
-75.218864 157.799973 0.054917
-72.527283 157.959076 -0.110340
-73.723289 157.795410 -0.028622
-72.415588 157.809647 -0.752576
-73.539001 157.698959 -0.826661
-71.851456 157.912933 -1.603765
-69.064331 158.845917 -2.615400
-69.818001 157.936127 -1.211572
-69.968399 158.059509 0.118133
-69.891144 158.438202 1.520982
-71.514885 157.939224 -0.221535
-71.451836 157.858231 -0.633846
-71.182747 160.148666 -2.961955
-68.871132 160.265686 -2.863474
-77.793167 157.852249 -2.208514
-77.298912 158.138229 -3.172681
-78.443283 158.916931 -3.893603
-77.000427 158.961258 -3.756034
-76.029755 162.107025 2.797614
-71.279968 161.524200 -2.417044
-71.296616 162.268250 -0.869423
-71.306396 162.412216 1.008093
-73.720482 162.076355 3.032575
-73.409508 160.969604 4.439492
-76.891922 160.551926 5.168762
-74.654205 161.789001 3.922388
-75.829956 161.607376 4.090450
-68.937096 162.283081 -0.798468
-68.962921 161.634491 -2.287648
-68.931107 162.388901 0.968187
-71.545547 161.729202 3.164991
-69.058205 161.548935 2.676127
-71.317650 158.393936 2.114088
-74.520180 161.332382 4.466100
-75.566833 160.968613 4.836905
-77.218307 161.081436 4.533575
-83.105408 156.975723 7.293190
-83.284477 156.944244 6.768444
-83.303444 156.451202 6.368227
-83.043854 155.778748 6.297101
-82.663162 155.298798 6.571964
-82.432640 155.256348 7.126959
-78.661964 157.264786 6.435021
-78.983665 158.047073 6.678599
-79.525589 158.680420 6.303953
-80.210350 156.598923 7.143879
-80.481750 157.381714 7.331096
-80.919228 158.032486 6.968357
-86.681084 160.602325 3.918861
-86.697380 161.064560 3.413119
-86.721352 160.993103 2.693292
-86.732925 160.438339 2.270393
-89.109230 160.474915 3.854445
-89.132919 160.854599 3.380531
-89.109276 160.759003 2.728891
-89.050758 160.234360 2.357625
-86.830284 160.673523 1.304951
-86.815575 161.123856 0.773778
-86.800827 161.054626 0.054219
-86.784103 160.512115 -0.347799
-89.331757 160.454727 1.205204
-89.346779 160.834000 0.718308
-89.308533 160.750015 0.074552
-89.238220 160.245178 -0.280630
-86.001968 160.129410 -1.134959
-85.920372 160.516617 -1.712253
-85.826721 160.315598 -2.437910
-85.792549 159.682999 -2.751595
-88.632980 159.481110 -2.839920
-88.699707 160.024445 -2.595258
-88.765587 160.242706 -1.998111
-88.771881 159.957626 -1.458764
-83.965797 159.441223 -3.335026
-83.839127 159.608994 -3.906856
-83.690086 159.271744 -4.417425
-83.617332 158.696991 -4.533074
-85.570259 158.455750 -4.694597
-85.580452 158.971741 -4.612539
-85.673592 159.307388 -4.173065
-85.780411 159.199020 -3.663838
-85.956390 158.425583 -4.727878
-86.037399 158.924042 -4.659743
-86.127289 159.250000 -4.233543
-86.157013 159.154999 -3.729273
-92.631615 159.949814 0.081491
-92.657349 160.078995 0.796584
-92.774490 160.120728 0.581754
-92.770073 160.064682 0.264971
-91.887413 160.320435 0.218925
-91.895996 160.388962 0.580172
-92.200439 160.052948 0.022660
-92.264328 160.244949 0.233897
-92.270836 160.309662 0.570021
-92.229774 160.211075 0.841813
-92.439392 159.996567 0.051998
-92.551003 160.161789 0.244503
-92.556755 160.222931 0.574573
-92.469276 160.141632 0.818945
-92.608299 159.856033 0.148077
-92.421883 159.881729 0.125743
-92.546204 159.951691 0.320090
-92.734779 159.932465 0.320118
-92.551552 159.998520 0.584920
-92.736809 159.977310 0.583692
-92.628670 159.965698 0.772362
-92.448532 160.004593 0.797676
-90.967133 159.685989 -2.557124
-90.997147 159.833511 -2.214602
-88.257607 158.546707 -4.816726
-88.336884 158.698471 -4.756796
-88.369400 158.847702 -4.578548
-88.341019 158.896378 -4.406178
-87.649384 158.800964 -4.729677
-87.693855 158.989944 -4.498149
-87.994911 158.997406 -4.311572
-87.952858 158.964157 -4.552055
-87.914803 158.785782 -4.763475
-87.894646 158.556702 -4.835372
-88.100601 158.551102 -4.825908
-88.149323 158.755005 -4.778328
-88.184021 158.922089 -4.581340
-88.190468 158.945114 -4.366624
-88.350822 158.602524 -4.649739
-88.268135 158.490768 -4.726254
-88.128342 158.474121 -4.719542
-88.230789 158.578384 -4.602774
-88.378349 158.726761 -4.500304
-88.262062 158.711884 -4.440048
-88.341774 158.799408 -4.362943
-88.210007 158.826691 -4.304122
-0.443191 179.539566 14.018798
-1.045515 179.545059 13.795181
-1.569345 179.370987 13.404050
-1.890569 179.163605 13.061320
-2.126281 179.000778 12.780409
-2.381421 178.910706 12.493402
-2.620607 178.792389 12.224781
-2.749192 178.587509 12.010706
-2.738776 178.288620 11.851999
-2.634429 177.904846 11.771852
-2.409715 177.488449 11.794936
-2.013312 177.106644 11.933851
-1.458658 176.776917 12.140787
-0.808509 176.551453 12.399151
-1.778352 185.638611 11.984634
-1.739792 185.305420 12.018922
-1.929099 185.131073 12.001779
-2.250320 185.085449 12.014956
-2.664713 185.076843 12.087107
-3.323267 185.022049 12.121514
-4.041759 184.901825 11.953136
-4.658445 184.912842 11.657040
-5.200561 185.069824 11.244768
-5.636551 185.431183 10.809878
-5.881769 185.850006 10.529622
-5.928021 186.110168 10.614699
-5.647252 186.418304 10.985824
-5.195603 186.659332 11.404235
-4.685232 186.787033 11.808517
-4.057631 186.804062 12.150050
-3.353491 186.746994 12.290145
-2.705423 186.551208 12.215247
-2.261664 186.295914 12.097516
-1.996575 186.002396 11.998425
-0.735308 118.319176 -6.552111
0.002856 118.262985 -4.981165
0.741325 118.319183 -6.551895
-0.773336 115.417786 -5.940008
0.002866 115.765472 -4.555991
0.779391 115.417877 -5.939778
-3.781956 184.465469 -6.944121
3.783435 184.457428 -6.924379
78.966850 158.910263 6.146579
78.332466 158.265060 6.547038
77.894180 157.439819 6.235486
77.907722 159.497391 5.782660
76.964226 158.830948 6.210450
76.687088 157.810562 5.905684
</float_array>
          <technique_common>
            <accessor source="#Body-POSITION-array" count="5249" stride="3">
              <param name="X" type="float"/>
              <param name="Y" type="float"/>
              <param name="Z" type="float"/>
            </accessor>
          </technique_common>
        </source>
        <source id="Body-Normal0">
          <float_array id="Body-Normal0-array" count="15747">
-0.001190 0.053496 0.998567
-0.001505 0.045689 0.998955
-0.000450 0.118401 0.992966
-0.003959 -0.761274 -0.648418
-0.002670 -0.907483 -0.420081
-0.000998 -0.999997 0.002451
-0.005073 -0.308501 0.951211
0.004054 -0.573338 -0.819309
0.000956 0.312350 -0.949966
0.001682 -0.079661 -0.996821
0.004461 -0.997042 -0.076730
0.003828 -0.971290 0.237870
0.002803 -0.053710 0.998553
0.001973 -0.044823 0.998993
-0.003184 0.026137 0.999653
-0.003676 -0.035559 0.999361
-0.000272 0.264182 0.964473
-0.000176 0.457520 0.889199
-0.000033 0.729516 0.683964
-0.005913 0.564837 0.825182
0.028430 0.628990 0.776893
0.008340 0.594921 0.803741
0.086451 -0.268775 0.959316
0.076498 0.194109 0.977993
0.078271 -0.653131 0.753189
0.052493 0.549568 0.833798
0.004795 0.161121 0.986923
0.000222 -0.892488 0.451072
-0.001535 -0.999774 0.021223
-0.001089 -0.236576 -0.971613
0.016209 0.136176 0.990552
0.035795 -0.288450 0.956826
0.047657 -0.812018 0.581684
0.039875 -0.915024 0.401424
0.054999 -0.866751 0.495700
-0.003697 0.062762 0.998022
-0.006811 0.298700 0.954323
-0.010888 0.492630 0.870171
-0.003155 -0.489811 -0.871823
0.001512 0.974576 -0.224052
-0.022440 -0.040688 0.998920
-0.029728 -0.535469 0.844032
0.000018 0.998120 -0.061293
0.000547 0.957568 -0.288208
-0.000171 0.970705 0.240275
-0.000332 0.570371 0.821387
-0.000248 -0.466970 0.884273
-0.000209 -0.891259 0.453496
0.004993 -0.193896 0.981009
0.011868 -0.700612 0.713444
0.008639 -0.989736 0.142650
0.002964 -0.411426 -0.911438
0.000493 0.706699 -0.707515
0.002867 -0.996888 -0.078774
0.002527 -0.720554 0.693394
0.000020 0.928793 0.370599
0.000019 0.996309 0.085836
0.000156 0.951044 -0.309056
0.000241 -0.032823 -0.999461
-0.000564 0.420721 -0.907190
0.003036 -0.476802 -0.879006
-0.000020 -0.218292 -0.975884
-0.000195 0.042489 -0.999097
0.000134 0.314896 -0.949126
-0.000002 0.255200 0.966888
0.000201 0.047722 0.998861
0.000008 0.076749 0.997051
0.000002 -0.246481 0.969148
-0.000018 -0.670431 0.741971
0.000014 0.310924 -0.950435
0.000024 0.330527 -0.943797
0.000011 -0.978894 0.204367
0.000048 -0.993905 -0.110243
0.000084 -0.945622 -0.325269
-0.000009 -0.356106 -0.934446
-0.000167 -0.238060 -0.971250
0.000141 -0.661680 -0.749786
0.000029 0.342162 -0.939641
0.000023 0.411153 -0.911566
0.000002 0.189895 0.981804
0.000006 -0.336997 0.941506
0.000018 0.186738 0.982410
0.000051 0.140027 0.990148
0.000099 0.211402 0.977399
0.000070 0.393014 0.919532
0.000204 -0.381534 -0.924355
0.000040 0.039437 -0.999222
-0.000019 -0.865881 0.500250
0.000118 -0.836344 -0.548205
0.000061 0.272670 -0.962108
0.000077 0.469947 0.882694
0.000116 0.307671 0.951493
-0.000108 -0.141929 -0.989877
0.000060 0.523440 0.852062
0.000033 0.554450 0.832217
0.000001 -0.474717 0.880138
0.000024 0.544623 0.838681
0.000034 0.627183 0.778872
0.249295 0.014725 0.968316
0.177626 0.023348 0.983821
0.204885 0.056348 0.977163
0.104132 0.037458 0.993858
0.103576 0.039367 0.993842
0.095529 0.023362 0.995152
0.164210 -0.027316 0.986047
0.156890 0.036165 0.986954
0.272377 -0.115314 0.955256
0.096261 -0.048464 0.994176
0.099818 0.098928 0.990076
0.097645 0.245807 0.964388
0.245367 0.196678 0.949270
0.111355 0.446052 0.888053
0.316586 0.414552 0.853183
0.194276 -0.052531 0.979539
0.270033 -0.172712 0.947234
0.243930 -0.341275 0.907761
0.238104 -0.667523 0.705493
0.390965 -0.520571 0.759047
0.356333 -0.643062 0.677863
0.562146 -0.455990 0.689975
0.708607 -0.158776 0.687507
0.643045 -0.389095 0.659620
0.546360 -0.260584 0.795981
0.296051 -0.243261 0.923676
0.811108 -0.071305 0.580534
0.245091 -0.573613 0.781600
0.277469 -0.751753 0.598230
0.230745 -0.820134 0.523581
0.323627 -0.630727 0.705300
0.436551 -0.527572 0.728760
0.603324 -0.447977 0.659785
0.367052 -0.455702 0.810931
0.401436 -0.084587 0.911973
0.609521 -0.088660 0.787797
0.842254 -0.091997 0.531173
0.769927 -0.069837 0.634299
0.716242 -0.290195 0.634653
0.686072 -0.302079 0.661856
0.611032 -0.331540 0.718833
0.506933 -0.384522 0.771467
0.705529 0.035729 0.707780
0.858188 0.034666 0.512164
0.899789 0.012179 0.436155
0.799800 0.008630 0.600204
0.906539 0.007646 0.422054
0.428766 0.037463 0.902639
0.560882 0.025617 0.827499
0.697110 0.077228 0.712792
0.802901 0.218907 0.554463
0.871498 0.016984 0.490105
0.917059 0.082545 0.390115
0.926961 0.011530 0.374981
0.923425 0.019600 0.383279
0.931768 0.033216 0.361533
0.941548 0.032552 0.335302
0.924263 0.215295 0.315255
0.952070 0.090329 0.292240
0.939624 0.046019 0.339101
0.956696 0.083543 0.278844
0.919067 0.312803 0.239732
0.823023 0.404994 0.398262
0.810419 0.499761 0.305712
0.130663 0.698778 0.703304
0.409812 0.665850 0.623456
0.273179 0.888437 0.368854
0.823054 0.216893 0.524919
0.750284 0.340696 0.566570
0.711760 0.357029 0.604919
0.453984 0.515541 0.726716
0.740182 0.242908 0.626998
0.668949 0.336436 0.662811
0.433752 0.501476 0.748586
0.666726 0.367391 0.648460
0.700000 0.305359 0.645567
0.610140 0.233362 0.757147
0.541150 0.419764 0.728667
0.545096 0.317582 0.775895
0.743967 0.277409 0.607912
0.509818 0.470702 0.720087
0.281785 0.278426 0.918192
0.386414 0.456531 0.801413
0.438218 0.280770 0.853893
0.589158 0.150547 0.793870
0.692938 0.088512 0.715544
0.894659 0.229101 0.383533
0.860045 0.319554 0.397753
0.976830 0.090351 0.194008
0.880476 0.248326 0.403851
0.907305 -0.309950 0.284128
0.865368 -0.143607 0.480121
0.579956 -0.702258 0.412899
0.824309 -0.455871 0.335704
0.483336 -0.718322 0.500401
-0.192334 -0.596602 0.779149
-0.405319 -0.825166 0.393469
-0.584048 -0.722442 0.370089
0.612994 -0.620822 0.488691
-0.307853 -0.950762 0.035745
-0.589631 -0.798972 -0.118228
0.602132 -0.622819 0.499534
-0.035853 -0.974480 -0.221592
0.784118 -0.139617 0.604704
0.804291 0.219788 0.552096
0.817755 0.314730 0.481894
0.458918 -0.030117 0.887968
0.900300 0.045748 0.432860
0.461346 0.541697 0.702655
0.752570 0.370078 0.544685
0.759350 0.309888 0.572151
0.493022 0.461601 0.737464
0.848698 0.218293 0.481726
0.845231 0.274754 0.458361
0.811546 0.250801 0.527724
0.833074 0.022879 0.552689
0.772212 0.057864 0.632725
0.790311 0.095088 0.605283
0.744978 -0.233282 0.624970
0.763354 -0.285798 0.579319
0.712911 -0.283061 0.641587
0.480116 -0.276772 0.832397
0.522466 0.136137 0.841722
0.395675 -0.627770 0.670333
0.595918 -0.591899 0.542713
0.654108 -0.600678 0.459704
0.625377 -0.639531 0.447106
0.435752 -0.862246 -0.258171
0.664511 -0.747254 0.005971
0.543591 -0.775803 0.320372
0.413138 -0.041639 0.909716
0.340986 0.187244 0.921232
0.040963 0.148250 0.988101
0.144229 -0.192843 0.970572
0.418237 0.127866 0.899293
0.082199 0.174364 0.981244
0.170970 -0.802259 0.571970
0.181517 -0.840663 0.510233
-0.017302 -0.997130 0.073709
-0.132291 -0.984388 0.116098
-0.439254 -0.230209 -0.868366
-0.178720 -0.229561 -0.956745
0.780614 -0.471691 0.410060
0.398189 -0.720528 0.567701
0.952820 -0.244670 0.179641
0.749979 -0.153629 0.643374
0.721033 -0.685413 0.101590
0.866093 -0.407877 -0.288998
0.351355 -0.870413 0.344863
0.604675 0.083685 0.792064
0.241851 -0.797211 0.553139
0.330362 -0.804980 0.492816
0.676849 0.007528 0.736083
0.064274 -0.992622 0.102817
-0.048910 -0.994480 0.092826
-0.638225 -0.455234 -0.620830
-0.600215 -0.300011 -0.741442
-0.772616 -0.377565 -0.510401
-0.719589 -0.366249 -0.589960
-0.815478 -0.377497 -0.438739
-0.832413 -0.336028 -0.440652
-0.882692 -0.241786 -0.402982
-0.696697 -0.505326 -0.509175
-0.874469 -0.306754 -0.375773
-0.634464 -0.626107 -0.453262
-0.737012 -0.610983 -0.288986
-0.571705 -0.424714 -0.701977
-0.340729 -0.477459 -0.809899
-0.446775 -0.667324 -0.595879
0.184259 -0.972180 0.144622
0.188679 -0.972071 0.139564
0.394591 -0.812358 0.429387
0.372966 -0.840987 0.391967
0.625063 -0.124879 0.770520
0.595362 -0.206575 0.776447
0.589206 0.095897 0.802272
0.489420 0.179485 0.853377
0.589024 -0.033410 0.807425
0.485695 0.095041 0.868946
0.537703 0.041759 0.842100
0.411387 0.078634 0.908063
0.447646 -0.062479 0.892026
0.566115 -0.075562 0.820856
0.802540 -0.253907 0.539871
-0.352788 -0.382547 0.853932
0.343177 -0.100847 0.933841
0.515845 -0.107561 0.849903
0.552770 -0.058701 0.831264
0.508340 -0.040416 0.860208
-0.492966 -0.662317 -0.564199
0.337802 -0.909177 -0.243489
0.222280 -0.466082 -0.856364
0.904948 -0.355558 0.233769
0.858104 -0.464390 -0.219089
0.327606 -0.828124 0.454847
0.560383 -0.145366 0.815377
0.620070 -0.245576 0.745121
0.678396 -0.335845 0.653443
0.725299 -0.324599 0.607105
0.814454 -0.351481 0.461656
0.758071 -0.368140 0.538332
0.820904 -0.459245 0.339426
0.765673 -0.431433 0.477086
0.697997 -0.373226 0.611149
0.624205 -0.378682 0.683351
0.646638 -0.364500 0.670074
0.134061 -0.322383 0.937068
0.606857 -0.373204 0.701743
0.556951 0.043983 0.829380
0.591404 -0.283410 0.754930
0.707367 -0.399715 0.582975
0.749007 -0.640674 0.168894
0.737671 -0.552122 0.388592
0.700896 -0.461000 0.544265
0.838289 -0.251370 0.483823
0.710858 -0.186342 0.678201
0.690698 -0.238844 0.682562
0.779587 -0.307088 0.545840
0.677795 -0.057563 0.732994
0.563619 -0.163386 0.809715
0.573117 -0.078543 0.815701
0.897719 -0.217553 0.383107
0.867488 -0.311404 0.387933
0.903045 -0.267138 0.336373
0.856069 -0.447495 0.258638
0.729320 -0.684165 0.003260
0.580172 -0.807282 -0.108150
0.629753 -0.774523 0.059378
0.579311 -0.803196 -0.138838
0.609651 -0.773410 -0.173674
0.698253 -0.714173 -0.048987
0.647283 -0.245270 0.721711
0.551658 -0.168787 0.816814
0.466407 -0.096855 0.879252
0.452860 -0.095033 0.886502
0.491805 -0.067254 0.868104
0.920996 -0.163064 0.353803
0.282385 -0.528372 0.800676
0.346431 0.276177 0.896500
0.291206 -0.693972 0.658485
0.251200 -0.706624 0.661499
0.201209 -0.781119 0.591074
0.195822 -0.836602 0.511617
0.721135 -0.179274 0.669197
0.735386 -0.112246 0.668288
0.803385 -0.150232 0.576196
0.755190 -0.082587 0.650282
0.709728 -0.145156 0.689360
0.715445 -0.021252 0.698345
0.850358 -0.148943 0.504686
0.908420 -0.049897 0.415070
0.878498 -0.095013 0.468204
0.375241 0.478276 0.794006
0.412696 0.493405 0.765659
0.251929 0.553012 0.794172
0.400235 0.467876 0.787975
0.591665 -0.192595 0.782841
0.415340 -0.217854 0.883195
0.242244 -0.136011 0.960635
0.631500 0.020242 0.775111
0.510728 0.061281 0.857556
0.168358 0.048645 0.984525
0.471350 0.013978 0.881836
0.747191 -0.009523 0.664541
-0.435469 -0.792934 -0.426172
0.174047 0.808345 0.562393
0.742814 -0.023404 0.669088
0.428308 0.507037 0.747975
0.676416 0.242026 0.695618
-0.182454 0.847785 0.497966
-0.082416 0.751582 0.654471
0.219849 0.422961 0.879074
0.086346 0.681053 0.727125
-0.038278 0.999249 -0.006094
-0.022912 0.966008 -0.257495
0.074818 0.997188 0.004312
-0.173156 0.846944 -0.502695
-0.305795 0.791210 -0.529600
0.492757 0.648512 0.580192
-0.241234 0.919781 -0.309530
-0.416874 0.893106 -0.169048
-0.670604 0.627708 -0.395314
-0.500826 0.684353 -0.529938
0.112287 0.938484 0.326556
-0.414994 0.909603 0.020045
0.061653 -0.979111 0.193753
0.240406 -0.878257 0.413364
-0.915777 -0.196940 -0.350097
-0.848243 0.268765 -0.456343
0.661588 -0.069944 0.746598
-0.883796 0.271348 -0.381150
-0.861510 0.395627 -0.318244
-0.916176 -0.111965 -0.384818
-0.920344 -0.070414 -0.384720
-0.428785 0.903097 0.023631
-0.546760 0.773600 0.320307
-0.939081 0.159385 0.304505
-0.935238 0.337987 -0.105328
-0.849879 0.093589 0.518600
-0.949075 -0.291441 0.119658
-0.985598 -0.168418 -0.015237
-0.409773 0.729821 0.547217
-0.967190 -0.035518 -0.251561
-0.862738 0.439952 -0.249248
-0.106355 0.970042 0.218422
-0.084697 0.965005 0.248179
-0.475913 0.643068 0.599975
-0.934373 -0.036479 -0.354424
0.621439 0.290621 0.727567
0.011637 0.903991 -0.427394
0.082386 0.958709 -0.272195
0.079170 0.945159 -0.316870
0.583649 0.054684 0.810163
0.398294 -0.052470 0.915756
0.131728 -0.063039 0.989280
0.075246 0.969090 -0.234955
0.394333 -0.465892 0.792115
0.166430 -0.508987 0.844532
0.565812 -0.341693 0.750402
0.648281 -0.386805 0.655831
0.647444 -0.332148 0.685925
0.466932 -0.305924 0.829690
0.144612 0.942336 -0.301811
0.039238 0.995319 -0.088325
0.115938 0.947865 -0.296835
0.637249 -0.209400 0.741664
0.651416 -0.382274 0.655381
-0.161693 0.960840 0.225040
-0.443300 0.574641 0.687948
-0.527510 -0.393687 0.752824
-0.389940 -0.919630 -0.047187
-0.415868 -0.811352 0.410807
-0.740730 -0.164592 0.651329
-0.748848 -0.591792 0.298344
-0.896105 -0.371365 -0.243070
-0.736110 -0.659301 -0.153183
-0.842291 -0.366107 -0.395617
-0.899142 -0.230068 -0.372307
-0.928187 -0.251471 -0.274281
-0.717916 -0.556009 -0.418868
0.930200 -0.098421 0.353613
0.958532 -0.043214 0.281688
0.980897 -0.075128 0.179437
0.888381 -0.056043 0.455674
0.781276 0.244580 0.574272
0.988689 0.003264 0.149943
0.296789 0.637890 0.710642
0.306255 0.764484 0.567250
0.750692 0.418284 0.511370
0.685137 0.286236 0.669818
0.444834 0.805495 0.391538
0.702473 0.633363 0.324627
0.368883 0.911606 0.181381
0.650749 0.747497 0.133318
0.110361 0.951612 0.286802
0.924417 0.024548 0.380592
0.871755 0.382500 0.306165
0.906555 -0.175622 0.383815
0.643594 0.168496 0.746590
-0.014056 0.913495 0.406608
-0.129131 0.989163 0.069867
0.053918 0.998545 -0.000412
-0.125674 0.963277 -0.237282
0.077502 0.957341 -0.278373
-0.046178 0.844062 -0.534254
0.169916 0.824335 -0.540001
0.337442 0.940675 -0.035550
0.349802 0.894254 -0.279194
0.546267 0.708453 0.446863
0.573634 0.793620 0.202760
0.985835 0.002417 0.167699
0.997795 0.005026 0.066180
0.971932 0.045204 0.230879
0.990146 0.081706 0.113734
0.979044 0.203649 0.000148
0.997063 0.061536 -0.045604
0.931155 0.292638 -0.217517
0.966588 0.178733 0.183743
0.956853 0.286276 0.049783
0.997005 0.036170 0.068353
0.998839 0.027853 0.039298
0.674318 0.733043 -0.089126
0.947206 0.026513 0.319527
0.960871 -0.145619 0.235632
0.980784 -0.148671 0.126332
0.985979 -0.163079 0.035353
0.921670 -0.267826 0.280703
0.966729 -0.226058 0.119717
0.957151 -0.218324 0.190253
0.965722 -0.099962 0.239560
0.963519 -0.217452 0.156030
0.939754 -0.258933 0.223197
0.932658 -0.188447 0.307632
0.919115 -0.307586 0.246209
0.918427 -0.230835 0.321259
0.938666 -0.323010 0.120707
0.936996 -0.343914 0.061332
0.899823 -0.183359 0.395850
0.836896 -0.429751 0.338997
0.873887 -0.198503 0.443755
0.817973 -0.457450 0.348798
0.892795 -0.105781 0.437866
0.907291 -0.074500 0.413850
0.920247 -0.141863 0.364719
0.968699 0.018180 0.247572
0.899895 -0.021015 0.435599
0.990484 -0.130911 0.042465
0.969525 -0.101438 -0.223007
0.906359 -0.053084 0.419161
0.879821 -0.102932 0.464025
0.938913 -0.081994 0.334246
0.937349 -0.310919 0.157184
0.954977 -0.295045 -0.031118
0.759952 -0.454855 -0.464306
0.819342 -0.497796 -0.284392
0.955185 -0.147193 0.256819
0.667950 -0.743991 -0.017879
0.923352 -0.098311 0.371156
0.901022 -0.094096 0.423444
0.532253 -0.836191 0.132253
0.672634 -0.571845 -0.469635
0.819321 -0.563753 -0.104382
0.855438 -0.455843 -0.245831
0.794714 -0.467539 -0.387087
0.743317 -0.500377 -0.443961
0.828219 -0.445442 -0.340051
0.146854 -0.764113 -0.628145
0.215895 -0.664064 -0.715828
0.971885 -0.220087 0.083673
0.944437 -0.314114 -0.096802
0.935829 -0.274593 -0.220961
0.902864 -0.388846 0.183397
0.952665 -0.269122 0.141428
0.882035 -0.262332 0.391402
0.881303 -0.160905 0.444313
0.892352 -0.365346 0.265009
0.892595 -0.395781 0.215943
0.849479 -0.237485 0.471154
0.930263 0.002058 0.366887
0.926005 -0.014222 0.377245
0.916792 -0.077825 0.391709
0.837128 -0.087533 0.539958
0.871382 -0.140875 0.469944
0.792978 -0.037652 0.608086
0.709567 0.019311 0.704374
0.805495 -0.134206 0.577206
0.898183 -0.126825 0.420931
0.915807 -0.176648 0.360683
0.299381 0.925681 0.231268
0.573470 0.819013 -0.018692
0.296040 0.763600 -0.573826
0.282170 0.910713 -0.301631
0.779492 0.113795 0.615989
0.711533 -0.222413 0.666523
0.446703 -0.191744 0.873894
0.492672 -0.669399 0.556038
0.691157 -0.650027 0.315859
0.719665 -0.683862 0.120065
0.352011 -0.933268 0.071405
0.525649 -0.848984 -0.054037
0.455943 -0.882956 -0.111820
0.270930 -0.958763 -0.085849
0.293768 -0.954066 -0.058807
0.494872 -0.868939 -0.006793
0.830397 -0.328202 0.450249
0.944101 -0.274800 0.182095
0.872478 -0.043297 0.486732
0.858884 -0.473875 0.194321
0.815385 -0.571558 -0.092027
0.638802 0.028190 0.768855
0.847917 -0.259663 0.462183
0.886501 -0.290106 0.360492
0.935750 -0.248425 0.250312
0.949535 -0.176096 0.259563
0.915291 -0.225877 0.333501
0.877888 -0.320704 0.355613
0.913458 -0.268443 0.305832
0.926464 -0.146516 0.346694
0.891832 -0.376620 0.250586
0.910095 -0.360059 0.205144
0.855533 0.508918 0.095211
0.910700 0.412517 -0.021339
0.661051 0.750241 -0.012288
0.928476 0.213224 -0.304087
0.509600 0.716135 -0.476926
0.708996 0.385806 -0.590321
0.103540 0.565405 -0.818289
0.242142 0.200341 -0.949332
0.328839 0.539063 -0.775420
0.494764 0.181434 -0.849877
0.844700 0.057949 -0.532094
0.340741 -0.159061 -0.926604
0.638121 -0.186132 -0.747098
0.384428 -0.423257 -0.820408
0.657077 -0.454860 -0.601126
0.547937 -0.025634 -0.836127
0.381225 -0.243774 -0.891763
0.883567 -0.293598 -0.364842
0.768801 0.199850 -0.607458
0.969678 -0.161106 -0.183763
0.748601 -0.410179 -0.520913
0.797317 0.502375 -0.334522
0.999894 -0.004707 -0.013752
0.987061 -0.086830 -0.134799
0.971743 -0.225229 0.070615
0.884308 -0.243090 0.398632
0.857558 -0.199968 0.473927
0.888306 -0.195749 0.415446
0.931807 -0.254762 0.258520
0.907796 -0.406412 -0.103616
0.931538 -0.282795 0.228614
0.900917 -0.398353 -0.172230
0.923463 -0.215548 -0.317418
0.300379 -0.414548 -0.859024
0.425131 -0.541147 -0.725551
0.855177 -0.424605 -0.297293
0.901860 -0.330833 -0.277847
0.817269 -0.431875 -0.381518
0.950707 -0.195542 -0.240666
0.871343 -0.253334 -0.420219
0.736883 -0.242302 -0.631105
0.621241 -0.487039 -0.613883
0.775111 0.129527 -0.618406
0.765088 -0.469330 -0.440874
0.521192 -0.568516 -0.636513
0.720803 -0.515451 -0.463415
0.929318 0.024427 -0.368472
0.994491 0.048014 -0.093185
0.830934 -0.462578 -0.309145
0.724425 -0.469793 -0.504483
0.853577 -0.456828 -0.250429
0.883951 -0.451508 -0.121541
0.801100 -0.327145 -0.501214
0.848679 -0.445078 -0.285744
0.818192 -0.512003 -0.261563
0.326890 -0.574390 -0.750479
0.206188 -0.529263 -0.823023
0.117374 -0.491953 -0.862673
0.399204 -0.533346 -0.745774
0.417377 -0.515565 -0.748324
0.468858 -0.504189 -0.725235
0.671056 -0.525267 -0.523238
0.310622 -0.200641 -0.929116
0.294429 -0.442259 -0.847183
0.346300 0.067381 -0.935701
0.243461 0.459065 -0.854393
0.259064 -0.567352 -0.781663
0.544170 -0.501222 -0.672796
0.572576 -0.364384 -0.734426
0.649472 -0.164399 -0.742401
0.767541 0.078434 -0.636183
0.775427 0.467934 -0.423970
0.949952 0.289848 0.116527
0.983673 0.041814 -0.175039
-0.013489 0.478568 -0.877947
0.909797 -0.140819 -0.390436
0.198931 0.690344 -0.695594
0.193948 0.310279 -0.930651
0.158796 -0.064743 -0.985186
0.202887 -0.434963 -0.877294
0.178971 0.626600 -0.758513
0.428501 0.082787 0.899741
0.469532 0.012499 0.882827
0.466220 0.202767 0.861118
0.553301 0.084410 0.828693
0.489356 0.198809 0.849120
0.590834 0.091010 0.801644
0.415167 0.399423 0.817372
0.345149 0.415184 0.841721
0.412580 0.308665 0.857032
0.313819 0.269788 0.910347
0.394933 0.141061 0.907816
0.160537 0.106011 0.981320
0.889055 -0.388407 0.242324
0.804428 -0.593543 0.024546
0.669587 -0.714488 -0.202880
0.695028 -0.689952 -0.202244
0.774198 -0.584759 -0.242230
0.746320 -0.581975 -0.322974
0.889871 -0.453843 0.046446
0.506362 -0.648768 0.568065
0.411187 -0.890356 0.195427
0.605423 -0.767895 0.209286
0.686453 -0.550190 0.475472
0.692249 -0.514435 0.506111
0.682121 -0.667712 0.298112
0.782753 0.452214 -0.427551
0.726808 0.653924 -0.210081
0.852682 0.519018 -0.059616
0.876660 0.448599 0.173858
0.734821 0.642522 0.217265
0.684964 0.719266 0.116107
0.434007 0.898256 0.069099
0.179236 0.935045 -0.305885
0.224359 0.970028 0.093324
0.084257 0.570760 -0.816783
0.365469 -0.013895 0.930720
0.542278 0.093755 0.834952
0.275708 0.008859 0.961201
0.139773 -0.015786 -0.990058
-0.051000 -0.023603 -0.998420
-0.178744 -0.032490 -0.983359
0.312899 0.823892 0.472542
0.686685 0.583825 0.433142
0.421505 0.592261 0.686703
0.682743 0.201586 0.702300
0.216900 0.493411 0.842319
0.419728 0.156575 0.894043
-0.016881 0.322681 0.946357
0.140705 0.095475 0.985437
0.233838 0.037968 0.971534
0.248625 -0.798288 0.548564
0.328882 -0.754295 0.568221
0.423445 -0.670139 0.609597
0.446745 -0.586321 0.675756
0.455831 -0.504299 0.733418
0.554666 -0.218960 0.802746
-0.009267 0.693751 0.720156
-0.179988 0.868233 0.462359
-0.072318 0.856489 0.511074
0.068111 0.814295 0.576441
0.189318 0.795124 0.576139
0.250140 0.780794 0.572530
0.244171 0.730783 0.637446
0.244720 0.618817 0.746443
0.274122 0.361510 0.891161
0.288099 -0.509536 0.810785
0.229542 -0.704396 0.671668
0.189292 -0.751111 0.632456
0.178720 -0.763369 0.620747
0.208714 -0.787976 0.579252
0.264078 -0.524683 -0.809303
-0.099762 -0.610017 0.786083
-0.083428 -0.232241 0.969074
0.018338 -0.379084 0.925181
-0.444587 -0.411674 0.795529
-0.391098 -0.159565 0.906412
0.088038 0.063398 0.994098
-0.247673 -0.091824 0.964483
-0.630773 -0.019928 0.775711
-0.456923 0.221018 0.861610
0.657722 -0.551857 0.512694
0.554642 -0.682060 0.476619
0.709192 -0.092394 0.698935
0.932955 -0.189745 0.305927
0.738919 -0.149433 0.657015
0.892166 -0.211882 0.398931
0.264690 -0.032992 0.963769
0.794846 -0.516363 0.318731
0.877453 -0.426909 0.218688
0.918076 -0.282200 0.278387
0.742120 -0.616841 0.262233
0.869155 -0.483019 0.106124
0.645586 -0.330620 0.688411
0.155853 -0.038335 0.987036
0.515473 -0.071318 0.853933
-0.033914 0.048365 0.998254
0.491839 0.038491 0.869835
0.612822 0.239233 0.753138
0.907523 0.396269 0.139188
0.900097 0.429461 -0.073410
0.651021 0.313988 0.691074
0.399689 0.089690 0.912252
0.739061 0.188091 0.646847
0.781061 -0.061632 0.621406
0.893712 0.429729 0.128886
0.902111 0.426064 -0.068303
0.573013 0.155942 0.804573
0.919111 0.346485 0.187574
0.912623 0.408094 -0.024047
0.926097 0.374884 0.042496
0.915983 0.311732 0.252582
0.952545 0.292762 0.083354
0.900328 0.423975 -0.098261
0.850556 0.461217 -0.252654
0.905264 0.322829 -0.276185
0.945485 0.314167 -0.085773
0.916179 0.251226 0.312251
0.920873 0.170541 0.350583
0.977834 0.189930 0.088128
0.452023 0.090293 0.887425
0.814504 0.515535 -0.266097
0.873161 0.464728 -0.147030
0.686271 0.557346 -0.467330
0.126594 -0.057842 0.990267
0.002312 -0.111560 0.993755
0.380159 0.057393 0.923139
0.515800 0.115825 0.848844
-0.214384 -0.112816 0.970212
0.061614 -0.150177 0.986737
0.049386 -0.219748 0.974306
-0.189155 -0.543888 0.817561
0.151495 0.909448 0.387237
0.162268 0.973975 -0.158247
0.095953 0.916023 0.389480
0.410495 0.408534 0.815227
0.433508 0.211744 0.875920
0.305246 0.133286 0.942900
0.178793 0.908223 0.378371
0.266260 0.892077 0.365109
0.968065 0.007949 0.250572
0.975980 -0.184477 0.115896
0.950727 -0.305043 0.055377
0.984052 -0.086504 0.155430
0.938551 -0.260505 0.226403
0.949365 -0.238758 0.204209
0.786597 -0.094290 0.610225
0.353184 -0.363441 0.862074
0.913126 -0.269276 0.306090
0.953140 -0.244879 0.177644
0.048292 -0.224727 0.973224
0.076567 -0.303690 0.949689
0.008055 -0.699441 0.714645
0.008935 -0.736394 0.676494
0.082207 0.274569 0.958047
0.160175 0.197707 0.967086
0.172415 0.982509 -0.070353
0.173383 0.916491 0.360531
0.273567 0.890500 0.363552
0.877183 -0.427931 -0.217773
-0.055691 0.439657 -0.896437
0.048228 0.357711 -0.932586
0.457279 0.503395 -0.733137
0.479941 0.374843 -0.793190
0.233930 0.383061 -0.893611
0.181005 0.497603 -0.848309
-0.179103 0.361234 -0.915113
-0.081963 0.323873 -0.942544
0.730397 0.327789 -0.599228
0.705929 0.463803 -0.535304
0.842980 0.421035 -0.334835
0.894366 0.276044 -0.352006
0.952014 0.264190 -0.154510
0.993174 0.007080 -0.116426
0.936889 0.021028 -0.348995
0.890084 0.413065 -0.192685
-0.052654 0.042056 -0.997727
0.907602 -0.372016 -0.194586
0.949851 -0.312474 0.011943
0.999046 0.000704 0.043675
0.982466 -0.003822 0.186404
0.942787 0.292928 0.159203
0.959361 0.281966 -0.011022
0.926644 -0.375228 0.023130
-0.085501 -0.973919 -0.210170
-0.081230 -0.966051 -0.245250
-0.074131 -0.817509 -0.571126
-0.086994 -0.860076 -0.502694
0.692220 -0.665904 -0.278215
0.098129 -0.971627 -0.215203
-0.002579 -0.890626 -0.454729
0.480710 -0.743724 -0.464534
-0.035252 -0.938753 0.342784
-0.955965 -0.044274 0.290120
-0.829102 -0.518296 0.209664
-0.826127 -0.533356 -0.181787
-0.677048 -0.676889 -0.288838
-0.684420 -0.589681 -0.428771
-0.614376 -0.516112 -0.596800
-0.867800 -0.233958 -0.438391
-0.947230 0.027644 -0.319362
-0.793640 -0.118156 0.596803
-0.736439 -0.123368 0.665161
-0.654363 -0.097778 0.749832
-0.559817 -0.052395 0.826958
0.110771 -0.266958 0.957321
0.131324 -0.203593 0.970208
0.896469 -0.226932 0.380585
0.893813 -0.274314 0.354754
0.229950 -0.073488 0.970424
0.165802 -0.141566 0.975945
0.305426 -0.001232 0.952215
-0.426042 -0.052369 0.903187
-0.807903 -0.125260 0.575850
0.095189 -0.320690 0.942389
-0.788798 -0.149247 0.596257
0.116235 -0.337431 0.934146
0.893655 -0.287649 0.344439
0.876277 -0.291462 0.383652
-0.077142 -0.985405 -0.151741
0.057988 -0.996361 -0.062468
-0.014518 -0.994657 -0.102210
-0.154751 -0.908462 -0.388264
0.027485 -0.935088 -0.353347
-0.110834 -0.906792 -0.406748
-0.246374 -0.729463 -0.638109
-0.019404 -0.809943 -0.586187
-0.130582 -0.771283 -0.622953
-0.414860 -0.647204 -0.639546
-0.694432 -0.606576 -0.387078
-0.568853 -0.811615 -0.132992
-0.994038 0.081903 -0.071975
-0.998852 0.005005 0.047635
-0.857006 0.460846 0.230568
-0.899176 0.386987 0.204266
-0.985342 -0.026288 0.168552
-0.838706 -0.523090 0.151489
-0.798293 0.538122 0.270470
-0.260596 0.795427 0.547161
-0.428741 0.643208 0.634400
0.103673 0.776213 0.621889
0.033523 0.618740 0.784880
-0.928491 0.338235 0.153298
-0.984768 0.105710 -0.138051
-0.985452 0.061445 -0.158459
-0.954058 0.277513 0.112960
-0.779092 -0.367866 -0.507631
-0.835725 -0.296761 -0.462057
-0.232978 -0.802267 -0.549627
-0.200765 -0.814194 -0.544776
0.151180 -0.830343 -0.536354
0.136455 -0.807405 -0.574001
-0.266019 -0.835235 -0.481265
-0.610672 -0.647690 -0.455607
-0.910801 -0.276127 -0.306913
-0.973235 -0.201246 -0.110968
-0.997414 -0.021464 -0.068587
-0.993110 0.002376 -0.117159
-0.846587 -0.486457 -0.215985
-0.993590 -0.067819 -0.090445
-0.770899 -0.603218 -0.204556
-0.992252 0.061875 -0.107739
-0.975517 0.185812 0.117649
0.166596 -0.878879 -0.447010
0.197929 -0.959175 -0.202010
0.826065 -0.472664 -0.306930
0.843540 -0.529007 -0.092693
0.310157 -0.950069 0.034241
0.874786 -0.472677 0.106425
-0.582695 -0.727070 0.363092
0.259187 -0.952204 0.161646
0.858471 -0.401861 0.318645
-0.790463 -0.595217 0.144518
0.944784 0.256965 0.203351
0.911403 0.329182 0.246948
0.969792 0.222250 0.100538
0.768731 0.502246 0.395982
0.650305 0.620972 0.437604
0.612339 0.542863 0.574752
0.488608 0.680306 0.546302
0.496505 0.533751 0.684538
0.434910 0.701228 0.564918
0.870993 0.386963 0.302706
0.769894 0.393926 0.502081
0.886903 0.271983 0.373401
0.977284 0.146326 0.153315
0.595211 0.406041 0.693437
0.707596 0.347778 0.615108
0.826690 -0.402970 -0.392682
0.976908 0.210151 0.038558
0.995997 0.089083 0.007313
0.859016 -0.392199 -0.329047
0.584218 -0.803694 -0.112985
0.974375 -0.215625 -0.064022
0.301895 -0.942791 0.141437
0.968879 -0.241725 0.053319
0.449278 -0.889964 -0.078186
0.802263 -0.221856 0.554215
-0.652181 -0.133948 0.746136
0.425600 -0.835783 0.346889
-0.500713 -0.731832 0.462286
-0.704663 -0.708624 0.036084
-0.958474 0.024860 0.284095
-0.949419 0.168421 0.265024
-0.320891 0.842156 0.433361
-0.848908 -0.512486 0.129283
0.969419 0.233194 0.076471
0.504518 0.718276 0.479105
0.457658 0.747689 0.481155
0.477532 0.769283 0.424462
0.129601 -0.963570 0.233958
-0.581326 -0.676574 0.452005
0.561091 0.307214 0.768633
0.994425 0.089249 0.056153
0.985443 0.008175 0.169812
0.643645 0.698436 0.312902
0.634501 -0.766815 0.096972
0.538492 -0.690054 0.483582
0.754152 -0.061390 0.653824
0.676458 -0.704385 -0.215052
-0.576156 -0.814841 -0.063863
-0.545399 -0.812145 0.207269
-0.423611 -0.718076 0.552197
-0.637011 -0.116665 0.761975
-0.928068 -0.084874 0.362610
-0.967562 0.011593 0.252368
-0.577323 0.691547 0.434121
0.252170 0.856173 0.450975
-0.886659 0.161034 0.433479
-0.986647 -0.034070 0.159271
-0.726434 -0.684317 0.063275
-0.970986 -0.065090 0.230107
-0.651229 -0.758878 -0.002298
0.266173 -0.928901 0.257479
0.781445 -0.604761 -0.153651
0.995748 0.019426 -0.090047
0.944194 0.150169 0.293168
0.726631 -0.674433 -0.130950
0.999582 -0.007249 0.028006
0.556149 -0.736839 0.384403
0.749332 -0.168590 0.640374
-0.447954 -0.773555 0.448274
0.702181 0.697273 0.144057
0.205419 0.870706 0.446850
-0.329499 -0.833666 0.443207
0.363286 -0.908495 0.206545
-0.737281 -0.672301 0.066542
0.722550 -0.669183 -0.173539
-0.653292 0.278887 0.703869
-0.980832 0.058255 0.185945
-0.666855 -0.181942 0.722635
-0.806927 0.530985 0.258694
-0.028302 0.871977 0.488728
0.971187 -0.072455 0.227038
0.478141 0.768952 0.424375
0.121105 0.127286 0.984445
0.987873 -0.085650 -0.129506
0.923047 0.378528 0.068567
0.995166 -0.096336 0.019075
-0.556379 0.761833 0.331742
0.208492 0.862877 0.460406
0.239633 0.755922 0.609227
0.271616 0.568753 0.776367
0.275369 0.470377 0.838402
0.273014 0.454726 0.847754
-0.942325 -0.054544 0.330225
-0.536901 -0.143378 0.831372
0.776706 -0.132681 0.615730
0.606492 -0.781184 -0.148049
0.557293 -0.721549 0.410842
-0.700772 -0.709944 0.069989
-0.423231 -0.707033 0.566552
0.456391 0.564857 -0.687491
0.168913 0.541753 -0.823391
-0.125532 0.511730 -0.849926
-0.611817 0.348096 -0.710288
-0.139081 0.522296 -0.841346
-0.330080 0.423518 -0.843611
0.153830 0.570908 -0.806474
0.451322 0.568591 -0.687759
-0.370238 0.467701 -0.802608
-0.402955 0.292036 -0.867377
-0.098457 0.345044 -0.933408
-0.477570 0.059801 -0.876556
-0.136149 0.119863 -0.983411
-0.568506 -0.239426 -0.787068
-0.329191 -0.533777 -0.778919
-0.224594 -0.199969 -0.953714
0.161360 0.182733 -0.969831
0.176967 0.403243 -0.897818
0.002960 -0.457920 -0.888988
0.112182 -0.119534 -0.986472
0.471670 0.463737 -0.749984
0.481850 0.256176 -0.837971
0.338392 -0.320192 -0.884855
0.448772 -0.025374 -0.893286
-0.758574 -0.448202 -0.472949
0.721075 0.484282 -0.495503
0.766763 0.310596 -0.561787
0.899822 0.020804 -0.435762
0.931505 0.150645 -0.331066
0.766803 0.080414 -0.636826
0.685348 -0.145086 -0.713617
0.976349 0.181002 -0.118238
0.993816 0.082680 0.074121
0.991482 -0.119176 0.052545
0.997891 -0.018667 0.062173
0.906311 -0.147680 0.395968
0.919194 -0.045549 0.391161
0.979852 -0.196017 0.038291
0.971595 -0.234985 0.028029
0.981657 0.071519 -0.176733
0.961579 -0.090991 -0.259011
0.974144 -0.007819 -0.225794
0.836052 -0.017536 -0.548370
0.790736 -0.058231 -0.609382
0.925106 0.064216 0.374240
0.542772 -0.136818 -0.828661
0.158039 -0.265719 -0.951009
0.436505 -0.012606 -0.899613
0.482100 -0.013776 -0.876008
0.048812 0.015335 -0.998690
0.018151 0.041973 -0.998954
0.011648 -0.011409 -0.999867
0.380224 -0.056434 -0.923171
0.405490 -0.036457 -0.913372
0.008378 0.014869 -0.999854
0.750444 -0.120762 -0.649808
0.765475 -0.101121 -0.635470
-0.367761 0.011702 -0.929847
-0.439710 0.096111 -0.892982
-0.708363 -0.046227 -0.704333
-0.842985 0.085455 -0.531106
-0.188665 -0.420664 -0.887382
-0.500270 -0.541558 -0.675607
0.690014 0.533869 -0.488738
0.817883 0.487211 -0.306094
0.869615 0.454297 -0.193350
-0.024131 -0.157232 -0.987267
0.117283 -0.220749 -0.968253
0.171977 0.706294 -0.686711
0.128448 0.682113 -0.719877
0.234579 0.958289 -0.163262
0.147799 0.972987 -0.177350
0.262871 0.956804 -0.124195
0.084797 0.984396 -0.154191
0.092748 0.675981 -0.731059
0.154370 0.664737 -0.730955
0.268379 -0.124625 -0.955218
0.265229 -0.038480 -0.963417
0.173850 0.774780 -0.607858
0.111793 0.862964 -0.492744
-0.054859 -0.444436 -0.894129
-0.088791 -0.524375 -0.846845
0.231818 -0.616778 -0.752227
-0.048439 -0.618988 -0.783905
-0.026477 0.080429 -0.996409
-0.058594 -0.024611 -0.997979
0.425458 -0.266695 -0.864789
0.593004 -0.406452 -0.695085
0.765042 -0.453072 -0.457642
0.947330 -0.176228 -0.267413
0.740441 -0.102750 -0.664221
0.362007 -0.035562 -0.931497
0.042962 0.007359 -0.999050
-0.379297 0.047259 -0.924067
-0.846029 0.041858 -0.531491
-0.998465 -0.003736 -0.055265
-0.300769 0.116572 -0.946546
0.095485 0.073150 -0.992739
-0.817171 0.115871 -0.564629
0.378500 0.022009 -0.925340
0.942490 -0.186016 -0.277687
0.971501 -0.233863 0.038648
0.974146 -0.205396 0.094089
0.954084 -0.127674 -0.270966
0.733649 -0.054315 -0.677355
-0.872717 -0.053241 0.485316
-0.891531 -0.197762 0.407507
-0.717191 -0.229900 0.657863
0.211122 -0.200249 0.956728
0.195897 -0.253912 0.947182
0.817772 -0.059104 0.572500
0.848722 -0.221638 0.480155
0.948377 0.021946 0.316386
0.970765 -0.125045 0.204886
-0.777403 -0.154973 0.609613
-0.783794 -0.218430 0.581339
-0.909232 -0.185499 0.372677
-0.933838 -0.087688 0.346781
-0.033864 -0.055830 0.997866
-0.008299 -0.075416 0.997118
-0.598894 -0.014150 0.800703
-0.590462 -0.022228 0.806759
0.626192 -0.144251 0.766208
0.619763 -0.096728 0.778805
-0.587084 0.003298 0.809520
0.037431 -0.058430 0.997590
-0.886607 -0.011690 0.462375
-0.844555 -0.001529 0.535466
-0.857456 -0.030688 0.513641
0.634556 0.024115 0.772500
-0.027735 -0.049262 0.998401
0.693581 -0.011077 0.720293
0.927374 0.072875 0.366970
0.923889 0.097298 0.370083
0.940166 -0.123190 0.317666
0.933834 -0.187608 0.304560
0.762327 0.148692 -0.629880
0.986026 0.115099 -0.120436
0.971389 0.203850 -0.121860
0.766553 0.283165 -0.576380
0.350833 0.147326 -0.924776
0.395556 0.295448 -0.869624
-0.991164 -0.117936 0.060703
-0.985130 0.010519 0.171491
-0.930287 0.032881 -0.365356
-0.959010 0.090800 -0.268429
-0.550750 0.203900 -0.809382
-0.590878 0.142800 -0.794022
-0.560743 -0.097001 -0.822289
-0.950455 -0.051928 -0.306494
-0.938079 -0.123069 -0.323824
-0.553864 -0.169575 -0.815156
-0.041696 -0.119100 -0.992006
-0.044410 -0.181668 -0.982357
-0.052532 0.144048 -0.988176
-0.031308 0.272986 -0.961508
0.305379 -0.132946 -0.942905
0.308167 -0.193100 -0.931528
0.699715 -0.151151 -0.698250
0.691472 -0.217495 -0.688885
-0.568037 -0.180025 -0.803072
-0.066717 -0.186640 -0.980160
-0.930150 -0.132163 -0.342568
-0.980646 -0.014486 0.195255
-0.984264 -0.070225 0.162153
-0.993838 -0.110821 -0.002019
-0.849460 0.031725 -0.526698
-0.800357 0.122155 -0.586948
-0.999580 0.012687 -0.026072
-0.997450 0.046372 -0.054243
-0.602118 0.086033 0.793758
-0.927532 0.173364 0.331102
-0.935029 0.070811 0.347427
-0.608629 0.228871 0.759730
-0.863828 0.316920 0.391615
-0.859182 0.096611 -0.502466
-0.991519 0.110748 -0.068002
-0.985972 0.139303 -0.091949
-0.867875 0.255756 -0.425890
-0.903435 0.284028 -0.321143
-0.916948 0.106161 -0.384625
-0.517792 0.095100 -0.850204
-0.476349 0.411748 -0.776888
0.193109 0.052675 -0.979762
0.345225 0.357692 -0.867685
0.695961 0.002403 -0.718075
0.575143 -0.129497 -0.807738
0.037011 -0.080872 -0.996037
0.802315 0.221386 -0.554327
-0.546994 -0.029434 -0.836619
-0.872216 0.008229 -0.489052
-0.578977 -0.073071 -0.812063
-0.893728 -0.026325 -0.447837
-0.996155 0.044604 -0.075410
-0.998721 0.018810 -0.046922
-0.931806 0.051069 0.359346
-0.916085 0.033959 0.399544
-0.999665 -0.016124 0.020231
-0.580936 0.057716 0.811900
-0.755660 0.457907 0.468294
-0.593706 0.559695 0.578148
-0.303184 0.518933 0.799242
-0.098578 0.555160 0.825881
-0.506312 0.426383 0.749564
0.259110 0.398479 0.879816
0.199081 0.201297 0.959086
0.153319 0.043751 0.987208
0.702588 -0.038440 0.710557
0.745312 0.079812 0.661921
0.683539 -0.072383 0.726316
0.925774 -0.128977 0.355397
0.928751 -0.163558 0.332671
0.972627 -0.194898 -0.126535
0.785342 -0.196502 -0.587047
0.983646 -0.165683 -0.070634
0.840889 -0.179073 -0.510724
0.464893 -0.161200 -0.870568
0.381985 -0.171438 -0.908128
-0.096655 -0.151846 -0.983667
0.664518 -0.106089 0.739703
0.092492 -0.020606 0.995500
-0.579995 0.043192 0.813474
0.921536 -0.096259 0.376172
0.923917 0.007204 0.382526
0.764156 0.246580 0.596041
0.935225 0.131728 0.328636
0.991420 0.038365 0.124955
0.996599 -0.029590 0.076912
0.132373 0.005775 0.991183
0.835273 -0.324339 0.443986
-0.060475 0.159362 0.985366
-0.460366 0.491910 0.738977
-0.947060 0.205190 0.246931
-0.743084 -0.068626 0.665670
-0.621837 -0.646203 0.442426
0.495472 -0.422745 0.758811
0.143726 -0.885612 0.441626
0.226942 -0.854245 -0.467721
-0.343859 -0.889680 -0.300383
0.313686 -0.831373 -0.458716
-0.356601 -0.875310 -0.326601
0.854699 -0.395539 -0.336212
0.854538 -0.421141 -0.303983
0.992525 0.013504 -0.121292
0.999012 0.030935 -0.031912
0.994775 0.069314 0.074961
0.992339 0.085117 -0.089543
0.978900 0.078539 -0.188645
0.942378 -0.026974 -0.333460
0.884565 0.135558 -0.446284
0.780779 -0.235973 -0.578534
0.410963 0.479067 -0.775632
0.434350 0.308198 -0.846377
0.865168 0.275052 -0.419322
0.398952 -0.058489 -0.915105
0.349184 -0.740179 -0.574636
0.213758 -0.636919 -0.740704
-0.381144 0.312304 -0.870170
-0.301343 -0.082162 -0.949969
-0.795156 -0.296958 -0.528718
-0.412437 0.528602 -0.741940
-0.338437 -0.779579 -0.526988
-0.096130 -0.646739 -0.756629
0.948172 -0.157413 -0.276026
-0.846993 0.038386 -0.530217
-0.853250 0.000650 -0.521502
-0.420525 0.018630 -0.907090
-0.439544 0.055123 -0.896528
-0.992256 -0.067479 0.104281
-0.585784 -0.132635 -0.799540
-0.916314 -0.080639 -0.392257
0.887635 -0.144536 -0.437280
-0.073255 -0.118540 -0.990243
0.354599 -0.143806 0.923894
0.955396 -0.213461 -0.204090
0.971147 -0.145974 -0.188589
0.642323 -0.141513 0.753257
0.928581 -0.197545 0.314186
0.726172 -0.222028 -0.650675
0.957833 -0.225046 -0.178636
0.333308 -0.195494 -0.922328
0.299293 0.055928 0.952521
0.217692 0.004010 0.976009
-0.045279 -0.168970 0.984581
-0.657224 -0.080478 0.749386
0.762364 0.275514 -0.585572
0.967674 0.162279 -0.193061
0.963225 -0.007255 -0.268599
0.745676 0.090394 -0.660148
0.447489 0.330542 -0.830960
0.437899 0.168723 -0.883050
-0.394318 0.219039 -0.892488
-0.270169 0.183342 -0.945195
0.039295 0.320417 -0.946461
0.108334 0.199430 -0.973905
-0.850220 0.010935 0.526313
-0.976797 0.030310 0.212012
-0.960863 0.035750 -0.274707
-0.579408 0.024414 -0.814672
-0.049094 0.000833 -0.998794
0.321475 -0.013715 -0.946819
0.735034 -0.019734 -0.677743
0.988050 -0.023899 -0.152267
0.938640 -0.021620 0.344221
0.621416 -0.023125 0.783139
-0.036384 -0.032999 0.998793
-0.622708 -0.020029 0.782198
0.991161 -0.132026 -0.012971
-0.065332 -0.997072 0.039752
-0.070378 -0.997093 0.029194
0.932116 -0.295637 0.209183
-0.987539 0.119297 0.102643
-0.961293 -0.049755 0.271000
-0.998208 -0.049185 -0.034087
-0.946852 -0.082771 0.310837
-0.924030 -0.098022 0.369540
-0.998916 -0.037514 -0.027544
-0.995167 -0.017153 0.096688
-0.999989 -0.003860 -0.002815
-0.894493 -0.072002 0.441247
-0.819937 -0.086330 0.565907
-0.521580 -0.190949 0.831561
0.028647 -0.326951 0.944607
-0.211503 -0.302639 0.929342
-0.027569 -0.247334 0.968538
-0.008173 -0.448958 0.893515
-0.566011 -0.578408 0.587431
-0.684632 -0.633007 -0.361359
-0.714540 0.206005 -0.668577
-0.350711 0.405647 0.844069
-0.265574 0.518199 0.812983
-0.481078 0.472294 0.738581
-0.513580 0.316961 0.797353
-0.484726 0.009101 0.874619
-0.583366 0.176876 0.792716
-0.598943 0.292498 0.745461
0.079772 -0.403744 -0.911388
0.051098 -0.311545 -0.948857
-0.141077 -0.364548 -0.920436
-0.126151 -0.403078 -0.906429
0.110480 0.050916 -0.992573
0.773382 0.039459 -0.632711
0.275596 0.057374 -0.959560
0.525917 0.052224 -0.848931
0.084780 -0.445120 -0.891449
0.802105 -0.425824 -0.418691
0.608871 -0.472108 -0.637487
0.310781 -0.477493 -0.821837
-0.151332 -0.249603 -0.956450
0.348336 -0.461828 -0.815707
0.364354 -0.397922 -0.841965
0.081511 -0.951936 -0.295251
0.038068 -0.969618 0.241644
-0.021033 -0.822369 0.568566
0.096862 -0.503437 -0.858585
0.088181 0.169568 -0.981565
0.093038 0.718980 -0.688776
0.087692 0.976271 -0.198002
0.042629 0.949756 0.310074
-0.043941 0.463091 0.885221
-0.072956 -0.373773 0.924647
0.100087 -0.881591 -0.461281
0.100600 -0.842437 -0.529320
0.114222 -0.990732 0.073506
0.087901 -0.982436 0.164598
0.098795 -0.738544 0.666928
0.064035 -0.753924 0.653834
0.129226 -0.390212 -0.911612
0.115281 -0.372212 -0.920960
0.142288 0.249475 -0.957871
0.129771 0.276994 -0.952068
0.122194 0.763813 -0.633765
0.116298 0.784992 -0.608493
0.093811 0.984000 -0.151473
0.097064 0.985456 -0.139482
0.067274 0.899451 0.431812
0.079835 0.879953 0.468305
0.031729 0.322335 0.946094
0.048634 0.283161 0.957839
0.028886 -0.344659 0.938283
0.052565 -0.307866 0.949977
0.102083 -0.921958 -0.373593
0.074281 -0.969301 0.234389
0.034437 -0.777998 0.627322
-0.006808 -0.367439 0.930023
0.007912 0.376842 0.926244
0.064324 0.919495 0.387803
0.099719 0.980807 -0.167553
0.121850 0.738090 -0.663608
0.129909 0.211942 -0.968610
0.124389 -0.431821 -0.893341
0.069940 -0.816251 -0.573448
0.090072 -0.995933 -0.002237
0.079003 -0.729958 0.678910
0.070993 -0.360522 -0.930045
0.070882 0.301764 -0.950744
0.066125 0.796582 -0.600904
0.065749 0.989430 -0.129249
0.051304 0.855645 0.515014
0.018832 0.239106 0.970811
0.026831 -0.264203 0.964094
0.013301 -0.919460 -0.392960
0.016267 -0.943689 -0.330435
0.008191 -0.999910 -0.010634
0.003694 -0.999616 -0.027472
0.012022 -0.932461 0.361069
0.009939 -0.934486 0.355860
0.034491 -0.653656 0.756006
0.049041 -0.624428 0.779541
0.030463 -0.725982 -0.687038
0.031282 -0.681164 -0.731462
0.052767 -0.301461 -0.952017
0.050261 -0.228303 -0.972292
0.083087 0.278972 -0.956698
0.076579 0.211955 -0.974275
0.106180 0.928360 -0.356195
0.093771 0.927462 -0.361969
0.108294 0.994065 -0.010351
0.092498 0.995450 -0.022890
0.116294 0.935943 0.332394
0.089192 0.941138 0.326044
0.084801 0.297750 0.950870
0.124744 0.286512 0.949921
0.099190 -0.155764 0.982802
0.066614 -0.192680 0.978998
0.041635 -0.808678 -0.586777
0.004758 -0.833207 -0.552940
-0.008341 -0.996592 -0.082072
0.058528 -0.996235 -0.063949
0.022833 -0.762648 0.646411
0.065342 -0.734101 0.675889
0.036376 -0.154979 0.987248
0.002462 -0.203348 0.979104
-0.023738 0.258472 0.965727
-0.046075 0.214399 0.975659
-0.059239 0.812652 0.579731
-0.036742 0.825310 0.563484
-0.043330 0.996316 -0.074007
-0.007776 0.993026 -0.117643
-0.027739 0.849647 -0.526622
-0.009551 0.802528 -0.596538
0.016939 0.413153 -0.910504
0.006642 0.351382 -0.936209
0.067016 -0.344627 -0.936345
0.037823 -0.357770 -0.933044
-0.045212 -0.892004 -0.449761
-0.049663 -0.997914 -0.041243
0.151447 -0.143880 0.977938
0.171088 0.299868 0.938514
0.062812 0.873119 0.483444
0.029960 0.999522 -0.007643
0.029429 0.920281 -0.390151
-0.011459 0.351113 -0.936263
-0.019309 0.402443 -0.915241
-0.057412 -0.149192 -0.987140
-0.027549 -0.144996 -0.989049
-0.016829 -0.958811 -0.283546
-0.019653 -0.999477 0.025672
-0.008724 -0.933480 0.358524
0.021881 -0.675669 0.736881
-0.002785 -0.773524 -0.633761
0.018695 -0.370574 -0.928615
0.037391 0.154491 -0.987286
0.066567 0.914352 -0.399412
0.080178 0.996339 -0.029676
0.076335 0.937143 0.340495
0.057135 0.299122 0.952503
0.048812 -0.208259 0.976855
-0.052577 -0.667432 -0.742813
-0.073833 -0.664297 -0.743813
0.825479 -0.561482 -0.057640
0.225313 -0.973950 0.025603
0.002192 -0.834862 0.550454
-0.036303 -0.948396 0.315004
0.900527 -0.389367 0.193506
0.313983 -0.886131 0.340862
0.905850 -0.242790 0.347114
0.466214 -0.655485 0.594125
0.942176 -0.151003 0.299170
0.939354 -0.223972 0.259714
0.944028 -0.322667 0.068534
0.907901 -0.389065 -0.156026
0.846414 -0.416756 -0.331507
0.741443 -0.433678 -0.512040
0.523826 -0.367843 -0.768308
0.219301 -0.237508 -0.946307
0.840884 -0.467070 -0.273421
0.686408 -0.480702 -0.545683
0.911588 -0.410642 -0.019494
0.922391 -0.334013 0.193986
0.930659 -0.353866 0.093018
0.900287 -0.424006 -0.098497
0.812075 -0.479351 -0.332801
0.642298 -0.498610 -0.582100
-0.016792 -0.193028 -0.981050
-0.172300 -0.150847 -0.973426
-0.432203 0.493237 0.754929
-0.309812 0.637589 0.705335
-0.099856 0.605813 0.789316
-0.213692 0.634036 0.743192
-0.168923 0.288619 0.942425
0.622511 0.208443 0.754342
0.460462 0.637515 0.617697
0.834057 0.110252 0.540549
0.937193 0.013617 0.348545
0.914826 0.230812 0.331391
0.736788 0.477334 0.478848
-0.155155 0.746836 0.646655
0.327288 0.774295 0.541618
0.828848 0.353918 0.433306
0.612787 0.618418 0.491987
0.673255 0.360405 0.645629
0.472972 0.605072 0.640457
0.272033 0.724293 0.633560
-0.046156 0.692983 0.719475
0.328130 0.558037 0.762184
0.245711 0.625385 0.740622
0.061493 0.597123 0.799789
0.005499 0.558496 0.829489
0.197713 0.827050 0.526210
0.192839 0.681478 0.705975
0.003786 0.625430 0.780271
-0.167667 0.539361 0.825214
0.125680 -0.804463 -0.580555
0.849732 -0.377162 -0.368380
0.987466 0.155575 0.026613
0.945871 0.246365 0.211264
-0.030956 -0.991727 -0.124575
-0.103521 -0.927446 -0.359343
-0.140100 -0.818527 -0.557122
-0.187699 -0.795553 -0.576076
-0.134915 -0.863322 0.486285
0.927101 -0.111181 0.357942
-0.202533 -0.851555 -0.483565
-0.090683 -0.909229 -0.406300
0.011202 -0.914288 -0.404910
0.062979 -0.870948 -0.487323
-0.213996 -0.858584 -0.465876
-0.148799 -0.925041 -0.349512
-0.058783 -0.930544 -0.361431
0.007578 -0.882653 -0.469965
0.690201 -0.128416 0.712132
0.665323 -0.267724 0.696900
0.612152 -0.353412 0.707368
0.605877 -0.333737 0.722172
0.606253 -0.295168 0.738467
0.602587 -0.236342 0.762254
0.613656 -0.159662 0.773262
0.647861 -0.066900 0.758816
0.686536 0.032505 0.726369
0.726003 0.122074 0.676770
0.767105 0.181752 0.615237
0.802594 0.228423 0.551059
0.829387 0.267501 0.490470
0.832497 0.337834 0.439109
0.822482 0.398177 0.406175
0.879860 0.262940 0.395866
0.924859 -0.024916 0.379493
0.873580 -0.153651 0.461789
0.837525 -0.145475 0.526678
-0.500812 -0.218010 0.837651
-0.438132 -0.202731 0.875751
-0.425692 -0.255561 0.868030
-0.441317 -0.238893 0.864968
-0.428198 -0.195146 0.882363
-0.363186 -0.157829 0.918252
-0.271928 -0.117771 0.955084
-0.173105 -0.068542 0.982516
-0.073580 -0.024729 0.996983
0.036949 -0.006298 0.999297
0.148660 -0.005300 0.988874
0.228024 0.010911 0.973594
0.288066 0.051699 0.956214
0.349246 0.125826 0.928545
0.440093 0.186731 0.878322
0.551557 0.095905 0.828606
0.576459 -0.083277 0.812871
0.520141 -0.168869 0.837219
0.515906 -0.085832 0.852334
0.389317 -0.534375 0.750250
0.268430 -0.682126 0.680184
0.310107 -0.303296 0.901024
0.244878 0.272277 0.930537
0.105844 0.693506 0.712633
0.044307 0.805098 0.591484
0.082592 0.743336 0.663800
0.146750 0.633444 0.759745
0.234405 0.769283 0.594355
0.420825 0.717101 0.555583
0.751588 0.337336 0.566851
0.912147 0.143714 0.383842
0.980163 -0.004862 0.198135
0.982516 -0.180487 -0.045674
0.893148 -0.364638 -0.263298
0.831080 -0.446819 -0.331147
0.832014 -0.460186 -0.309808
0.841807 -0.458129 -0.285446
0.070040 -0.338059 0.938515
0.623646 -0.163204 0.764481
-0.564560 -0.344894 0.749881
0.898293 -0.439059 -0.017210
0.352858 -0.921723 -0.160988
-0.923224 -0.372184 -0.095587
-0.921684 0.386230 0.036407
-0.297357 0.925151 0.235954
0.973255 0.123447 0.193743
0.989642 0.058940 -0.130898
0.677858 0.716729 0.163733
-0.754499 0.605232 0.253822
-0.989762 -0.063752 0.127695
-0.639069 -0.769043 -0.012838
0.721216 -0.659342 -0.212405
-0.069605 0.946379 0.315471
0.029914 0.866431 0.498400
0.066385 -0.166537 0.983798
0.045888 -0.804121 0.592692
0.032843 -0.992823 0.114993
0.060850 -0.986561 -0.151640
0.040094 -0.994406 -0.097721
-0.128873 0.906737 0.401522
0.034459 0.952793 0.301658
0.050998 -0.246653 0.967761
0.067120 -0.861232 0.503761
0.044028 -0.992296 -0.115804
0.043019 -0.997842 -0.049598
0.181240 0.924026 0.336643
0.176157 -0.133672 0.975244
0.083770 -0.823166 0.561588
-0.082229 -0.989887 -0.115593
-0.004486 -0.997304 -0.073238
0.083218 -0.979107 0.185539
0.028031 -0.973228 0.228124
-0.081994 -0.987724 0.132956
0.411021 0.845887 0.339906
0.118803 -0.292507 0.948855
0.008852 -0.870424 0.492223
-0.121608 -0.989934 -0.072405
-0.129956 -0.991059 -0.030233
0.055858 -0.988912 0.137597
0.379206 0.859752 0.342096
-0.156930 -0.305049 0.939318
-0.201035 -0.835979 0.510611
-0.194066 -0.970669 0.141914
-0.197208 -0.967975 -0.155347
-0.042884 -0.997185 0.061501
-0.998406 -0.002036 0.056409
-0.690525 0.662026 0.291370
-0.009525 0.930828 0.365332
0.684659 0.704384 0.187310
0.979169 0.119258 -0.164336
-0.984595 -0.103628 0.140831
-0.622088 0.664611 0.413883
-0.005304 0.888211 0.459405
0.638257 0.717886 0.277970
0.990933 0.003369 -0.134314
0.738584 -0.607691 -0.291901
0.031267 -0.961791 -0.271995
-0.685169 -0.719755 -0.111781
0.987257 0.016651 -0.158261
0.598084 -0.720949 -0.350041
-0.108743 -0.953765 -0.280191
-0.747250 -0.656002 -0.106204
-0.968578 0.081286 0.235052
-0.469826 0.734913 0.489047
0.167756 0.850014 0.499334
0.707710 0.665001 0.238578
0.966849 -0.215417 -0.137107
0.837594 0.523977 0.154548
0.206905 0.877848 0.431942
-0.481764 0.767524 0.422860
-0.978913 0.133153 0.154920
-0.810879 -0.560936 -0.166811
-0.229057 -0.938137 -0.259675
0.403484 -0.869993 -0.283397
0.921415 -0.386186 0.043071
0.879597 0.365895 0.304024
0.237555 0.843280 0.482126
-0.460833 0.817261 0.346002
-0.952455 0.299403 0.056459
-0.874539 -0.474822 -0.098620
-0.218876 -0.970188 -0.104062
0.338912 -0.932917 -0.121678
-0.001364 0.942194 0.335066
0.020661 0.727664 0.685623
0.549991 0.660811 0.510724
0.613437 0.742931 0.267860
-0.554491 0.733902 0.392336
-0.482151 0.660149 0.575964
0.013534 0.943816 0.330195
0.049994 0.588885 0.806669
0.590547 0.554750 0.586094
0.668816 0.701174 0.247062
-0.535958 0.522823 0.662877
-0.647914 0.671911 0.358809
0.136694 0.920685 0.365587
0.160751 0.669089 0.725589
0.577353 0.614001 0.538207
0.652334 0.707807 0.271051
-0.437925 0.780401 0.446314
-0.328321 0.638961 0.695654
0.108352 0.935782 0.335519
0.128298 0.612819 0.779739
0.667063 0.529903 0.523670
0.762894 0.607665 0.220765
-0.512729 0.757205 0.404661
-0.418616 0.599527 0.682150
0.146348 0.912210 0.382694
0.017191 0.545275 0.838081
0.597143 0.277393 0.752644
0.803297 0.437960 0.403614
-0.455911 0.816854 0.353405
-0.527158 0.593850 0.607822
0.000066 -0.184797 0.982777
0.000023 0.055464 0.998461
0.000002 -0.067532 0.997717
-0.000007 -0.194847 0.980834
-0.000011 -0.160287 0.987071
0.000009 0.028233 0.999601
0.000140 -0.308812 0.951123
0.000068 0.247633 0.968854
0.000114 0.071378 0.997449
0.493285 -0.065590 0.867392
0.242021 -0.097164 0.965394
-0.068304 -0.140082 0.987781
0.241754 -0.003593 0.970331
0.247538 -0.037584 0.968149
0.387191 -0.108866 0.915550
0.208321 -0.038475 0.977303
0.467164 0.000320 0.884170
0.413044 0.028536 0.910264
0.012653 0.019674 0.999726
0.075990 -0.067919 0.994793
0.230049 -0.060773 0.971280
0.131420 -0.144691 0.980711
0.080487 -0.179966 0.980374
0.094050 -0.153322 0.983690
0.338886 -0.006880 0.940802
0.190631 -0.122175 0.974029
0.250648 -0.050803 0.966745
0.166922 -0.091607 0.981705
-0.044624 -0.049714 0.997766
-0.001036 0.012699 0.999919
-0.448837 -0.222704 0.865418
-0.454547 -0.006846 0.890696
-0.332411 0.176869 0.926402
0.000157 -0.261143 -0.965300
-0.079632 -0.286242 -0.954843
0.287710 -0.339454 -0.895541
0.795565 -0.272233 -0.541263
0.929243 -0.232065 -0.287494
0.760222 -0.164723 0.628433
0.456939 -0.165938 0.873883
0.468476 -0.092771 0.878592
-0.013737 -0.076084 0.997007
0.000026 -0.075783 0.997124
0.246550 -0.072129 0.966442
0.539640 -0.187813 0.820679
0.902236 -0.157067 0.401623
0.958789 -0.173685 0.224850
0.977153 -0.194603 0.085450
0.974768 -0.210819 -0.073369
0.568363 -0.322171 -0.757080
0.110120 -0.322970 -0.939981
0.925558 -0.332017 0.181953
-0.032963 0.693057 -0.720129
0.036154 0.705945 -0.707343
0.106749 0.697047 -0.709035
0.090948 0.671089 -0.735777
0.050933 0.632766 -0.772666
0.027545 0.551416 -0.833775
0.037595 0.418301 -0.907530
0.071653 0.286073 -0.955525
0.107819 0.221839 -0.969104
0.126210 0.233704 -0.964082
0.172041 0.269328 -0.947557
0.130980 0.279759 -0.951094
-0.016946 0.266486 -0.963690
-0.139946 0.243071 -0.959860
0.000445 0.235180 -0.971952
-0.000004 0.581960 0.813218
0.006334 0.574219 0.818678
0.125513 0.587900 0.799137
0.196204 0.638674 0.744043
0.224742 0.690882 0.687148
0.200670 0.705632 0.679570
0.185212 0.663472 0.724915
0.247364 0.597923 0.762430
0.280446 0.576387 0.767547
0.232397 0.605077 0.761494
0.129977 0.663744 0.736580
0.063736 0.707130 0.704205
0.088400 0.712849 0.695723
0.125607 0.702341 0.700671
0.078546 -0.562789 0.822860
0.150128 0.679929 0.717745
-0.708507 0.576533 0.406974
-0.004128 0.904716 0.425995
0.725933 0.665721 0.172734
-0.594354 0.694067 0.406219
0.161360 0.876359 0.453826
0.807068 0.565984 0.168234
0.982565 0.001224 -0.185915
-0.990101 0.065898 0.123925
0.966638 -0.176147 -0.185968
0.916241 0.389248 0.094806
0.306224 0.859219 0.409842
-0.509573 0.778957 0.365460
-0.975297 0.219801 0.021973
0.099214 -0.162122 0.981771
0.096009 0.350643 0.931575
0.784959 0.546284 -0.292256
0.645845 0.737922 -0.195845
0.427539 -0.567053 -0.704032
0.659431 -0.488989 -0.571000
0.860009 -0.275387 0.429589
0.858824 -0.319792 0.400193
0.973417 0.198420 -0.114408
0.980579 -0.175336 0.087877
0.213349 0.045098 0.975935
0.373482 -0.387758 0.842707
0.441779 -0.655911 0.612055
0.317956 -0.892577 0.319703
-0.002986 -0.875290 -0.483589
-0.006379 0.634031 0.773281
0.053767 0.647856 0.759863
0.263038 0.737252 0.622311
0.323235 0.907749 0.267417
0.061020 0.991287 -0.116734
-0.240688 0.894184 -0.377497
-0.397848 0.772133 -0.495508
-0.663727 0.553533 -0.503059
-0.817948 -0.545323 -0.183260
-0.247285 -0.961967 -0.116063
-0.232687 -0.922908 -0.306755
-0.358210 -0.810211 -0.463943
-0.437388 -0.666796 -0.603387
-0.377821 -0.707463 -0.597283
-0.143944 -0.840066 -0.523038
0.001247 -0.617093 0.786889
-0.037345 -0.494765 0.868224
0.200886 -0.505601 0.839054
0.406865 -0.464260 0.786717
0.545516 -0.399797 0.736597
0.622278 -0.321690 0.713642
0.647551 -0.246167 0.721165
0.557308 -0.253551 0.790645
0.330490 -0.464876 0.821381
0.393579 -0.661457 0.638413
0.515886 -0.624027 0.586901
0.542978 -0.576158 0.610915
0.490370 -0.541120 0.683174
0.423547 -0.526866 0.736899
0.349946 -0.536611 0.767846
0.268885 -0.564675 0.780284
0.341731 0.038149 0.939023
0.453523 0.142183 0.879830
0.575757 0.347987 0.739871
0.608204 0.607697 0.510677
0.498583 0.811466 0.304858
0.398358 0.859955 -0.319042
0.464436 0.618639 -0.633707
0.476002 0.256487 -0.841211
0.449948 -0.096709 -0.887803
0.151192 0.330302 -0.931687
0.401924 0.179406 -0.897926
0.587503 0.608494 -0.533457
0.178812 0.790242 -0.586126
0.087904 0.458415 -0.884380
0.102435 0.785281 -0.610606
0.144869 0.972386 -0.182972
0.199649 0.949296 0.242851
0.627517 0.763130 -0.154450
0.289814 0.881720 0.372261
0.539649 0.718380 0.438987
0.222798 0.954814 -0.196703
0.404251 -0.914607 -0.008689
0.672651 -0.718103 0.178518
-0.010182 -0.986147 -0.165560
0.031108 -0.884791 0.464949
0.673962 -0.683927 0.279319
0.004188 -0.952081 0.305818
0.397222 -0.047957 -0.916469
0.923412 -0.168224 -0.344980
0.975127 0.008636 0.221478
0.557843 0.501921 0.660974
0.079179 -0.573871 0.815109
0.439937 -0.665512 0.602951
0.074119 0.571581 -0.817192
0.139159 0.492673 -0.859016
0.083479 0.669457 -0.738146
0.117435 0.921104 -0.371183
0.068618 0.907137 -0.415204
0.125337 0.981756 0.142988
0.089596 0.980436 0.175263
0.097773 0.985262 0.140354
0.124174 0.814287 0.567026
0.163332 0.722350 0.671962
0.079452 0.932298 -0.352856
0.427470 0.391876 -0.814680
0.614108 0.722227 -0.318213
0.488510 0.505485 0.711227
0.647007 0.751245 0.130437
0.117098 0.772690 0.623889
0.438509 0.146855 -0.886647
0.941197 -0.034425 -0.336100
0.957017 0.084667 0.277400
0.438987 0.376977 0.815585
0.693393 -0.719106 -0.045741
0.420178 -0.858201 -0.294859
0.702555 -0.705130 0.095959
0.426097 -0.801305 0.419943
0.158472 0.558824 -0.814004
0.080265 -0.863161 -0.498508
0.045667 -0.983720 0.173811
0.021378 -0.999633 -0.016638
-0.031371 -0.794886 0.605947
0.206365 0.694909 0.688850
0.185480 0.974909 0.123082
0.165064 0.932559 -0.321074
0.032767 0.582429 0.812221
-0.197843 0.272088 0.941715
-0.373717 -0.181018 0.909708
0.669355 0.511695 0.538639
0.506432 -0.020788 0.862029
0.295058 -0.461237 0.836780
-0.015149 -0.904257 0.426721
-0.427089 -0.568715 0.702964
-0.421998 -0.524917 0.739175
-0.351621 -0.150303 0.923998
-0.151973 0.267221 0.951576
0.094783 0.567304 0.818036
0.142331 0.602309 0.785471
-0.156984 0.248719 0.955769
-0.337670 -0.155599 0.928315
-0.384419 -0.643428 0.661983
0.345270 0.662842 0.664401
-0.041465 0.232203 0.971783
-0.253881 -0.197756 0.946804
-0.338829 -0.756384 0.559535
-0.133419 -0.789361 0.599257
0.186477 -0.372610 0.909059
0.322949 0.003846 0.946408
0.429369 0.576481 0.695207
-0.078165 0.368276 -0.926425
-0.226339 -0.004291 -0.974039
0.899326 -0.293947 -0.323740
0.859557 0.121227 -0.496454
-0.108671 0.285680 -0.952144
-0.327575 0.006207 -0.944805
0.468184 -0.693828 -0.547180
0.813985 -0.477917 -0.330189
0.702738 0.583636 0.406852
0.297482 0.811732 0.502589
0.558243 0.792538 -0.245455
0.832766 0.532824 -0.150331
0.941034 -0.090720 0.325921
0.754492 -0.591778 0.283796
0.157209 -0.967637 0.197393
-0.117132 0.296935 0.947686
-0.385265 -0.344981 0.855897
-0.406241 -0.879439 0.248105
-0.421384 -0.888146 0.183390
-0.343358 -0.440847 0.829312
-0.207370 -0.856575 -0.472522
-0.121688 -0.871499 -0.475060
0.349600 -0.855770 -0.381364
0.762592 -0.461413 -0.453377
0.918346 -0.035716 -0.394163
0.290995 -0.379047 -0.878433
0.543626 0.248294 -0.801761
0.498420 0.826157 -0.262760
0.458328 0.373925 -0.806297
0.481281 0.850860 -0.210726
0.523160 0.434007 -0.733445
0.276358 0.740749 0.612305
0.320915 0.772322 0.548208
0.196072 -0.352878 -0.914895
0.036993 0.134687 0.990197
0.062489 0.090365 0.993946
0.051588 0.623723 0.779941
0.087205 0.673351 0.734162
0.029268 0.687061 0.726010
0.000931 0.902340 0.431025
0.086401 0.894320 0.439006
0.113961 0.829231 0.547165
0.012424 0.984315 0.175983
0.050310 0.981318 0.185701
0.157015 0.978521 0.133580
0.187900 0.948420 0.255328
0.301165 0.953571 -0.001501
0.442372 0.736862 -0.511216
0.202909 0.977364 -0.059904
0.302083 0.934101 0.190267
0.395221 0.676774 0.621109
0.101426 0.780554 0.616805
0.045830 0.226631 0.972902
0.063837 0.873336 0.482917
0.405940 -0.577822 -0.708050
0.045361 -0.438774 -0.897452
0.135848 -0.959150 -0.248145
0.086740 -0.861792 0.499791
0.491842 -0.371322 0.787535
0.226808 0.949065 0.218708
0.230707 0.970609 0.068495
0.151937 0.986436 0.062128
0.002789 0.997300 0.073386
0.134032 0.990826 -0.017318
0.143378 0.962054 -0.232154
0.214961 0.920853 -0.325302
0.004642 0.999666 -0.025429
0.064729 0.979811 -0.189157
0.016713 0.996385 -0.083294
0.038332 0.998803 -0.030383
0.119794 0.213227 0.969631
0.262062 0.460723 0.847973
0.084369 -0.541449 0.836490
0.210104 -0.478233 0.852731
0.750562 0.022656 0.660412
0.428295 0.573174 0.698595
0.433632 -0.285334 0.854721
0.729960 -0.672107 0.124220
0.415360 -0.833283 0.364851
0.226912 -0.891537 0.392012
0.051201 -0.345621 0.936976
0.021545 -0.401588 0.915567
0.046924 -0.381250 0.923280
0.042722 -0.875433 0.481449
0.058196 -0.939154 -0.338530
0.021541 0.291416 0.956354
0.489261 0.834370 -0.253871
0.559432 0.828826 -0.009108
0.635707 0.378386 -0.672831
0.324623 -0.424122 -0.845423
0.557757 0.423388 -0.713898
-0.111273 -0.924473 -0.364649
-0.356138 -0.922955 0.146013
-0.428386 -0.892481 0.141291
0.252570 -0.379362 -0.890108
-0.185825 -0.887629 -0.421406
0.094682 0.829380 0.550604
0.154832 0.826796 0.540773
-0.526618 -0.428374 0.734281
-0.444190 -0.489807 0.750190
-0.310287 0.256727 0.915321
-0.244654 0.225368 0.943056
-0.067870 0.174881 0.982248
-0.338919 -0.456708 0.822528
-0.045972 0.221026 0.974184
0.349597 -0.555169 -0.754698
-0.084889 -0.961816 -0.260201
-0.171029 -0.985046 0.020825
-0.268810 -0.950123 0.158135
-0.458365 -0.740270 0.491834
-0.381257 -0.841887 0.381928
-0.326823 -0.917654 0.226046
-0.063672 -0.990271 -0.123732
0.115414 -0.969761 -0.215044
-0.022093 -0.990412 -0.136365
0.043528 -0.992675 -0.112699
0.146274 -0.984485 -0.096917
0.282277 -0.959297 -0.008287
0.363472 -0.907500 -0.210551
0.118384 0.656575 0.744912
0.412985 0.659907 0.627667
0.817648 0.526585 0.232724
0.899250 -0.125367 -0.419086
0.349243 -0.813466 -0.465084
-0.302680 -0.939943 0.157771
-0.491720 -0.486506 0.722165
-0.351724 -0.362940 0.862882
-0.167431 0.187727 0.967846
-0.353503 0.067627 0.932986
-0.330384 0.198805 0.922672
-0.478244 -0.315319 0.819669
-0.518511 -0.197927 0.831848
0.034376 0.958088 -0.284404
0.025508 0.943319 -0.330905
0.025591 0.886224 -0.462549
0.070951 0.919499 -0.386636
0.030968 0.970622 -0.238609
0.155307 0.934242 -0.321047
0.158482 0.946147 -0.282292
0.271595 0.850248 -0.450905
0.185807 0.879106 -0.438917
0.298402 0.456065 -0.838428
0.089301 0.863112 -0.497054
0.139220 0.941712 0.306261
0.061222 0.865932 -0.496400
0.105353 0.947773 0.301044
0.129224 0.396172 0.909037
0.083563 0.408563 0.908897
-0.014951 0.175987 -0.984279
0.068841 0.204104 -0.976526
0.124271 0.865453 -0.485332
0.126573 0.950569 0.283546
0.011437 0.169848 -0.985404
0.011300 -0.497853 -0.867188
0.122197 -0.275192 0.953592
0.113975 -0.867436 0.484318
0.338708 -0.569769 -0.748759
0.199010 -0.938597 -0.281836
0.613635 -0.479991 0.626946
0.512928 0.836084 0.194598
0.298442 0.931809 -0.206555
0.215385 0.934131 -0.284621
0.237460 0.965099 -0.110437
0.134276 0.919991 -0.368221
0.099101 0.839062 -0.534934
0.019381 0.856888 -0.515139
0.106065 0.817371 -0.566265
-0.001826 0.808195 -0.588913
-0.037397 0.685628 -0.726991
0.045898 0.809825 -0.584874
-0.091515 0.382728 -0.919317
-0.068678 0.461499 -0.884479
0.007237 0.687899 -0.725771
-0.084017 0.327612 -0.941069
0.022881 0.797782 -0.602511
0.051400 0.949899 -0.308301
0.020031 0.766900 -0.641454
0.048248 0.961182 -0.271664
0.007016 0.998814 0.048183
-0.068850 0.432192 -0.899150
-0.092119 0.312818 -0.945336
0.107291 0.830684 -0.546309
0.193660 0.697234 -0.690189
0.239769 0.847477 -0.473597
0.156722 0.778466 -0.607808
0.190411 0.226383 -0.955246
0.139861 0.728770 -0.670323
0.517156 0.811071 -0.273337
-0.400045 -0.096198 0.911433
-0.177303 -0.333562 0.925905
-0.421349 -0.661128 0.620785
-0.265952 -0.684674 0.678594
-0.294163 -0.921958 0.251917
0.203416 -0.971644 0.120537
0.156546 -0.986719 0.043340
-0.137225 -0.167297 -0.976310
-0.100609 -0.192937 -0.976040
-0.117634 -0.666432 -0.736228
-0.082692 -0.707230 -0.702131
-0.112968 -0.181692 -0.976845
-0.143806 -0.240561 -0.959922
0.000406 -0.985336 -0.170626
0.044969 -0.988066 -0.147320
-0.031792 -0.786566 -0.616688
-0.088445 -0.758031 -0.646194
-0.130934 -0.552832 -0.822941
-0.218053 -0.764183 -0.607023
-0.177672 -0.167302 -0.969764
-0.142734 -0.967250 -0.209893
0.073352 -0.995339 0.062613
0.040059 -0.996819 0.068898
0.252125 -0.863066 0.437665
0.685141 -0.649360 0.330020
0.237141 -0.642512 -0.728658
0.210980 -0.965447 -0.152967
-0.090734 -0.994884 -0.044411
-0.113530 -0.987667 0.107821
-0.161191 -0.978095 0.131711
-0.148051 -0.988833 -0.017013
0.222475 0.781219 0.583268
0.184416 0.774723 0.604810
0.141304 0.089617 0.985902
0.166628 0.010708 0.985962
0.138851 0.965482 -0.220377
0.204450 0.768254 0.606619
0.112426 0.972807 -0.202504
-0.108091 -0.216265 -0.970333
-0.019379 0.522301 -0.852541
-0.043584 -0.272365 -0.961207
-0.074134 -0.898972 -0.431687
-0.079495 -0.870547 -0.485621
-0.072064 -0.289121 -0.954576
-0.009970 -0.985971 0.166619
-0.034881 -0.978276 0.204353
0.091103 -0.958617 0.269730
-0.029629 -0.894452 -0.446181
0.051823 -0.566542 0.822402
0.102429 -0.548764 0.829679
0.104323 -0.577752 0.809518
0.183899 -0.007481 0.982917
-0.037198 -0.477327 -0.877938
-0.006451 -0.008788 -0.999941
0.373630 -0.595041 -0.711567
0.356048 -0.391174 -0.848653
-0.044176 0.588350 -0.807399
-0.064647 0.111764 -0.991630
0.893910 -0.355432 -0.273118
0.841213 -0.529393 -0.110019
0.490969 -0.844744 0.212971
0.264585 -0.896410 -0.355589
-0.009308 0.510390 -0.859893
0.017451 0.503203 -0.863992
0.105119 0.972574 -0.207486
0.035096 0.945430 -0.323930
0.130373 0.971189 0.199485
-0.003702 0.545678 -0.837987
-0.104149 -0.190214 -0.976203
0.127583 0.981273 -0.144313
0.132753 0.972109 -0.193339
0.225080 0.765282 0.603062
0.195857 0.706854 0.679704
0.197700 -0.052915 0.978833
0.226486 0.673162 0.703958
0.159513 0.966986 -0.198732
-0.123643 -0.184512 -0.975022
-0.014634 0.563243 -0.826162
-0.012747 0.528391 -0.848906
-0.113198 -0.177506 -0.977588
-0.103521 -0.850051 -0.516427
-0.087355 -0.771810 -0.629824
-0.106075 -0.866313 -0.488108
-0.023099 -0.997606 0.065178
-0.027366 -0.989206 0.143954
0.227204 0.645778 0.728937
0.188233 0.051455 0.980776
0.605521 0.404093 0.685604
0.463661 -0.055249 0.884289
0.915366 -0.192609 0.353563
0.592202 0.634897 0.496188
0.970733 0.067188 0.230574
0.218186 0.936606 0.274162
0.550415 -0.587939 0.592766
0.159058 -0.646757 0.745927
0.091814 0.386610 0.917662
0.119694 0.212715 0.969755
0.117624 -0.396432 0.910498
0.053194 -0.345918 0.936756
0.041874 0.118616 -0.992057
0.100402 -0.097733 -0.990135
0.511201 -0.206961 -0.834171
0.427583 -0.703394 -0.567811
0.115118 -0.681845 -0.722381
0.919562 -0.319027 -0.229407
0.589910 -0.806009 -0.048534
0.573522 -0.721976 0.387070
0.893812 -0.224175 0.388388
0.456122 0.100863 0.884183
0.374609 -0.413913 0.829665
0.200130 -0.880512 0.429706
0.199484 -0.976927 -0.076292
0.016441 -0.608546 -0.793348
0.068718 0.146282 -0.986853
-0.018771 -0.613980 -0.789099
0.071792 0.832748 -0.548977
0.117236 0.819049 -0.561618
0.032183 -0.988209 -0.149691
-0.052655 -0.978531 -0.199259
0.045646 -0.875534 0.480996
-0.030418 -0.846454 0.531592
0.101949 0.951738 0.289484
0.141857 0.945333 0.293636
0.135905 0.955572 0.261557
0.114950 0.835348 -0.537568
0.068714 0.962827 0.261235
0.066708 0.857396 -0.510316
0.070434 0.180095 -0.981124
-0.005774 -0.614582 -0.788832
-0.022140 -0.967099 -0.253434
0.029289 0.239016 -0.970574
0.089011 0.854753 -0.511346
0.055974 0.218043 -0.974333
0.111930 0.428930 0.896376
0.038455 0.463542 0.885240
0.116731 0.400061 0.909024
0.026192 -0.353273 0.935154
0.021421 -0.357307 0.933741
-0.005211 -0.826207 0.563343
0.043541 0.429692 0.901925
0.082259 0.954746 0.285820
0.003132 -0.359895 0.932988
-0.018593 -0.322378 0.946428
0.111251 0.446843 0.887668
0.087339 0.443169 0.892173
-0.010176 -0.300328 0.953782
0.001876 -0.360187 0.932878
-0.103748 -0.841556 0.530113
-0.042969 -0.832305 0.552650
0.060558 0.470987 0.880059
0.121304 0.457712 0.880787
0.017797 -0.347434 0.937536
0.075431 0.448776 0.890455
0.102480 0.957697 0.268914
0.116727 0.950167 0.289063
0.093197 0.453843 0.886195
0.049476 -0.370876 0.927364
-0.021236 -0.840363 0.541608
-0.044874 -0.949124 -0.311689
0.023929 -0.846558 0.531758
-0.010189 -0.937588 -0.347600
0.114095 0.858362 -0.500196
0.090885 0.862643 -0.497582
0.170716 0.953772 0.247337
0.152596 0.827591 -0.540191
0.051447 0.195643 -0.979325
0.025803 0.219689 -0.975229
-0.024483 -0.585604 -0.810227
-0.036547 -0.611292 -0.790561
-0.064589 -0.955448 -0.288006
-0.049758 -0.605774 -0.794079
-0.118280 -0.966593 -0.227393
0.084072 0.112811 -0.990053
0.074908 0.147575 -0.986210
-0.041146 -0.585947 -0.809304
0.059340 0.121374 -0.990831
0.000155 -0.634438 -0.772974
0.084842 -0.084079 -0.992841
0.199015 0.415570 -0.887522
0.139456 0.490858 -0.860006
0.136101 0.807660 -0.573727
0.162922 0.799656 -0.577933
0.160303 0.859393 -0.485537
0.235716 -0.702024 -0.672012
0.398354 -0.291956 -0.869526
0.028340 -0.990569 -0.134055
0.375243 -0.914740 -0.149814
-0.092077 -0.980732 -0.172297
-0.078079 -0.871916 0.483390
0.171935 0.948340 0.266627
0.142634 0.958507 0.246821
0.171035 0.977067 0.126836
0.172462 0.770293 0.613926
0.243121 0.694860 0.676803
0.140457 0.221242 0.965051
0.523014 0.294038 0.799999
0.503768 -0.048952 0.862451
0.947706 -0.141933 0.285846
0.833182 -0.469217 0.292648
0.768686 -0.561237 -0.306816
0.907501 -0.251289 -0.336594
0.318351 -0.530366 0.785725
0.054618 -0.396816 0.916272
0.406982 -0.863945 0.296589
0.046378 -0.913971 0.403120
0.040465 -0.260874 0.964524
0.158480 0.546329 0.822441
0.147652 0.522347 0.839853
0.075403 -0.257811 0.963249
-0.038564 -0.780916 0.623444
0.017250 -0.766485 0.642031
0.068898 -0.294087 0.953292
-0.049488 -0.989731 -0.134104
-0.090456 -0.993229 -0.072901
-0.084781 -0.714221 -0.694766
-0.069541 -0.723504 -0.686809
-0.027488 -0.999609 -0.005026
-0.052651 -0.715415 -0.696713
0.018233 -0.816344 0.577279
0.171764 -0.332381 0.927373
0.163748 -0.839536 0.518040
0.222640 0.307483 0.925141
0.625077 0.122227 0.770934
0.461811 -0.409535 0.786773
0.262271 0.834403 0.484753
0.931574 -0.267760 0.245918
0.538618 -0.745097 0.393347
0.182720 0.888811 0.420271
0.152637 0.983926 -0.092688
0.125979 -0.990526 0.054649
0.494025 -0.869346 0.013293
0.036606 -0.778796 -0.626208
0.315752 -0.799540 -0.510918
0.006941 -0.011979 -0.999904
-0.012118 0.002945 -0.999922
0.008726 -0.020333 -0.999755
0.139409 0.335232 -0.931764
0.100738 0.421324 -0.901298
0.059436 -0.244906 -0.967723
0.421883 -0.369469 -0.827954
0.847256 -0.452944 -0.277489
0.122463 0.780047 -0.613620
0.104710 0.717738 -0.688395
0.110619 0.703019 -0.702515
0.181109 0.980823 0.072019
0.162235 0.984740 0.062991
0.080960 0.720261 -0.688963
-0.039253 0.062164 -0.997294
-0.063691 -0.697377 -0.713868
-0.024721 0.055215 -0.998168
0.029243 -0.780221 0.624821
-0.045536 -0.987687 -0.149670
-0.028718 -0.985394 -0.167852
-0.063619 -0.729750 -0.680748
-0.020131 0.056125 -0.998221
0.029042 0.752627 -0.657806
0.154399 0.986947 0.045789
0.095770 0.992048 0.081669
0.044261 0.756410 -0.652599
0.109581 0.987295 0.115070
0.150268 0.565854 0.810697
0.121838 0.564823 0.816168
0.089570 -0.301619 0.949212
0.134739 0.532966 0.835340
0.093985 -0.332880 0.938274
0.144553 0.527049 0.837451
0.123016 0.507680 0.852718
0.050710 -0.784028 0.618650
0.122539 0.985021 0.121316
0.112366 0.986837 0.116301
0.264809 -0.875579 0.404027
0.013211 0.339390 0.940553
0.000601 -0.425910 0.904765
0.049488 0.924322 0.378391
0.098320 0.952019 0.289814
0.053474 0.423327 0.904397
0.110007 0.865312 -0.489014
0.065103 0.896488 -0.438259
0.037808 0.253355 -0.966634
0.081244 0.237124 -0.968076
0.059833 0.286893 -0.956092
0.101432 0.938326 -0.330538
0.025437 -0.562880 -0.826147
0.016327 -0.938591 -0.344645
0.007723 -0.586015 -0.810263
-0.013414 -0.956206 -0.292387
0.001638 -0.855796 0.517310
-0.019391 0.530769 0.847295
0.173493 0.524739 0.833396
0.153023 -0.192112 0.969370
0.166544 0.984006 0.063211
0.072352 0.739603 -0.669143
-0.023954 0.028833 -0.999297
0.040465 0.763658 -0.644351
0.046434 0.768215 -0.638506
-0.060786 0.036713 -0.997476
-0.022283 -0.625641 -0.779793
0.052622 -0.985571 -0.160873
0.126926 -0.799295 0.587382
0.298234 -0.824820 0.480343
0.064398 -0.940717 -0.333024
0.049444 -0.983667 -0.173076
0.026736 -0.999313 -0.025679
0.180415 -0.713578 0.676946
0.233346 -0.013504 0.972300
-0.020324 0.460264 -0.887550
-0.061766 0.380472 -0.922728
0.096218 0.781600 -0.616315
0.189393 0.890581 -0.413517
0.449704 -0.017351 -0.893009
-0.017792 -0.588677 -0.808172
0.126664 -0.616434 0.777152
-0.015119 -0.841558 0.539955
0.315840 -0.942095 -0.112707
0.163090 -0.984935 0.057490
0.237095 -0.929448 0.282688
0.391598 -0.854698 0.340795
0.157574 -0.979403 0.126253
0.419832 -0.885513 0.199019
0.104352 -0.989942 0.095529
0.291801 -0.948448 -0.123683
0.389670 -0.915345 -0.101490
0.199567 -0.976908 0.076315
0.244560 -0.969424 -0.020194
0.329912 -0.926130 -0.182872
0.279129 -0.945429 0.168079
0.398325 -0.874358 0.277192
0.211949 -0.967038 0.141123
0.422728 -0.880924 0.212776
0.348036 -0.936143 -0.050064
0.175670 -0.940500 0.290860
0.061034 -0.975883 0.209588
0.229773 -0.972681 -0.033096
0.006377 -0.777670 0.628640
0.148731 -0.781096 0.606438
0.275798 -0.952454 0.129489
0.034891 -0.999268 -0.015710
0.220154 -0.955249 0.197563
0.029513 -0.996529 0.077839
0.033298 -0.939180 -0.341807
-0.109636 -0.944192 -0.310614
-0.083149 -0.841250 -0.534213
0.073995 -0.993633 0.084961
0.111403 -0.991098 0.072902
0.091366 -0.995649 0.018343
0.046335 -0.998799 0.015911
-0.096729 -0.988328 0.117693
-0.055935 -0.997004 0.053427
-0.092600 -0.993188 0.070726
-0.053575 -0.994147 0.093817
-0.138765 -0.917353 -0.373105
0.018436 -0.565404 -0.824608
0.000575 -0.960541 -0.278139
-0.022779 -0.978091 0.206927
-0.095982 -0.878470 0.468058
-0.040080 -0.987705 0.151103
-0.047231 -0.998107 0.039389
-0.064984 0.142858 -0.987607
0.013473 0.132520 -0.991089
0.032774 -0.993821 -0.106051
-0.035898 -0.825075 -0.563881
-0.121921 -0.310169 -0.942831
-0.098033 -0.270196 -0.957802
0.049002 0.979053 0.197623
-0.002663 0.716814 -0.697260
0.014655 0.968698 -0.247810
-0.037594 0.989525 0.139380
-0.037014 0.960964 0.274185
-0.392543 0.317047 0.863361
0.115160 0.660297 0.742122
-0.050925 0.882869 0.466851
0.084103 0.864984 0.494701
0.038491 0.973356 -0.226047
0.029388 0.712852 -0.700699
-0.010664 0.974864 0.222545
-0.217422 0.700795 0.679422
-0.125896 0.559476 0.819230
-0.244828 -0.883011 0.400438
-0.156237 0.646782 0.746501
-0.046985 0.621138 0.782292
0.197273 0.775233 0.600081
0.404744 0.848449 0.341051
0.638412 0.723060 -0.263844
0.674075 0.126839 -0.727691
0.470386 -0.381861 -0.795562
0.023272 -0.866746 -0.498206
-0.307087 -0.944983 0.112711
-0.411537 -0.274074 0.869207
-0.220191 0.217863 0.950816
0.044843 0.661902 0.748248
0.057086 0.599725 0.798167
0.082953 0.953857 0.288574
0.096391 0.885908 -0.453735
0.080015 0.462043 -0.883240
0.074421 0.650055 0.756234
0.090620 0.969744 0.226681
0.077256 0.863105 -0.499081
0.046036 0.424702 -0.904162
0.105565 0.636986 0.763613
0.117399 0.957996 0.261651
0.096103 0.879649 -0.465813
0.054153 0.429750 -0.901322
0.099779 0.658972 0.745520
0.121044 0.966775 0.225156
0.098403 0.865211 -0.491657
0.042702 0.414115 -0.909223
0.128620 0.718802 0.683214
0.105155 0.989524 0.098923
0.034207 0.786033 -0.617238
-0.030339 0.284515 -0.958191
-0.028918 0.258850 -0.965485
0.035580 0.754281 -0.655586
0.105419 0.994110 0.025159
0.131562 0.767904 0.626909
0.202788 0.877493 0.434608
0.128739 0.972159 -0.195791
-0.001390 0.581294 -0.813692
-0.097113 0.025980 -0.994934
-0.111711 -0.225912 -0.967721
-0.034312 0.517020 -0.855285
0.086614 0.968711 -0.232586
0.181014 0.790848 0.584631
-0.074281 -0.026645 -0.996881
-0.014488 0.530502 -0.847560
0.098911 0.958559 -0.267174
0.181266 0.914816 0.360906
0.496990 0.195135 -0.845531
0.556632 0.474350 0.682021
0.754964 0.647129 0.106085
0.743004 0.560801 -0.365306
0.218524 0.864572 -0.452507
0.233280 0.968056 0.091915
0.183611 0.571520 -0.799782
0.219501 0.873108 -0.435317
0.233671 0.969718 0.071023
0.222635 0.824915 0.519565
0.258586 0.421828 -0.869019
0.327376 0.852229 -0.408082
0.344940 0.937076 0.053899
0.318014 0.709975 0.628333
0.258509 -0.957147 -0.130545
-0.064674 -0.924581 -0.375456
-0.050141 -0.956753 0.286549
0.566528 -0.821498 0.064710
-0.064918 -0.996000 0.061404
0.558619 -0.805732 0.196827
0.269340 -0.851465 0.449960
-0.021365 -0.707423 0.706467
0.145413 0.775917 -0.613847
0.180121 0.970783 -0.158547
0.382607 -0.194648 -0.903174
0.606456 0.355949 -0.710993
0.672197 0.631962 -0.385714
0.631938 0.753032 0.183296
-0.030852 0.577474 -0.815826
0.043730 0.922622 -0.383218
0.174428 0.983510 0.047788
0.046291 0.906403 -0.419870
-0.030583 0.572044 -0.819653
-0.037290 0.112737 -0.992925
0.087509 -0.056445 -0.994563
0.121964 0.561066 -0.818737
0.199795 0.866420 -0.457601
0.349430 0.926113 0.142175
0.853244 -0.505687 0.127498
0.525925 -0.850179 -0.024492
0.187750 -0.963118 -0.192753
0.387698 -0.749695 0.536329
0.881719 -0.379597 0.280140
0.414118 -0.725170 0.550123
0.703595 -0.196416 0.682916
0.537400 0.166075 0.826813
0.001498 -0.339542 0.940590
0.244839 -0.294340 0.923806
0.432435 -0.283364 0.855982
0.564283 -0.259139 0.783857
0.638339 -0.232965 0.733656
0.643897 -0.282025 0.711238
0.595223 -0.370125 0.713244
0.519116 -0.437277 0.734376
0.496662 -0.428208 0.754960
0.569310 -0.354923 0.741563
0.629249 -0.319117 0.708668
0.627360 -0.342480 0.699376
0.580576 -0.351599 0.734377
0.517047 -0.290146 0.805281
0.327536 -0.218326 0.919268
-0.024166 -0.184432 0.982548
0.549544 -0.214654 0.807419
0.624171 0.177604 0.760833
0.321437 0.623348 0.712823
-0.027760 0.503589 0.863497
-0.046061 0.111202 0.992730
0.092441 -0.166088 0.981769
0.290344 -0.332786 0.897192
0.520009 -0.321668 0.791278
0.686784 -0.198962 0.699101
0.726273 -0.047478 0.685765
0.655357 -0.093898 0.749460
0.561428 -0.403672 0.722390
0.501667 -0.490045 0.712872
0.477927 -0.488488 0.730045
0.409618 -0.550492 0.727442
0.281888 -0.614833 0.736559
0.176670 -0.629748 0.756442
0.157647 -0.620158 0.768474
0.226174 -0.572454 0.788125
0.374929 -0.426136 0.823308
-0.249100 0.014503 0.968369
-0.179790 0.022313 0.983452
-0.110792 0.036162 0.993186
-0.103236 0.099111 0.989707
-0.114916 0.036324 0.992711
-0.110107 0.022571 0.993663
-0.170748 -0.029081 0.984885
-0.160464 0.034562 0.986436
-0.291322 -0.118008 0.949319
-0.112518 -0.048478 0.992466
-0.099124 0.246384 0.964090
-0.245928 0.196732 0.949113
-0.206159 0.055914 0.976920
-0.111996 0.446480 0.887757
-0.316621 0.414865 0.853017
-0.194279 -0.052762 0.979526
-0.269378 -0.172042 0.947543
-0.243241 -0.340305 0.908310
-0.237712 -0.666014 0.707049
-0.390164 -0.520095 0.759785
-0.354618 -0.642270 0.679511
-0.560147 -0.456658 0.691158
-0.708321 -0.160022 0.687513
-0.643164 -0.390233 0.658831
-0.551740 -0.261621 0.791920
-0.297084 -0.243205 0.923359
-0.813567 -0.072379 0.576950
-0.245297 -0.572323 0.782481
-0.277723 -0.750763 0.599354
-0.231697 -0.819006 0.524924
-0.323022 -0.629551 0.706627
-0.434798 -0.526295 0.730729
-0.599059 -0.445811 0.665117
-0.367208 -0.454940 0.811288
-0.400965 -0.084309 0.912205
-0.609508 -0.088901 0.787780
-0.842543 -0.091424 0.530814
-0.769980 -0.070023 0.634214
-0.718408 -0.288212 0.633106
-0.687707 -0.299707 0.661237
-0.612220 -0.330049 0.718508
-0.507719 -0.383573 0.771423
-0.705136 0.035515 0.708182
-0.858013 0.034354 0.512477
-0.799425 0.008658 0.600704
-0.560329 0.025632 0.827874
-0.906462 0.007800 0.422216
-0.923288 0.019658 0.383604
-0.428405 0.037380 0.902813
-0.696544 0.077527 0.713314
-0.802382 0.219918 0.554815
-0.871188 0.017127 0.490651
-0.916868 0.083509 0.390357
-0.926837 0.011459 0.375290
-0.899691 0.012081 0.436361
-0.931606 0.033227 0.361949
-0.941606 0.033067 0.335088
-0.924100 0.216627 0.314820
-0.952145 0.091389 0.291664
-0.939774 0.046590 0.338607
-0.956899 0.084571 0.277836
-0.918997 0.313153 0.239541
-0.822724 0.405898 0.397960
-0.810382 0.499939 0.305519
-0.130825 0.699028 0.703026
-0.409629 0.666129 0.623278
-0.829649 0.241291 0.503449
-0.752585 0.361016 0.550712
-0.719595 0.359347 0.594183
-0.453636 0.528589 0.717501
-0.742613 0.249467 0.621524
-0.679263 0.358666 0.640282
-0.425092 0.444188 0.788666
-0.458274 0.497105 0.736798
-0.666232 0.336265 0.665628
-0.700966 0.305706 0.644353
-0.633693 0.225409 0.740016
-0.538416 0.421152 0.729890
-0.745869 0.279132 0.604786
-0.507505 0.473433 0.719931
-0.320805 0.270889 0.907581
-0.541778 0.318372 0.777892
-0.436225 0.281576 0.854648
-0.592680 0.153361 0.790703
-0.707912 0.100140 0.699165
-0.903913 0.243319 0.351762
-0.862805 0.337423 0.376448
-0.977394 0.085693 0.193282
-0.887619 0.237206 0.394798
-0.910340 -0.316253 0.266954
-0.876915 -0.148132 0.457249
-0.584564 -0.723441 0.367313
-0.830195 -0.464607 0.308086
-0.490638 -0.743439 0.454504
0.193342 -0.668587 0.718060
0.403192 -0.857497 0.319585
0.594296 -0.736901 0.322164
-0.633398 -0.635098 0.442107
0.292585 -0.956237 -0.002352
0.592952 -0.792613 -0.142028
-0.617678 -0.620951 0.482590
-0.009661 -0.986586 -0.162955
-0.795863 -0.131271 0.591076
-0.812764 0.221060 0.539025
-0.820895 0.332176 0.464532
-0.462277 -0.029058 0.886259
-0.910213 0.049570 0.411162
-0.427135 0.570439 0.701537
-0.742333 0.405734 0.533219
-0.732197 0.356992 0.580038
-0.421331 0.500117 0.756547
-0.848398 0.249217 0.467025
-0.843646 0.306560 0.440774
-0.828234 0.255947 0.498516
-0.839749 0.041298 0.541402
-0.737201 0.090328 0.669608
-0.810672 0.099168 0.577041
-0.760646 -0.220119 0.610709
-0.769450 -0.272227 0.577789
-0.669036 -0.283216 0.687154
-0.353096 -0.278600 0.893144
-0.415468 0.163635 0.894768
-0.275001 -0.649534 0.708858
-0.546106 -0.617558 0.566030
-0.637302 -0.609390 0.471688
-0.614004 -0.640824 0.460808
-0.404147 -0.902499 -0.148863
-0.634065 -0.769320 0.078157
-0.514996 -0.790248 0.332096
-0.417752 -0.063259 0.906356
-0.349402 0.168410 0.921714
-0.020638 0.127425 0.991634
-0.100357 -0.220443 0.970223
-0.422267 0.115993 0.899019
-0.079086 0.158382 0.984206
-0.173370 -0.806735 0.564909
-0.181669 -0.842261 0.507536
0.015817 -0.997562 0.067978
0.122763 -0.986778 0.105826
0.436453 -0.229197 -0.870045
0.176327 -0.228562 -0.957428
-0.778882 -0.486657 0.395612
-0.336231 -0.750697 0.568685
-0.952657 -0.246000 0.178688
-0.758369 -0.165835 0.630377
-0.712936 -0.691385 0.117087
-0.876282 -0.426206 -0.224674
-0.297842 -0.887651 0.351236
-0.604696 0.080550 0.792373
-0.245025 -0.802688 0.543741
-0.312662 -0.817216 0.484149
-0.677113 0.006450 0.735851
-0.041068 -0.994605 0.095258
0.042648 -0.995453 0.085172
0.638280 -0.443692 -0.629075
0.598672 -0.296104 -0.744254
0.769606 -0.377847 -0.514722
0.715880 -0.366259 -0.594450
0.813695 -0.380392 -0.439547
0.831186 -0.333969 -0.444517
0.883138 -0.241772 -0.402013
0.691429 -0.510408 -0.511282
0.873463 -0.303742 -0.380531
0.640402 -0.606893 -0.470709
0.747368 -0.587721 -0.309880
0.566446 -0.426555 -0.705117
0.333763 -0.478793 -0.812010
0.439195 -0.671120 -0.597249
-0.160768 -0.979042 0.125024
-0.164883 -0.979995 0.111463
-0.378563 -0.823260 0.423005
-0.367267 -0.847178 0.383934
-0.626422 -0.126073 0.769221
-0.597093 -0.206541 0.775126
-0.590928 0.094581 0.801161
-0.500339 0.171922 0.848589
-0.589685 -0.034551 0.806894
-0.499624 0.093012 0.861234
-0.539311 0.041818 0.841068
-0.434426 0.069626 0.898013
-0.470013 -0.078740 0.879141
-0.582829 -0.109669 0.805160
-0.801650 -0.272452 0.532097
0.379098 -0.439044 0.814570
-0.370540 -0.129781 0.919705
-0.531408 -0.125379 0.837786
-0.559576 -0.063012 0.826380
-0.508742 -0.040162 0.859982
0.468705 -0.663407 -0.583272
-0.319993 -0.896895 -0.305261
-0.279348 -0.508942 -0.814213
-0.903686 -0.361195 0.229977
-0.867123 -0.446440 -0.220883
-0.245634 -0.849038 0.467760
-0.561543 -0.146255 0.814419
-0.622120 -0.246654 0.743054
-0.681339 -0.339826 0.648303
-0.725948 -0.328265 0.604352
-0.813619 -0.349991 0.464253
-0.755824 -0.370474 0.539888
-0.820495 -0.453364 0.348208
-0.762917 -0.424233 0.487837
-0.699369 -0.378792 0.606135
-0.629118 -0.386201 0.674581
-0.651411 -0.368125 0.663436
-0.152739 -0.330006 0.931540
-0.612804 -0.377619 0.694173
-0.559782 0.040786 0.827635
-0.595324 -0.283471 0.751821
-0.708052 -0.396586 0.584279
-0.751365 -0.635455 0.177896
-0.740021 -0.538706 0.402698
-0.705405 -0.443306 0.553068
-0.837990 -0.252821 0.483585
-0.711622 -0.187726 0.677018
-0.691583 -0.240474 0.681091
-0.780002 -0.309126 0.544094
-0.564403 -0.164468 0.808949
-0.573413 -0.079326 0.815417
-0.805624 -0.135152 0.576805
-0.897077 -0.218543 0.384046
-0.871545 -0.141787 0.469368
-0.866598 -0.309804 0.391190
-0.901823 -0.266957 0.339777
-0.856269 -0.443338 0.265057
-0.731697 -0.681577 0.008539
-0.582099 -0.806534 -0.103268
-0.632165 -0.772132 0.064648
-0.582756 -0.801827 -0.132168
-0.613064 -0.771709 -0.169170
-0.701864 -0.710937 -0.044223
-0.648664 -0.247018 0.719873
-0.552648 -0.169677 0.815960
-0.466504 -0.096670 0.879221
-0.452439 -0.095188 0.886701
-0.495075 -0.067259 0.866243
-0.929225 -0.164899 0.330679
-0.281339 -0.528378 0.801040
-0.346078 0.277012 0.896378
-0.291475 -0.694200 0.658126
-0.252475 -0.706353 0.661303
-0.202463 -0.780317 0.591705
-0.196844 -0.835387 0.513206
-0.722158 -0.179179 0.668119
-0.735481 -0.110703 0.668441
-0.804285 -0.149658 0.575090
-0.755654 -0.081684 0.649858
-0.709987 -0.142890 0.689566
-0.715785 -0.020015 0.698034
-0.851166 -0.147983 0.503605
-0.908736 -0.049328 0.414446
-0.879256 -0.094502 0.466882
-0.375004 0.479001 0.793682
-0.412456 0.494166 0.765297
-0.251443 0.554384 0.793369
-0.400341 0.468094 0.787791
-0.591702 -0.191126 0.783172
-0.415225 -0.216840 0.883498
-0.242475 -0.134582 0.960778
-0.631454 0.021355 0.775119
-0.510154 0.062612 0.857801
-0.195059 0.046649 0.979682
-0.503239 0.011023 0.864077
-0.754137 -0.010122 0.656639
0.429991 -0.796612 -0.424874
-0.174226 0.807829 0.563078
-0.736322 -0.017837 0.676396
-0.424058 0.509270 0.748878
-0.675700 0.243530 0.695789
0.181066 0.848620 0.497051
0.083064 0.751827 0.654107
-0.218838 0.424415 0.878625
-0.085530 0.682026 0.726310
0.038617 0.999232 -0.006646
0.024220 0.965534 -0.259149
-0.074562 0.997209 0.003928
0.175414 0.846325 -0.502956
0.310145 0.788356 -0.531324
-0.479834 0.655816 0.582807
0.245770 0.917662 -0.312239
0.425115 0.888556 -0.172471
0.684285 0.611501 -0.397268
0.513957 0.673789 -0.530902
-0.109632 0.940101 0.322786
0.419064 0.907590 0.025826
-0.023256 -0.985687 0.166975
-0.243187 -0.880492 0.406932
0.915888 -0.186529 -0.355466
0.855399 0.251673 -0.452718
-0.660113 -0.076841 0.747226
0.889318 0.252144 -0.381494
0.866746 0.380702 -0.322209
0.916101 -0.109384 -0.385739
0.920912 -0.072035 -0.383055
0.431197 0.901982 0.022315
0.547297 0.773219 0.320309
0.939097 0.159614 0.304335
0.935448 0.337264 -0.105779
0.850150 0.093792 0.518119
0.949028 -0.291274 0.120439
0.985715 -0.167756 -0.014953
0.410366 0.729772 0.546839
0.967400 -0.035244 -0.250791
0.865045 0.433607 -0.252351
0.106612 0.970045 0.218283
0.085103 0.965014 0.248002
0.476106 0.643017 0.599877
0.934810 -0.036383 -0.353280
-0.619372 0.279287 0.733742
-0.013256 0.904076 -0.427166
-0.081130 0.958464 -0.273430
-0.076705 0.944819 -0.318486
-0.578987 0.034017 0.814627
-0.391584 -0.083293 0.916365
-0.152195 -0.089986 0.984246
-0.072041 0.969107 -0.235886
-0.385124 -0.495193 0.778757
-0.194717 -0.531593 0.824314
-0.554270 -0.366529 0.747290
-0.649068 -0.373920 0.662491
-0.643880 -0.313724 0.697850
-0.469808 -0.284752 0.835581
-0.143075 0.942211 -0.302934
-0.038899 0.995305 -0.088630
-0.114655 0.947845 -0.297397
-0.631947 -0.224660 0.741735
-0.657226 -0.375044 0.653756
0.161752 0.960802 0.225157
0.442966 0.574626 0.688176
0.527157 -0.393898 0.752961
0.387535 -0.920771 -0.044704
0.415308 -0.811377 0.411324
0.740568 -0.165040 0.651400
0.748344 -0.591973 0.299247
0.897143 -0.371806 -0.238527
0.734899 -0.661694 -0.148609
0.842788 -0.368193 -0.392610
0.900698 -0.229778 -0.368708
0.929648 -0.249282 -0.271318
0.714443 -0.562103 -0.416667
-0.930181 -0.097208 0.353998
-0.958305 -0.042288 0.282601
-0.980842 -0.075075 0.179761
-0.889737 -0.057706 0.452811
-0.784718 0.240625 0.571242
-0.988668 0.002940 0.150092
-0.296705 0.636049 0.712326
-0.303827 0.763494 0.569882
-0.750723 0.415025 0.513973
-0.685332 0.282438 0.671229
-0.441760 0.805588 0.394810
-0.701240 0.632780 0.328408
-0.363893 0.913155 0.183658
-0.647315 0.750021 0.135840
-0.105459 0.951642 0.288541
-0.924154 0.022025 0.381385
-0.871157 0.381297 0.309352
-0.905991 -0.178613 0.383767
-0.644171 0.166453 0.746551
0.016269 0.912802 0.408078
0.132426 0.988646 0.071017
-0.048047 0.998845 0.000916
0.129737 0.962968 -0.236350
-0.071208 0.958144 -0.277288
0.050940 0.844233 -0.533550
-0.163730 0.826073 -0.539255
-0.331389 0.942877 -0.034116
-0.343577 0.896990 -0.278143
-0.551892 0.704235 0.446619
-0.578658 0.789760 0.203551
-0.985842 0.002392 0.167659
-0.997776 0.005080 0.066469
-0.972152 0.045408 0.229909
-0.990139 0.081765 0.113753
-0.979032 0.203708 0.000492
-0.997082 0.061677 -0.044980
-0.931201 0.292990 -0.216843
-0.966569 0.179005 0.183581
-0.956821 0.286336 0.050058
-0.996994 0.035789 0.068719
-0.998823 0.027891 0.039673
-0.677805 0.729984 -0.087767
-0.947260 0.026810 0.319344
-0.960700 -0.144138 0.237235
-0.980810 -0.147623 0.127352
-0.986064 -0.162563 0.035382
-0.922056 -0.267405 0.279833
-0.967034 -0.225307 0.118665
-0.957686 -0.217083 0.188977
-0.965881 -0.099582 0.239076
-0.963667 -0.216543 0.156383
-0.939799 -0.257969 0.224121
-0.932481 -0.187077 0.309002
-0.918722 -0.306826 0.248612
-0.917758 -0.230244 0.323586
-0.939324 -0.321290 0.120178
-0.937451 -0.342554 0.061985
-0.900326 -0.182414 0.395144
-0.838370 -0.427762 0.337870
-0.873935 -0.198021 0.443876
-0.818599 -0.456317 0.348813
-0.892624 -0.105749 0.438223
-0.906962 -0.074664 0.414542
-0.919990 -0.141817 0.365386
-0.968687 0.018571 0.247588
-0.899571 -0.021061 0.436266
-0.990590 -0.130406 0.041546
-0.969150 -0.100102 -0.225231
-0.906027 -0.053088 0.419877
-0.879251 -0.102416 0.465218
-0.938846 -0.081054 0.334663
-0.937377 -0.310490 0.157859
-0.955245 -0.294262 -0.030276
-0.761221 -0.453869 -0.463191
-0.819966 -0.497073 -0.283856
-0.955151 -0.146813 0.257164
-0.669200 -0.742860 -0.018198
-0.923358 -0.098110 0.371194
-0.901051 -0.093769 0.423456
-0.534923 -0.834543 0.131896
-0.677991 -0.569361 -0.464926
-0.821774 -0.560305 -0.103668
-0.857113 -0.453813 -0.243742
-0.798040 -0.465805 -0.382306
-0.748976 -0.497903 -0.437181
-0.831820 -0.443704 -0.333470
-0.150245 -0.763937 -0.627556
-0.217832 -0.663412 -0.715845
-0.972053 -0.219621 0.082942
-0.944375 -0.313465 -0.099475
-0.935417 -0.273493 -0.224047
-0.902860 -0.388636 0.183865
-0.952870 -0.268760 0.140737
-0.881492 -0.261792 0.392986
-0.881123 -0.160164 0.444939
-0.892164 -0.364865 0.266303
-0.892370 -0.395913 0.216629
-0.849433 -0.238261 0.470846
-0.930203 0.002239 0.367039
-0.917193 -0.077123 0.390908
-0.926122 -0.014000 0.376965
-0.898624 -0.126652 0.420041
-0.837892 -0.087406 0.538792
-0.793483 -0.037808 0.607416
-0.709696 0.019379 0.704242
-0.915559 -0.176072 0.361594
-0.299336 0.925682 0.231322
-0.572596 0.819617 -0.019030
-0.295341 0.763397 -0.574456
-0.282210 0.910729 -0.301546
-0.780323 0.115058 0.614701
-0.710255 -0.218695 0.669112
-0.439848 -0.185326 0.878742
-0.483174 -0.662089 0.572871
-0.692083 -0.642575 0.328814
-0.723071 -0.678890 0.127581
-0.344113 -0.935486 0.080320
-0.526842 -0.848787 -0.044698
-0.455845 -0.883628 -0.106805
-0.265783 -0.960490 -0.082570
-0.290583 -0.955114 -0.057604
-0.495136 -0.868805 -0.004375
-0.830873 -0.326260 0.450782
-0.944181 -0.275109 0.181209
-0.873479 -0.044306 0.484842
-0.859615 -0.472443 0.194577
-0.816528 -0.570322 -0.089527
-0.638575 0.028093 0.769047
-0.848065 -0.260013 0.461714
-0.886117 -0.290722 0.360940
-0.935198 -0.249237 0.251567
-0.948876 -0.177082 0.261297
-0.914389 -0.227410 0.334929
-0.877728 -0.321026 0.355719
-0.913318 -0.268917 0.305833
-0.925608 -0.148502 0.348134
-0.891704 -0.376349 0.251447
-0.909732 -0.360309 0.206312
-0.853569 0.511796 0.097394
-0.909523 0.415199 -0.019451
-0.656986 0.753830 -0.010492
-0.927741 0.215791 -0.304516
-0.504329 0.719941 -0.476799
-0.706219 0.389056 -0.591515
-0.098645 0.566447 -0.818173
-0.239218 0.201269 -0.949877
-0.323814 0.541437 -0.775881
-0.492236 0.182619 -0.851090
-0.844337 0.058490 -0.532610
-0.340829 -0.158996 -0.926583
-0.638216 -0.185916 -0.747072
-0.386128 -0.423155 -0.819662
-0.658426 -0.454620 -0.599829
-0.549793 -0.024906 -0.834930
-0.384875 -0.243757 -0.890199
-0.885868 -0.291071 -0.361269
-0.769347 0.200525 -0.606544
-0.970253 -0.159525 -0.182100
-0.753071 -0.408294 -0.515926
-0.798603 0.501260 -0.333125
-0.999903 -0.004442 -0.013225
-0.987112 -0.087230 -0.134170
-0.971484 -0.225789 0.072375
-0.884275 -0.243261 0.398600
-0.857816 -0.200018 0.473439
-0.888468 -0.195543 0.415195
-0.931882 -0.254108 0.258893
-0.908394 -0.405370 -0.102452
-0.931431 -0.282478 0.229440
-0.901498 -0.397778 -0.170511
-0.923948 -0.215583 -0.315982
-0.304091 -0.414844 -0.857574
-0.431167 -0.540809 -0.722233
-0.858213 -0.420904 -0.293787
-0.903753 -0.327610 -0.275504
-0.819316 -0.427998 -0.381496
-0.951628 -0.193552 -0.238625
-0.929680 0.025844 -0.367459
-0.872618 -0.250468 -0.419289
-0.736985 -0.239136 -0.632193
-0.620343 -0.482873 -0.618068
-0.775069 0.131258 -0.618093
-0.766983 -0.464381 -0.442818
-0.518331 -0.564003 -0.642833
-0.723180 -0.510444 -0.465250
-0.994563 0.048257 -0.092282
-0.834979 -0.458844 -0.303764
-0.721981 -0.475876 -0.502280
-0.854756 -0.457757 -0.244644
-0.883228 -0.453379 -0.119815
-0.797401 -0.339883 -0.498628
-0.852214 -0.442540 -0.279088
-0.820218 -0.511312 -0.256522
-0.332852 -0.573996 -0.748157
-0.208401 -0.528586 -0.822901
-0.119747 -0.491448 -0.862635
-0.401213 -0.532988 -0.744951
-0.419504 -0.514828 -0.747642
-0.470773 -0.503425 -0.724525
-0.672695 -0.524462 -0.521940
-0.308994 -0.202748 -0.929202
-0.286251 -0.447745 -0.847104
-0.342781 0.066025 -0.937092
-0.240668 0.457632 -0.855951
-0.533952 -0.508694 -0.675371
-0.250462 -0.567431 -0.784405
-0.564639 -0.376643 -0.734386
-0.647824 -0.167650 -0.743114
-0.765992 0.077818 -0.638122
-0.773884 0.469012 -0.425595
-0.949191 0.291937 0.117511
-0.983656 0.041904 -0.175112
0.013388 0.477972 -0.878273
-0.909103 -0.143697 -0.391002
-0.197527 -0.432715 -0.879625
-0.198145 0.690773 -0.695393
-0.192419 0.311090 -0.930698
-0.156021 -0.063485 -0.985712
-0.179003 0.626671 -0.758447
-0.427649 0.083002 0.900126
-0.468591 0.012342 0.883329
-0.464699 0.203725 0.861714
-0.552764 0.084910 0.829001
-0.488067 0.200387 0.849492
-0.590393 0.091798 0.801878
-0.678178 -0.058161 0.732593
-0.413192 0.400858 0.817671
-0.343340 0.416407 0.841857
-0.410944 0.310316 0.857221
-0.313009 0.270984 0.910271
-0.393959 0.142684 0.907985
-0.161417 0.107703 0.980992
-0.888577 -0.386562 0.246984
-0.805789 -0.591531 0.028187
-0.672445 -0.712732 -0.199575
-0.698311 -0.687810 -0.198192
-0.776293 -0.583090 -0.239532
-0.749339 -0.580495 -0.318617
-0.890438 -0.452527 0.048361
-0.505254 -0.640924 0.577871
-0.408978 -0.890445 0.199613
-0.607988 -0.764925 0.212697
-0.689515 -0.538626 0.484202
-0.697850 -0.497600 0.515169
-0.687454 -0.658270 0.306737
-0.782658 0.452890 -0.427008
-0.726678 0.654187 -0.209711
-0.852638 0.519129 -0.059279
-0.876645 0.448598 0.173937
-0.734867 0.642470 0.217261
-0.684982 0.719232 0.116212
-0.433852 0.898323 0.069203
-0.178937 0.935162 -0.305701
-0.224239 0.970048 0.093396
-0.273070 0.888482 0.368825
-0.084072 0.570782 -0.816786
-0.361935 -0.014345 0.932093
-0.542002 0.096112 0.834863
-0.273304 0.009202 0.961884
-0.139760 -0.015778 -0.990060
0.050967 -0.023533 -0.998423
0.178591 -0.032122 -0.983399
-0.312449 0.824095 0.472486
-0.684418 0.585830 0.434022
-0.421404 0.592629 0.686447
-0.682673 0.202879 0.701995
-0.217095 0.493517 0.842206
-0.419603 0.157864 0.893875
0.016796 0.322692 0.946355
-0.140123 0.096464 0.985424
-0.234018 0.038789 0.971458
-0.249273 -0.797848 0.548910
-0.329604 -0.754219 0.567904
-0.423613 -0.669495 0.610188
-0.446504 -0.586049 0.676151
-0.455603 -0.504373 0.733508
-0.554041 -0.216009 0.803977
0.007817 0.693128 0.720772
0.180201 0.867878 0.462943
0.073151 0.856761 0.510499
-0.067143 0.814949 0.575630
-0.188390 0.795793 0.575520
-0.249560 0.781675 0.571580
-0.243643 0.731539 0.636781
-0.244264 0.619643 0.745907
-0.274206 0.362343 0.890797
-0.289965 -0.507650 0.811303
-0.231251 -0.703510 0.672009
-0.190896 -0.750710 0.632451
-0.179849 -0.762702 0.621241
-0.209274 -0.787451 0.579764
-0.266608 -0.524639 -0.808501
0.099709 -0.610048 0.786066
0.083359 -0.232263 0.969074
-0.018376 -0.379133 0.925160
0.444540 -0.411727 0.795528
0.391024 -0.159587 0.906439
-0.088061 0.063379 0.994097
0.247682 -0.091906 0.964472
0.630743 -0.019953 0.775735
0.456876 0.221004 0.861639
-0.657765 -0.551864 0.512632
-0.554693 -0.682052 0.476573
-0.709239 -0.092388 0.698888
-0.932972 -0.189697 0.305905
-0.738956 -0.149402 0.656980
-0.892205 -0.211793 0.398891
-0.264725 -0.033013 0.963759
-0.794929 -0.516309 0.318610
-0.877487 -0.426859 0.218649
-0.918111 -0.282093 0.278382
-0.742163 -0.616837 0.262120
-0.869132 -0.483091 0.105986
-0.645639 -0.330602 0.688369
-0.155892 -0.038347 0.987030
-0.515487 -0.071307 0.853925
0.033898 0.048363 0.998254
-0.491853 0.038504 0.869827
-0.612858 0.239236 0.753108
-0.907525 0.396270 0.139171
-0.900098 0.429456 -0.073430
-0.651042 0.314004 0.691047
-0.399690 0.089707 0.912251
-0.739074 0.188115 0.646825
-0.781084 -0.061612 0.621380
-0.893719 0.429722 0.128863
-0.902113 0.426058 -0.068314
-0.573048 0.155949 0.804547
-0.919113 0.346487 0.187557
-0.912622 0.408094 -0.024079
-0.926093 0.374898 0.042477
-0.915986 0.311737 0.252566
-0.952547 0.292762 0.083339
-0.900323 0.423990 -0.098242
-0.850557 0.461226 -0.252632
-0.905272 0.322820 -0.276170
-0.945489 0.314158 -0.085761
-0.916182 0.251228 0.312241
-0.920882 0.170514 0.350573
-0.977836 0.189921 0.088132
-0.452043 0.090317 0.887412
-0.814516 0.515534 -0.266061
-0.873163 0.464727 -0.147019
-0.686289 0.557343 -0.467308
-0.126594 -0.057830 0.990268
-0.002340 -0.111571 0.993754
-0.380172 0.057392 0.923133
-0.515837 0.115834 0.848820
0.214289 -0.112774 0.970238
-0.061624 -0.150157 0.986740
-0.049387 -0.219737 0.974308
0.189317 -0.543870 0.817536
-0.151640 0.909424 0.387238
-0.162425 0.973957 -0.158196
-0.096274 0.915987 0.389486
-0.410543 0.408470 0.815234
-0.433498 0.211738 0.875926
-0.305234 0.133283 0.942904
-0.179174 0.908140 0.378390
-0.266432 0.892015 0.365136
-0.968078 0.007836 0.250527
-0.975968 -0.184626 0.115758
-0.950706 -0.305130 0.055266
-0.984064 -0.086537 0.155339
-0.938565 -0.260511 0.226342
-0.949390 -0.238771 0.204078
-0.786495 -0.094455 0.610332
-0.352916 -0.363500 0.862159
-0.913055 -0.269620 0.305999
-0.953161 -0.244830 0.177602
-0.048246 -0.224632 0.973249
-0.076458 -0.303597 0.949728
-0.008086 -0.699239 0.714843
-0.008770 -0.736050 0.676871
-0.082193 0.274595 0.958041
-0.160174 0.197709 0.967086
-0.172500 0.982492 -0.070375
-0.173458 0.916461 0.360572
-0.273665 0.890454 0.363592
-0.877168 -0.427920 -0.217855
0.055659 0.439675 -0.896431
-0.048241 0.357718 -0.932583
-0.457330 0.503392 -0.733107
-0.479986 0.374852 -0.793158
-0.233971 0.383070 -0.893597
-0.181049 0.497613 -0.848294
0.179104 0.361244 -0.915109
0.081925 0.323846 -0.942556
-0.730431 0.327792 -0.599186
-0.705966 0.463792 -0.535265
-0.842994 0.421027 -0.334811
-0.894374 0.276052 -0.351981
-0.952014 0.264193 -0.154506
-0.993173 0.007125 -0.116434
-0.936894 0.021075 -0.348978
-0.890088 0.413059 -0.192681
0.052546 0.041785 -0.997744
-0.907633 -0.371915 -0.194632
-0.949877 -0.312397 0.011874
-0.999046 0.000738 0.043663
-0.982470 -0.003797 0.186383
-0.942788 0.292937 0.159180
-0.959360 0.281969 -0.011032
-0.926651 -0.375221 0.022936
0.085585 -0.973746 -0.210936
0.081075 -0.965962 -0.245652
0.074121 -0.817399 -0.571283
0.087097 -0.859902 -0.502973
-0.691798 -0.666292 -0.278336
-0.097197 -0.971569 -0.215887
0.003069 -0.890511 -0.454952
-0.480053 -0.744078 -0.464647
0.035006 -0.938642 0.343112
0.955965 -0.044266 0.290122
0.829127 -0.518228 0.209732
0.826199 -0.533249 -0.181773
0.677119 -0.676831 -0.288809
0.684400 -0.589680 -0.428806
0.614341 -0.516116 -0.596833
0.867790 -0.233932 -0.438424
0.947225 0.027664 -0.319373
0.793615 -0.118177 0.596833
0.736411 -0.123381 0.665189
0.654346 -0.097771 0.749848
0.559799 -0.052428 0.826968
-0.110817 -0.266962 0.957315
-0.131373 -0.203598 0.970201
-0.896478 -0.226929 0.380565
-0.893826 -0.274306 0.354728
-0.229994 -0.073478 0.970414
-0.165851 -0.141582 0.975934
-0.305456 -0.001215 0.952206
0.425951 -0.052379 0.903229
0.807883 -0.125274 0.575874
-0.095239 -0.320691 0.942384
0.788775 -0.149255 0.596286
-0.116301 -0.337439 0.934136
-0.893670 -0.287639 0.344410
-0.876291 -0.291454 0.383626
0.077115 -0.985410 -0.151727
-0.057969 -0.996364 -0.062434
0.014498 -0.994656 -0.102218
0.154758 -0.908466 -0.388253
-0.027458 -0.935097 -0.353326
0.110794 -0.906804 -0.406732
0.246348 -0.729480 -0.638099
0.019401 -0.809950 -0.586178
0.130547 -0.771269 -0.622978
0.414804 -0.647220 -0.639565
0.694360 -0.606634 -0.387117
0.568802 -0.811649 -0.133002
0.994038 0.081876 -0.072003
0.998852 0.004985 0.047633
0.856942 0.460942 0.230613
0.899136 0.387054 0.204314
0.985331 -0.026316 0.168614
0.838638 -0.523193 0.151511
0.798200 0.538217 0.270555
0.260423 0.795448 0.547213
0.428600 0.643238 0.634466
-0.103735 0.776191 0.621905
-0.033604 0.618726 0.784888
0.928470 0.338270 0.153354
0.984769 0.105691 -0.138057
0.985453 0.061428 -0.158460
0.954048 0.277528 0.113006
0.779031 -0.367940 -0.507672
0.835679 -0.296825 -0.462099
0.232925 -0.802290 -0.549615
0.200752 -0.814202 -0.544769
-0.151408 -0.830319 -0.536327
-0.136624 -0.807370 -0.574011
0.265994 -0.835226 -0.481295
0.610529 -0.647783 -0.455667
0.910769 -0.276208 -0.306934
0.973240 -0.201229 -0.110955
0.997415 -0.021394 -0.068600
0.993112 0.002393 -0.117147
0.846478 -0.486576 -0.216148
0.993597 -0.067736 -0.090426
0.770765 -0.603388 -0.204557
0.992254 0.061885 -0.107715
0.975512 0.185840 0.117641
-0.166714 -0.878849 -0.447024
-0.198073 -0.959159 -0.201944
-0.826149 -0.472537 -0.306899
-0.843641 -0.528860 -0.092618
-0.310424 -0.949981 0.034246
-0.874863 -0.472507 0.106543
0.582891 -0.727059 0.362800
-0.259510 -0.952125 0.161596
-0.858574 -0.401752 0.318507
0.790313 -0.595330 0.144872
-0.944802 0.256919 0.203329
-0.911430 0.329080 0.246987
-0.969787 0.222279 0.100524
-0.768750 0.502261 0.395927
-0.650349 0.620944 0.437578
-0.612339 0.542895 0.574723
-0.488540 0.680354 0.546303
-0.496560 0.533747 0.684501
-0.435015 0.701200 0.564872
-0.871005 0.386959 0.302676
-0.769921 0.393918 0.502046
-0.886910 0.271975 0.373390
-0.977283 0.146337 0.153307
-0.595268 0.406028 0.693395
-0.707650 0.347756 0.615059
-0.826743 -0.402893 -0.392649
-0.976897 0.210198 0.038579
-0.995997 0.089084 0.007305
-0.859081 -0.392112 -0.328980
-0.584599 -0.803416 -0.112987
-0.974409 -0.215470 -0.064035
-0.301884 -0.942771 0.141596
-0.968947 -0.241480 0.053189
-0.449600 -0.889799 -0.078208
-0.802470 -0.221714 0.553972
0.651995 -0.134004 0.746288
-0.425916 -0.835605 0.346929
0.500288 -0.731998 0.462484
0.704497 -0.708789 0.036084
0.958449 0.024781 0.284184
0.954492 0.161828 0.250514
0.328395 0.841300 0.429384
0.856363 -0.501878 0.121495
-0.969442 0.233143 0.076328
-0.504481 0.718296 0.479112
-0.458445 0.746692 0.481953
-0.477542 0.769247 0.424515
-0.129827 -0.963526 0.234014
0.581446 -0.676605 0.451804
-0.560723 0.307273 0.768878
-0.994415 0.089499 0.055942
-0.985480 0.008425 0.169582
-0.643795 0.698516 0.312417
-0.634614 -0.766731 0.096902
-0.538706 -0.689902 0.483561
-0.754151 -0.061479 0.653816
-0.676562 -0.704283 -0.215057
0.576001 -0.814952 -0.063847
0.545252 -0.812246 0.207261
0.423418 -0.718180 0.552210
0.636960 -0.116631 0.762023
0.928004 -0.084964 0.362752
0.967555 0.011556 0.252396
0.577136 0.691700 0.434126
-0.252229 0.856116 0.451050
0.886918 0.160763 0.433051
0.986661 -0.034384 0.159118
0.726339 -0.684447 0.062953
0.970971 -0.065242 0.230130
0.651083 -0.759004 -0.002205
-0.266059 -0.928912 0.257555
-0.781609 -0.604554 -0.153630
-0.995750 0.019479 -0.090012
-0.944001 0.150437 0.293652
-0.726783 -0.674269 -0.130950
-0.999586 -0.007201 0.027843
-0.556327 -0.736761 0.384297
-0.749417 -0.168714 0.640242
0.447657 -0.773683 0.448350
-0.702285 0.697167 0.144063
-0.205312 0.870703 0.446905
0.329542 -0.833729 0.443055
-0.364372 -0.907480 0.209079
0.736971 -0.672665 0.066297
-0.722666 -0.669188 -0.173035
0.653517 0.278950 0.703635
0.980839 0.058346 0.185879
0.666539 -0.182307 0.722835
0.806768 0.531219 0.258710
0.028399 0.872005 0.488673
-0.969764 -0.072995 0.232873
-0.478441 0.768474 0.424903
-0.118562 0.120123 0.985654
-0.987970 -0.085546 -0.128834
-0.922989 0.378592 0.068980
-0.995158 -0.096393 0.019198
0.556074 0.762036 0.331786
-0.208543 0.862886 0.460367
-0.239697 0.755921 0.609204
-0.271677 0.568747 0.776350
-0.275458 0.470358 0.838384
-0.273127 0.454699 0.847733
0.942258 -0.054559 0.330415
0.536649 -0.143327 0.831544
-0.776971 -0.132515 0.615431
-0.606693 -0.781033 -0.148024
-0.557554 -0.721387 0.410773
0.700446 -0.710261 0.070026
0.422921 -0.707152 0.566633
-0.456427 0.564857 -0.687467
-0.168957 0.541756 -0.823380
0.125492 0.511739 -0.849927
0.611862 0.348099 -0.710247
0.139047 0.522308 -0.841345
0.330095 0.423523 -0.843603
-0.153880 0.570914 -0.806460
-0.451367 0.568590 -0.687731
0.370227 0.467723 -0.802600
0.402926 0.292033 -0.867391
0.098415 0.345034 -0.933416
0.477519 0.059804 -0.876584
0.136117 0.119859 -0.983415
0.568455 -0.239404 -0.787112
0.329196 -0.533718 -0.778958
0.224563 -0.199952 -0.953725
-0.161403 0.182735 -0.969823
-0.177014 0.403233 -0.897814
-0.002992 -0.457828 -0.889036
-0.112219 -0.119516 -0.986470
-0.471706 0.463719 -0.749972
-0.481877 0.256175 -0.837955
-0.338462 -0.320138 -0.884847
-0.448800 -0.025356 -0.893273
0.758607 -0.448173 -0.472924
-0.721084 0.484274 -0.495496
-0.766764 0.310591 -0.561787
-0.899823 0.020820 -0.435759
-0.931512 0.150639 -0.331049
-0.766811 0.080417 -0.636816
-0.685382 -0.145085 -0.713584
-0.976350 0.181002 -0.118235
-0.993813 0.082691 0.074149
-0.991482 -0.119180 0.052537
-0.997890 -0.018655 0.062185
-0.906318 -0.147684 0.395950
-0.919203 -0.045524 0.391145
-0.979853 -0.196017 0.038282
-0.971596 -0.234979 0.028024
-0.981656 0.071532 -0.176735
-0.961580 -0.090995 -0.259007
-0.974143 -0.007819 -0.225795
-0.836056 -0.017522 -0.548364
-0.790758 -0.058236 -0.609353
-0.925111 0.064225 0.374226
-0.542824 -0.136789 -0.828632
-0.158191 -0.265696 -0.950990
-0.436551 -0.012618 -0.899591
-0.482153 -0.013765 -0.875979
-0.048893 0.015277 -0.998687
-0.018192 0.041954 -0.998954
-0.011691 -0.011413 -0.999867
-0.380256 -0.056431 -0.923158
-0.405527 -0.036461 -0.913356
-0.008420 0.014861 -0.999854
-0.750474 -0.120758 -0.649774
-0.765502 -0.101121 -0.635438
0.367758 0.011623 -0.929849
0.439674 0.096100 -0.893002
0.708353 -0.046248 -0.704342
0.842969 0.085448 -0.531132
0.188659 -0.420637 -0.887396
0.500325 -0.541512 -0.675603
-0.690039 0.533864 -0.488709
-0.817900 0.487203 -0.306062
-0.869624 0.454280 -0.193348
0.024212 -0.157248 -0.987262
-0.117142 -0.220849 -0.968248
-0.172119 0.706185 -0.686788
-0.128780 0.682013 -0.719913
-0.234767 0.958236 -0.163307
-0.148233 0.972917 -0.177367
-0.262969 0.956770 -0.124253
-0.085175 0.984367 -0.154165
-0.093051 0.675962 -0.731039
-0.154505 0.664774 -0.730893
-0.268376 -0.124724 -0.955206
-0.265258 -0.038529 -0.963407
-0.173895 0.774698 -0.607950
-0.111825 0.862935 -0.492787
0.054886 -0.444371 -0.894160
0.088872 -0.524305 -0.846880
-0.231381 -0.616982 -0.752194
0.048647 -0.618974 -0.783904
0.026506 0.080465 -0.996405
0.058645 -0.024579 -0.997976
-0.425492 -0.266812 -0.864736
-0.593031 -0.406526 -0.695018
-0.765053 -0.453087 -0.457609
-0.947339 -0.176230 -0.267378
-0.740472 -0.102758 -0.664185
-0.362036 -0.035568 -0.931485
-0.043004 0.007351 -0.999048
0.379244 0.047251 -0.924089
0.846011 0.041843 -0.531520
0.998464 -0.003758 -0.055274
0.300710 0.116565 -0.946565
-0.095522 0.073141 -0.992737
0.817145 0.115876 -0.564666
-0.378535 0.022000 -0.925326
-0.942499 -0.186010 -0.277660
-0.971503 -0.233856 0.038642
-0.974148 -0.205390 0.094076
-0.954092 -0.127680 -0.270936
-0.733679 -0.054327 -0.677321
0.872671 -0.053228 0.485398
0.891490 -0.197745 0.407606
0.717166 -0.229893 0.657892
-0.211229 -0.200237 0.956707
-0.195989 -0.253922 0.947160
-0.817782 -0.059099 0.572485
-0.848732 -0.221640 0.480136
-0.948379 0.021947 0.316378
-0.970769 -0.125045 0.204871
0.777380 -0.154965 0.609645
0.783794 -0.218459 0.581329
0.909219 -0.185516 0.372700
0.933838 -0.087685 0.346783
0.033781 -0.055834 0.997869
0.008203 -0.075421 0.997118
0.598853 -0.014148 0.800734
0.590418 -0.022227 0.806792
-0.626236 -0.144253 0.766172
-0.619801 -0.096732 0.778774
0.587029 0.003289 0.809559
-0.037535 -0.058446 0.997585
0.886593 -0.011688 0.462404
0.844542 -0.001527 0.535488
0.857444 -0.030685 0.513662
-0.634582 0.024133 0.772479
0.027667 -0.049214 0.998405
-0.693593 -0.011061 0.720282
-0.927377 0.072874 0.366962
-0.923890 0.097308 0.370079
-0.940172 -0.123187 0.317650
-0.933837 -0.187609 0.304551
-0.762350 0.148693 -0.629852
-0.986028 0.115096 -0.120424
-0.971388 0.203857 -0.121848
-0.766574 0.283167 -0.576351
-0.350872 0.147327 -0.924761
-0.395607 0.295449 -0.869600
0.991172 -0.117894 0.060660
0.985137 0.010532 0.171450
0.930249 0.032916 -0.365449
0.958984 0.090840 -0.268510
0.550761 0.203915 -0.809371
0.590849 0.142820 -0.794040
0.560686 -0.097004 -0.822327
0.950444 -0.051936 -0.306529
0.938065 -0.123073 -0.323862
0.553810 -0.169577 -0.815192
0.041644 -0.119097 -0.992009
0.044352 -0.181669 -0.982359
0.052475 0.144040 -0.988180
0.031244 0.272989 -0.961510
-0.305420 -0.132945 -0.942891
-0.308215 -0.193102 -0.931512
-0.699747 -0.151148 -0.698218
-0.691504 -0.217491 -0.688854
0.567979 -0.180027 -0.803113
0.066636 -0.186640 -0.980166
0.930134 -0.132166 -0.342613
0.980644 -0.014488 0.195261
0.984264 -0.070224 0.162152
0.993838 -0.110821 -0.002042
0.849422 0.031719 -0.526760
0.800321 0.122163 -0.586995
0.999579 0.012688 -0.026086
0.997449 0.046387 -0.054251
0.602027 0.086026 0.793828
0.927523 0.173358 0.331131
0.935018 0.070806 0.347458
0.608539 0.228876 0.759800
0.863811 0.316939 0.391637
0.859092 0.096500 -0.502641
0.991521 0.110739 -0.067990
0.985981 0.139238 -0.091945
0.867728 0.255685 -0.426232
0.903343 0.284222 -0.321231
0.916821 0.106272 -0.384898
0.517500 0.094666 -0.850430
0.476149 0.411044 -0.777384
-0.192961 0.052302 -0.979811
-0.344559 0.357294 -0.868113
-0.695920 0.002302 -0.718116
-0.575231 -0.129503 -0.807674
-0.037194 -0.080887 -0.996029
-0.802161 0.221352 -0.554564
0.546880 -0.029446 -0.836693
0.872193 0.008227 -0.489093
0.578899 -0.073079 -0.812118
0.893706 -0.026326 -0.447880
0.996155 0.044599 -0.075411
0.998721 0.018808 -0.046940
0.931791 0.051069 0.359384
0.916067 0.033962 0.399585
0.999666 -0.016126 0.020216
0.580840 0.057714 0.811969
0.755602 0.457922 0.468372
0.593620 0.559718 0.578214
0.303063 0.518926 0.799293
0.098483 0.555150 0.825900
0.506211 0.426400 0.749622
-0.259248 0.398458 0.879785
-0.199237 0.201274 0.959059
-0.153456 0.043734 0.987187
-0.702655 -0.038462 0.710490
-0.745377 0.079792 0.661851
-0.683596 -0.072396 0.726262
-0.925785 -0.128986 0.355365
-0.928763 -0.163559 0.332638
-0.972631 -0.194895 -0.126514
-0.785373 -0.196506 -0.587004
-0.983648 -0.165683 -0.070617
-0.840904 -0.179080 -0.510696
-0.464990 -0.161215 -0.870514
-0.382070 -0.171444 -0.908091
0.096544 -0.151848 -0.983678
-0.664572 -0.106098 0.739654
-0.092602 -0.020621 0.995490
0.579916 0.043184 0.813531
-0.921547 -0.096273 0.376143
-0.923926 0.007202 0.382503
-0.764208 0.246563 0.595981
-0.935231 0.131740 0.328614
-0.991423 0.038375 0.124931
-0.996599 -0.029575 0.076912
-0.132495 0.005763 0.991167
-0.835306 -0.324326 0.443934
0.060468 0.159365 0.985366
0.460918 0.492270 0.738393
0.946781 0.205226 0.247967
0.742924 -0.067766 0.665937
0.621714 -0.646186 0.442622
-0.495825 -0.422371 0.758789
-0.144071 -0.885538 0.441663
-0.227145 -0.854182 -0.467737
0.343772 -0.889726 -0.300348
-0.313855 -0.831248 -0.458827
0.356243 -0.875341 -0.326910
-0.854763 -0.395384 -0.336232
-0.854615 -0.421004 -0.303955
-0.992526 0.013515 -0.121281
-0.999010 0.030965 -0.031937
-0.994776 0.069329 0.074930
-0.992348 0.085055 -0.089507
-0.978894 0.078555 -0.188668
-0.942387 -0.026965 -0.333436
-0.884589 0.135546 -0.446240
-0.780845 -0.235915 -0.578468
-0.410466 0.479623 -0.775551
-0.434026 0.308369 -0.846481
-0.865085 0.275163 -0.419421
-0.398396 -0.059443 -0.915285
-0.349388 -0.740012 -0.574726
-0.211738 -0.636969 -0.741241
0.380722 0.312521 -0.870277
0.301173 -0.083617 -0.949896
0.794582 -0.297409 -0.529328
0.412229 0.529170 -0.741651
0.337185 -0.779657 -0.527675
0.096872 -0.647145 -0.756187
-0.948177 -0.157412 -0.276013
0.846968 0.038383 -0.530256
0.853222 0.000638 -0.521547
0.420475 0.018625 -0.907113
0.439499 0.055116 -0.896551
0.992257 -0.067478 0.104277
0.585722 -0.132638 -0.799585
0.916294 -0.080646 -0.392304
-0.887645 -0.144541 -0.437258
0.073112 -0.118558 -0.990252
-0.354629 -0.143807 0.923882
-0.955401 -0.213455 -0.204072
-0.971150 -0.145966 -0.188577
-0.642373 -0.141518 0.753213
-0.928587 -0.197549 0.314167
-0.726204 -0.222034 -0.650637
-0.957836 -0.225052 -0.178612
-0.333369 -0.195497 -0.922305
-0.299285 0.055932 0.952523
-0.217683 0.004013 0.976011
0.045207 -0.168936 0.984590
0.657150 -0.080433 0.749456
-0.762389 0.275498 -0.585546
-0.967679 0.162269 -0.193045
-0.963232 -0.007259 -0.268573
-0.745706 0.090385 -0.660116
-0.447541 0.330535 -0.830936
-0.437943 0.168715 -0.883029
0.394292 0.219040 -0.892499
0.270109 0.183346 -0.945212
-0.039349 0.320431 -0.946454
-0.108375 0.199430 -0.973901
0.850202 0.010898 0.526344
0.976800 0.030278 0.212001
0.960849 0.035742 -0.274757
0.579350 0.024413 -0.814714
0.049043 0.000832 -0.998796
-0.321509 -0.013716 -0.946807
-0.735061 -0.019742 -0.677714
-0.988052 -0.023910 -0.152257
-0.938646 -0.021625 0.344205
-0.621453 -0.023127 0.783111
0.036310 -0.033003 0.998796
0.622657 -0.020044 0.782238
-0.991161 -0.132033 -0.012950
0.065017 -0.997100 0.039559
0.070389 -0.997101 0.028898
-0.932163 -0.295615 0.209007
0.987543 0.119287 0.102616
0.961293 -0.049771 0.270997
0.998206 -0.049208 -0.034104
0.946846 -0.082797 0.310850
0.924023 -0.098028 0.369556
0.998916 -0.037514 -0.027557
0.995164 -0.017124 0.096728
0.999989 -0.003863 -0.002812
0.894485 -0.071990 0.441264
0.819940 -0.086338 0.565901
0.521605 -0.190965 0.831541
-0.028641 -0.326945 0.944610
0.211486 -0.302545 0.929376
0.027553 -0.247328 0.968540
0.008229 -0.448924 0.893532
0.566096 -0.578364 0.587393
0.684680 -0.632965 -0.361344
0.714570 0.206020 -0.668540
0.350784 0.405674 0.844025
0.265672 0.518161 0.812975
0.481101 0.472281 0.738575
0.513642 0.316956 0.797315
0.484776 0.009025 0.874592
0.583426 0.176858 0.792676
0.598929 0.292498 0.745472
-0.079779 -0.403697 -0.911408
-0.051114 -0.311441 -0.948890
0.139939 -0.364918 -0.920463
0.125333 -0.403641 -0.906292
-0.110445 0.050874 -0.992579
-0.773411 0.039496 -0.632673
-0.275642 0.057401 -0.959545
-0.525961 0.052251 -0.848902
-0.084774 -0.445130 -0.891444
-0.802137 -0.425722 -0.418732
-0.608909 -0.472024 -0.637514
-0.310833 -0.477451 -0.821841
0.150123 -0.249513 -0.956664
-0.348372 -0.461802 -0.815706
-0.364364 -0.397928 -0.841957
-0.081366 -0.951750 -0.295891
-0.037802 -0.969974 0.240253
0.021542 -0.823155 0.567409
-0.096823 -0.503309 -0.858665
-0.088307 0.169872 -0.981502
-0.093439 0.719643 -0.688028
-0.088357 0.976472 -0.196710
-0.043394 0.949517 0.310701
0.043668 0.463381 0.885083
0.073441 -0.374067 0.924489
-0.100018 -0.881524 -0.461424
-0.099781 -0.841772 -0.530531
-0.114171 -0.990752 0.073321
-0.087759 -0.982509 0.164239
-0.098718 -0.738618 0.666857
-0.063809 -0.754151 0.653594
-0.129215 -0.390164 -0.911633
-0.113388 -0.372153 -0.921220
-0.142344 0.249586 -0.957833
-0.128874 0.275839 -0.952525
-0.122346 0.763974 -0.633542
-0.116378 0.785043 -0.608410
-0.094070 0.984024 -0.151155
-0.097216 0.985457 -0.139368
-0.067542 0.899381 0.431916
-0.079997 0.879930 0.468320
-0.031759 0.322511 0.946033
-0.048680 0.283294 0.957797
-0.028673 -0.344642 0.938296
-0.052497 -0.307796 0.950003
-0.101947 -0.921843 -0.373916
-0.074025 -0.969501 0.233642
-0.034025 -0.778473 0.626755
0.007199 -0.367532 0.929983
-0.007994 0.377050 0.926158
-0.064793 0.919336 0.388103
-0.100159 0.980880 -0.166860
-0.122122 0.738426 -0.663184
-0.130014 0.212122 -0.968556
-0.124368 -0.431738 -0.893384
-0.070195 -0.814856 -0.575398
-0.090046 -0.995935 -0.002346
-0.078969 -0.729968 0.678904
-0.070970 -0.360548 -0.930037
-0.070979 0.299581 -0.951427
-0.066171 0.796587 -0.600892
-0.065819 0.989432 -0.129202
-0.051372 0.855655 0.514991
-0.018869 0.239224 0.970781
-0.026826 -0.264137 0.964112
-0.013370 -0.919486 -0.392895
-0.016280 -0.943661 -0.330514
-0.008210 -0.999910 -0.010591
-0.003880 -0.999651 -0.026135
-0.012377 -0.930378 0.366394
-0.010061 -0.934196 0.356618
-0.034556 -0.652888 0.756666
-0.049796 -0.617295 0.785155
-0.030464 -0.725926 -0.687097
-0.031305 -0.681103 -0.731518
-0.052756 -0.301399 -0.952038
-0.050283 -0.228207 -0.972313
-0.083098 0.279021 -0.956683
-0.076564 0.211994 -0.974267
-0.106141 0.928385 -0.356139
-0.093734 0.927474 -0.361946
-0.108481 0.994054 -0.009393
-0.092459 0.995454 -0.022884
-0.116145 0.936410 0.331130
-0.089102 0.941191 0.325915
-0.084716 0.297663 0.950905
-0.124878 0.288975 0.949157
-0.100197 -0.149036 0.983742
-0.066692 -0.191630 0.979199
-0.042520 -0.808075 -0.587543
-0.004795 -0.833264 -0.552855
0.008553 -0.996629 -0.081589
-0.058450 -0.996243 -0.063900
-0.022548 -0.763360 0.645579
-0.065304 -0.734547 0.675408
-0.035670 -0.156539 0.987028
-0.002730 -0.203931 0.978981
0.026602 0.259128 0.965477
0.046124 0.214952 0.975535
0.060528 0.809516 0.583969
0.037009 0.825043 0.563856
0.043688 0.996407 -0.072560
0.007925 0.993064 -0.117305
0.027738 0.849674 -0.526579
0.009539 0.802531 -0.596534
-0.016945 0.413154 -0.910504
-0.007642 0.350356 -0.936585
-0.067052 -0.344554 -0.936369
-0.040043 -0.357676 -0.932987
0.045100 -0.892130 -0.449521
0.049069 -0.998006 -0.039713
-0.152587 -0.128950 0.979841
-0.172416 0.313066 0.933950
-0.063380 0.873233 0.483164
-0.030125 0.999531 -0.005422
-0.029432 0.920320 -0.390056
0.011383 0.351160 -0.936246
0.019231 0.402496 -0.915220
0.057303 -0.149050 -0.987168
0.027428 -0.144888 -0.989068
0.016790 -0.958773 -0.283678
0.019582 -0.999481 0.025574
0.008677 -0.933466 0.358562
-0.021869 -0.675595 0.736948
0.002783 -0.773458 -0.633841
-0.018680 -0.370515 -0.928639
-0.037370 0.154517 -0.987283
-0.066555 0.914359 -0.399397
-0.080177 0.996339 -0.029674
-0.076333 0.937133 0.340522
-0.057122 0.299167 0.952489
-0.048786 -0.208161 0.976877
0.052474 -0.667359 -0.742885
0.073663 -0.664225 -0.743895
-0.825356 -0.561665 -0.057628
-0.224520 -0.974134 0.025570
-0.001266 -0.837371 0.546633
0.036375 -0.948160 0.315705
-0.900529 -0.389498 0.193233
-0.313425 -0.886090 0.341482
-0.905897 -0.243030 0.346825
-0.465559 -0.655781 0.594311
-0.942204 -0.151112 0.299026
-0.939389 -0.224071 0.259502
-0.944010 -0.322764 0.068327
-0.907837 -0.389187 -0.156098
-0.846326 -0.416955 -0.331482
-0.741351 -0.433936 -0.511956
-0.523738 -0.368097 -0.768247
-0.219295 -0.237531 -0.946303
-0.840926 -0.466955 -0.273490
-0.686463 -0.480644 -0.545665
-0.911628 -0.410546 -0.019656
-0.922434 -0.333933 0.193919
-0.930700 -0.353792 0.092895
-0.900331 -0.423892 -0.098593
-0.812123 -0.479230 -0.332859
-0.642347 -0.498540 -0.582107
0.016717 -0.192901 -0.981076
0.171386 -0.150317 -0.973669
0.432174 0.493245 0.754940
0.309802 0.637577 0.705350
0.099898 0.605849 0.789283
0.213622 0.634052 0.743199
0.168849 0.288622 0.942437
-0.622564 0.208457 0.754294
-0.460540 0.637517 0.617636
-0.834094 0.110271 0.540488
-0.937219 0.013619 0.348475
-0.914843 0.230827 0.331332
-0.736825 0.477351 0.478775
0.155086 0.746835 0.646672
-0.327408 0.774288 0.541555
-0.828844 0.353946 0.433290
-0.612854 0.618418 0.491904
-0.673218 0.360369 0.645687
-0.473064 0.605030 0.640429
-0.272159 0.724287 0.633512
0.046098 0.693017 0.719446
-0.328214 0.557978 0.762192
-0.245785 0.625365 0.740614
-0.061539 0.597184 0.799740
-0.005498 0.558562 0.829444
-0.197779 0.827032 0.526215
-0.192889 0.681493 0.705946
-0.003833 0.625421 0.780278
0.167796 0.539250 0.825260
-0.125911 -0.804441 -0.580536
-0.849787 -0.377090 -0.368329
-0.987462 0.155589 0.026648
-0.945871 0.246351 0.211280
0.030870 -0.991736 -0.124524
0.103504 -0.927452 -0.359331
0.140093 -0.818539 -0.557107
0.187790 -0.795540 -0.576066
0.130259 -0.859752 0.493820
-0.927035 -0.110964 0.358179
0.202502 -0.851565 -0.483560
0.090691 -0.909210 -0.406341
-0.010945 -0.914199 -0.405118
-0.061759 -0.870721 -0.487884
0.214201 -0.858546 -0.465850
0.148988 -0.925014 -0.349503
0.059088 -0.930402 -0.361747
-0.006408 -0.882202 -0.470828
-0.690235 -0.128408 0.712101
-0.665356 -0.267732 0.696865
-0.612188 -0.353410 0.707338
-0.605918 -0.333732 0.722140
-0.606292 -0.295163 0.738437
-0.602621 -0.236339 0.762228
-0.613690 -0.159672 0.773233
-0.647906 -0.066882 0.758779
-0.686589 0.032515 0.726318
-0.726052 0.122061 0.676720
-0.767126 0.181769 0.615205
-0.802602 0.228426 0.551046
-0.829394 0.267504 0.490456
-0.832509 0.337830 0.439089
-0.822494 0.398179 0.406149
-0.879860 0.262963 0.395851
-0.924864 -0.024893 0.379482
-0.873605 -0.153605 0.461757
-0.837554 -0.145454 0.526637
0.500727 -0.218012 0.837702
0.438057 -0.202734 0.875788
0.425642 -0.255573 0.868050
0.441269 -0.238903 0.864990
0.428151 -0.195160 0.882383
0.363138 -0.157843 0.918268
0.271886 -0.117785 0.955094
0.173068 -0.068542 0.982522
0.073543 -0.024696 0.996986
-0.036951 -0.006291 0.999297
-0.148662 -0.005308 0.988874
-0.228047 0.010921 0.973589
-0.288089 0.051708 0.956207
-0.349272 0.125835 0.928534
-0.440116 0.186758 0.878305
-0.551587 0.095929 0.828583
-0.576500 -0.083263 0.812844
-0.520194 -0.168850 0.837191
-0.515960 -0.085843 0.852301
-0.389369 -0.534414 0.750196
-0.268478 -0.682131 0.680159
-0.310164 -0.303297 0.901004
-0.244946 0.272278 0.930519
-0.105926 0.693514 0.712614
-0.044402 0.805100 0.591475
-0.082687 0.743357 0.663764
-0.146810 0.633469 0.759713
-0.234442 0.769272 0.594355
-0.420257 0.717638 0.555320
-0.749688 0.340062 0.567738
-0.911209 0.145878 0.385251
-0.980038 -0.004803 0.198751
-0.982192 -0.182150 -0.046039
-0.891103 -0.371552 -0.260548
-0.831826 -0.449865 -0.325094
-0.835687 -0.456486 -0.305365
-0.845365 -0.453628 -0.282100
-0.070132 -0.338126 0.938484
-0.623683 -0.163210 0.764449
0.564490 -0.344973 0.749896
-0.898438 -0.438764 -0.017161
-0.353365 -0.921526 -0.161004
0.923068 -0.372538 -0.095710
0.921685 0.386243 0.036237
0.296992 0.925287 0.235881
-0.973296 0.123270 0.193646
-0.989689 0.059120 -0.130461
-0.678083 0.716465 0.163957
0.754420 0.605306 0.253881
0.989757 -0.063791 0.127717
0.638924 -0.769163 -0.012802
-0.721476 -0.659188 -0.211999
0.069218 0.946369 0.315586
-0.030460 0.866540 0.498178
-0.066614 -0.166573 0.983776
-0.046058 -0.804130 0.592667
-0.032959 -0.992827 0.114929
-0.060987 -0.986554 -0.151631
-0.040140 -0.994428 -0.097478
0.128599 0.906753 0.401574
-0.034790 0.952780 0.301661
-0.051204 -0.246788 0.967716
-0.067514 -0.861184 0.503790
-0.044526 -0.992281 -0.115743
-0.043384 -0.997817 -0.049786
-0.181670 0.923944 0.336635
-0.176509 -0.133661 0.975182
-0.084048 -0.823141 0.561583
0.081898 -0.989914 -0.115603
0.004130 -0.997305 -0.073253
-0.083366 -0.979097 0.185522
-0.028007 -0.973239 0.228083
0.081946 -0.987742 0.132854
-0.411288 0.845822 0.339746
-0.118951 -0.292575 0.948815
-0.009157 -0.870379 0.492298
0.121314 -0.989971 -0.072389
0.133324 -0.990562 -0.031807
-0.055626 -0.988845 0.138168
-0.379775 0.859542 0.341992
0.156771 -0.304434 0.939544
0.200774 -0.836026 0.510638
0.193717 -0.970729 0.141980
0.196643 -0.968078 -0.155426
0.042490 -0.997208 0.061416
0.998406 -0.002039 0.056410
0.690408 0.662133 0.291404
0.009011 0.930813 0.365386
-0.684829 0.704186 0.187431
-0.979172 0.119492 -0.164146
0.984576 -0.103694 0.140915
0.621886 0.664795 0.413891
0.004903 0.888264 0.459307
-0.638443 0.717783 0.277809
-0.990926 0.003396 -0.134366
-0.738753 -0.607501 -0.291867
-0.031785 -0.961770 -0.272007
0.685006 -0.719909 -0.111795
-0.987256 0.016577 -0.158277
-0.598342 -0.720765 -0.349977
0.108352 -0.953799 -0.280229
0.747010 -0.656259 -0.106305
0.968524 0.081365 0.235247
0.469503 0.735091 0.489090
-0.167978 0.850044 0.499208
-0.707884 0.664859 0.238459
-0.966873 -0.215345 -0.137050
-0.837715 0.523769 0.154592
-0.207188 0.877787 0.431930
0.481578 0.767639 0.422863
0.978885 0.133304 0.154965
0.812698 -0.556879 -0.171485
0.229725 -0.937677 -0.260746
-0.403871 -0.869805 -0.283421
-0.921534 -0.385933 0.042795
-0.879839 0.365641 0.303630
-0.238216 0.843111 0.482096
0.460566 0.817332 0.346191
0.952456 0.299371 0.056619
0.874443 -0.475022 -0.098513
0.218480 -0.970280 -0.104037
-0.339321 -0.932762 -0.121720
0.001140 0.942278 0.334829
-0.020824 0.727593 0.685693
-0.550173 0.660542 0.510876
-0.613638 0.742936 0.267385
0.554354 0.733974 0.392395
0.481993 0.660200 0.576037
-0.013915 0.943892 0.329961
-0.050159 0.588760 0.806750
-0.590769 0.554558 0.586052
-0.668886 0.701233 0.246707
0.535900 0.522670 0.663044
0.647757 0.672118 0.358705
-0.137048 0.920558 0.365774
-0.161180 0.669056 0.725524
-0.577633 0.613786 0.538152
-0.652630 0.707414 0.271367
0.437700 0.780499 0.446363
0.327853 0.639118 0.695730
-0.108769 0.935758 0.335449
-0.128496 0.613003 0.779561
-0.667152 0.529848 0.523612
-0.763013 0.607566 0.220622
0.512528 0.757347 0.404648
0.418340 0.599724 0.682146
-0.146468 0.911924 0.383331
-0.017330 0.545239 0.838102
-0.597439 0.277191 0.752484
-0.803495 0.437634 0.403576
0.455823 0.816360 0.354658
0.527188 0.594148 0.607504
-0.493314 -0.065578 0.867376
-0.242116 -0.097151 0.965371
0.068261 -0.140070 0.987786
-0.241821 -0.003585 0.970314
-0.247622 -0.037591 0.968127
-0.387190 -0.108882 0.915548
-0.208375 -0.038493 0.977291
-0.467188 0.000328 0.884158
-0.413061 0.028548 0.910256
-0.012696 0.019669 0.999726
-0.076019 -0.067928 0.994790
-0.230095 -0.060773 0.971269
-0.131432 -0.144683 0.980710
-0.080500 -0.179955 0.980376
-0.094069 -0.153326 0.983688
-0.338901 -0.006873 0.940797
-0.190652 -0.122173 0.974025
-0.250664 -0.050796 0.966740
-0.166938 -0.091597 0.981703
0.044510 -0.049744 0.997770
0.001007 0.012689 0.999919
0.448937 -0.222702 0.865366
0.454582 -0.006917 0.890678
0.332458 0.176807 0.926397
0.079296 -0.286654 -0.954747
-0.287766 -0.339413 -0.895539
-0.795592 -0.272150 -0.541265
-0.929259 -0.231985 -0.287508
-0.760252 -0.164706 0.628402
-0.456957 -0.165937 0.873874
-0.468495 -0.092761 0.878583
0.013705 -0.076061 0.997009
-0.246633 -0.072103 0.966423
-0.539684 -0.187805 0.820653
-0.902250 -0.157039 0.401602
-0.958802 -0.173644 0.224824
-0.977165 -0.194553 0.085423
-0.974780 -0.210753 -0.073401
-0.568402 -0.322093 -0.757083
-0.110068 -0.322988 -0.939981
-0.925561 -0.332022 0.181929
0.032893 0.693024 -0.720164
-0.036188 0.705910 -0.707376
-0.106730 0.697042 -0.709042
-0.090924 0.671109 -0.735762
-0.050913 0.632782 -0.772654
-0.027527 0.551416 -0.833777
-0.037584 0.418270 -0.907545
-0.071691 0.285987 -0.955548
-0.107951 0.221744 -0.969111
-0.126361 0.233695 -0.964064
-0.172110 0.269355 -0.947537
-0.131000 0.279809 -0.951076
0.016972 0.266678 -0.963636
0.139750 0.243357 -0.959816
-0.006365 0.574206 0.818686
-0.125573 0.587897 0.799130
-0.196245 0.638663 0.744042
-0.224794 0.690870 0.687144
-0.200774 0.705619 0.679552
-0.185425 0.663447 0.724883
-0.247590 0.597858 0.762408
-0.280554 0.576322 0.767556
-0.232454 0.605020 0.761522
-0.130006 0.663711 0.736604
-0.063729 0.707114 0.704221
-0.088164 0.713098 0.695498
-0.124920 0.703381 0.699750
-0.081489 -0.547193 0.833031
-0.151551 0.682910 0.714609
0.708222 0.576700 0.407233
0.003721 0.904711 0.426010
-0.726125 0.665553 0.172570
0.594089 0.694262 0.406274
-0.161681 0.876343 0.453743
-0.807127 0.565952 0.168059
-0.982554 0.001308 -0.185970
0.990092 0.066050 0.123918
-0.966613 -0.176182 -0.186063
-0.916337 0.389072 0.094604
-0.306443 0.859218 0.409679
0.511788 0.778849 0.362584
0.976159 0.216823 0.010087
-0.097976 -0.159418 0.982337
-0.094157 0.348531 0.932556
-0.781985 0.550729 -0.291885
-0.641559 0.741976 -0.194611
-0.433662 -0.566228 -0.700945
-0.665067 -0.487693 -0.565545
-0.860179 -0.275517 0.429165
-0.858923 -0.319860 0.399926
-0.973165 0.200327 -0.113220
-0.980297 -0.176174 0.089338
-0.244505 -0.004121 0.969639
-0.380748 -0.438881 0.813888
-0.428854 -0.689218 0.584006
-0.289553 -0.912012 0.290505
-0.058069 0.635458 0.769949
-0.259546 0.729638 0.632665
-0.325280 0.906651 0.268659
-0.066862 0.991447 -0.112085
0.248473 0.894346 -0.372030
0.402015 0.770050 -0.495386
0.680056 0.538795 -0.497216
0.838679 -0.501951 -0.211334
0.294757 -0.941228 -0.164950
0.263220 -0.900514 -0.346107
0.373382 -0.795258 -0.477651
0.436676 -0.663210 -0.607837
0.368007 -0.707468 -0.603374
0.139972 -0.837462 -0.528266
-0.238439 -0.498616 0.833384
-0.394178 -0.477740 0.785104
-0.531672 -0.416661 0.737373
-0.616450 -0.334006 0.713043
-0.647208 -0.255175 0.718337
-0.561646 -0.261008 0.785130
-0.343257 -0.474916 0.810327
-0.398217 -0.666793 0.629929
-0.514175 -0.627959 0.584201
-0.537736 -0.581328 0.610654
-0.486468 -0.547318 0.681023
-0.424732 -0.529981 0.733977
-0.351293 -0.537224 0.766801
-0.268984 -0.565109 0.779935
-0.341378 0.037985 0.939158
-0.452952 0.142369 0.880094
-0.575077 0.348627 0.740099
-0.607779 0.608198 0.510589
-0.498371 0.811589 0.304876
-0.398051 0.860217 -0.318721
-0.463961 0.619375 -0.633336
-0.475157 0.257986 -0.841231
-0.448560 -0.094335 -0.888760
-0.150888 0.330164 -0.931786
-0.401591 0.179357 -0.898084
-0.587370 0.608736 -0.533327
-0.178468 0.790486 -0.585902
-0.087731 0.458276 -0.884470
-0.102224 0.785501 -0.610360
-0.144599 0.972676 -0.181640
-0.199400 0.947476 0.250058
-0.627247 0.763444 -0.153994
-0.285884 0.878952 0.381724
-0.538597 0.717564 0.441605
-0.222083 0.955184 -0.195712
-0.404698 -0.914406 -0.009058
-0.673013 -0.717804 0.178354
0.009642 -0.986190 -0.165335
-0.031438 -0.884986 0.464556
-0.673984 -0.683860 0.279429
-0.004111 -0.952206 0.305428
-0.397255 -0.047437 -0.916482
-0.923877 -0.167020 -0.344320
-0.974203 0.013941 0.225243
-0.556086 0.504707 0.660332
-0.072479 -0.583940 0.808555
-0.438220 -0.665560 0.604147
-0.073834 0.571683 -0.817146
-0.138928 0.492861 -0.858946
-0.083394 0.669504 -0.738112
-0.117076 0.921211 -0.371031
-0.068286 0.907184 -0.415156
-0.125012 0.981790 0.143042
-0.089271 0.980466 0.175262
-0.097732 0.985253 0.140447
-0.124178 0.814299 0.567008
-0.163078 0.722403 0.671967
-0.079374 0.932385 -0.352643
-0.427506 0.391773 -0.814710
-0.614018 0.722357 -0.318092
-0.488736 0.504339 0.711884
-0.647036 0.751108 0.131076
-0.116820 0.772768 0.623845
-0.438349 0.147079 -0.886690
-0.941109 -0.034127 -0.336376
-0.956951 0.085218 0.277458
-0.438845 0.377107 0.815601
-0.693667 -0.718845 -0.045701
-0.420034 -0.858176 -0.295137
-0.702963 -0.704700 0.096132
-0.425752 -0.801946 0.419069
-0.158427 0.558774 -0.814047
-0.080533 -0.862781 -0.499122
-0.046222 -0.983730 0.173605
-0.021578 -0.999620 -0.017163
0.031643 -0.794714 0.606158
-0.206581 0.694736 0.688960
-0.185619 0.974838 0.123434
-0.165046 0.932628 -0.320882
-0.032931 0.583357 0.811548
0.198238 0.272474 0.941520
0.374173 -0.180797 0.909564
-0.669324 0.511582 0.538786
-0.506663 -0.021015 0.861888
-0.294851 -0.460951 0.837011
0.015054 -0.903950 0.427374
0.427533 -0.569068 0.702408
0.420734 -0.527662 0.737940
0.350639 -0.151320 0.924205
0.151425 0.265827 0.952054
-0.094515 0.564397 0.820075
-0.143412 0.604071 0.783921
0.157064 0.248563 0.955797
0.337613 -0.155808 0.928300
0.382646 -0.644675 0.661797
-0.344952 0.659531 0.667853
0.041598 0.231350 0.971981
0.254038 -0.197738 0.946765
0.339656 -0.757070 0.558103
0.132595 -0.791767 0.596258
-0.178927 -0.376777 0.908859
-0.319104 0.006411 0.947698
-0.430481 0.575731 0.695140
0.084884 0.374104 -0.923494
0.227581 0.000506 -0.973759
-0.899711 -0.293299 -0.323257
-0.860025 0.122205 -0.495402
0.106723 0.285911 -0.952295
0.320612 -0.001927 -0.947209
-0.468608 -0.694511 -0.545950
-0.814163 -0.477890 -0.329787
-0.704660 0.582812 0.404703
-0.297934 0.810852 0.503741
-0.558349 0.793016 -0.243664
-0.832494 0.532758 -0.152064
-0.941053 -0.092432 0.325384
-0.753927 -0.591911 0.285019
-0.160579 -0.967127 0.197181
0.115894 0.296637 0.947932
0.383863 -0.344097 0.856882
0.405907 -0.879148 0.249676
0.423318 -0.886245 0.188072
0.337836 -0.434381 0.834973
0.213106 -0.852561 -0.477206
0.121855 -0.871121 -0.475710
-0.350976 -0.854923 -0.381999
-0.761885 -0.461255 -0.454725
-0.917426 -0.035532 -0.396318
-0.290578 -0.377376 -0.879291
-0.543144 0.249237 -0.801795
-0.500307 0.827218 -0.255739
-0.454625 0.372814 -0.808904
-0.489673 0.853209 -0.179598
-0.527895 0.429526 -0.732690
-0.272111 0.728317 0.628896
-0.320814 0.766223 0.556760
-0.187417 -0.347456 -0.918776
-0.034447 0.143272 0.989084
-0.063847 0.103894 0.992537
-0.052124 0.630412 0.774509
-0.084627 0.674844 0.733092
-0.033200 0.701691 0.711708
0.000142 0.905760 0.423791
-0.083938 0.893772 0.440597
-0.111486 0.841089 0.529284
-0.009905 0.985727 0.168062
-0.044494 0.981042 0.188619
-0.153838 0.978157 0.139794
-0.185170 0.947979 0.258936
-0.299082 0.954227 0.000029
-0.419418 0.745729 -0.517666
-0.198896 0.978645 -0.051912
-0.299681 0.934834 0.190464
-0.379966 0.685934 0.620581
-0.101372 0.778897 0.618905
-0.048531 0.234694 0.970857
-0.068541 0.869018 0.490010
-0.392657 -0.544889 -0.740889
-0.038024 -0.437144 -0.898587
-0.136156 -0.959630 -0.246114
-0.089569 -0.851380 0.516846
-0.474867 -0.317662 0.820727
-0.223595 0.951544 0.211114
-0.227168 0.971791 0.063384
-0.148610 0.987097 0.059618
0.003218 0.997447 0.071343
-0.130374 0.991240 -0.021123
-0.141769 0.963636 -0.226510
-0.212878 0.923581 -0.318875
0.001560 0.999684 -0.025083
-0.059933 0.981107 -0.183948
-0.013932 0.996342 -0.084315
-0.035840 0.998869 -0.031242
-0.130788 0.238794 0.962223
-0.270430 0.493997 0.826338
-0.080105 -0.527884 0.845530
-0.219322 -0.458073 0.861433
-0.761959 0.067198 0.644129
-0.419254 0.600048 0.681299
-0.453577 -0.254954 0.853971
-0.735335 -0.666029 0.125252
-0.428020 -0.824674 0.369747
-0.229664 -0.884940 0.405136
-0.050344 -0.324740 0.944463
-0.023969 -0.392911 0.919264
-0.050552 -0.363748 0.930125
-0.042923 -0.869993 0.491192
-0.054776 -0.940167 -0.336282
-0.026474 0.293416 0.955618
-0.492915 0.855973 -0.156030
-0.608380 0.792877 -0.034923
-0.683343 0.282830 -0.673090
-0.341594 -0.452703 -0.823634
-0.582772 0.413155 -0.699771
0.084671 -0.943261 -0.321077
0.324100 -0.927261 0.187474
0.414851 -0.903678 0.106137
0.134673 -0.903709 -0.406415
0.454848 -0.878343 0.147060
-0.325394 -0.414027 -0.850118
-0.580495 0.402424 -0.707870
-0.234670 -0.369648 -0.899050
0.215087 -0.871401 -0.440905
-0.513164 0.820286 -0.252573
-0.068078 0.827677 0.557061
-0.141271 0.847635 0.511427
0.574974 -0.403832 0.711565
0.534866 -0.467242 0.703991
0.345986 0.270817 0.898305
0.320763 0.262883 0.909947
0.065659 0.176010 0.982196
0.329634 -0.441086 0.834736
0.043826 0.220740 0.974348
0.458846 -0.473452 0.751867
0.256144 0.225739 0.939911
0.377618 -0.510191 0.772729
0.170075 0.210835 0.962613
-0.155690 0.797472 0.582923
-0.191265 0.795251 0.575320
-0.360464 -0.584057 -0.727285
0.049064 -0.963891 -0.261738
0.170327 -0.984953 0.029270
0.266890 -0.949800 0.163245
0.452365 -0.737978 0.500754
0.377423 -0.835041 0.400324
0.338795 -0.903799 0.261466
0.058889 -0.989508 -0.131936
-0.116909 -0.970447 -0.211103
0.021381 -0.990752 -0.133991
-0.043843 -0.992569 -0.113509
-0.146486 -0.984397 -0.097488
-0.285929 -0.958221 -0.007561
-0.366048 -0.908197 -0.202947
-0.182778 0.645619 0.741464
-0.387145 0.647043 0.656852
-0.813692 0.516946 0.265842
-0.882325 -0.185955 -0.432347
-0.351766 -0.821253 -0.449226
0.310874 -0.928742 0.201977
0.470222 -0.471018 0.746346
0.421539 -0.522278 0.741304
0.209393 0.150037 0.966252
0.324947 0.065561 0.943457
0.325593 0.191856 0.925841
0.465789 -0.312487 0.827884
0.511370 -0.197130 0.836445
-0.029694 0.957812 -0.285856
-0.023642 0.943389 -0.330845
-0.023265 0.885486 -0.464083
-0.067685 0.917308 -0.392385
-0.026084 0.971042 -0.237481
-0.154854 0.935907 -0.316384
-0.156477 0.945298 -0.286228
-0.271095 0.855894 -0.440400
-0.184738 0.882592 -0.432324
-0.296718 0.489259 -0.820112
-0.092765 0.863815 -0.495196
-0.143565 0.942327 0.302340
-0.063412 0.866107 -0.495820
-0.109632 0.947513 0.300335
-0.133902 0.398332 0.907415
-0.090741 0.408770 0.908115
0.014037 0.172647 -0.984884
-0.067656 0.201794 -0.977088
-0.123773 0.865194 -0.485921
-0.126720 0.950608 0.283349
-0.012354 0.166357 -0.985988
-0.010990 -0.497620 -0.867326
-0.127119 -0.266569 0.955396
-0.118157 -0.864510 0.488531
-0.337145 -0.550534 -0.763705
-0.203340 -0.937778 -0.281471
-0.611738 -0.418710 0.671162
-0.493533 0.841012 0.221638
-0.295649 0.935058 -0.195595
-0.211226 0.938914 -0.271706
-0.232208 0.968509 -0.089828
-0.130593 0.918669 -0.372817
-0.097513 0.841518 -0.531355
-0.018233 0.856340 -0.516090
-0.105251 0.820261 -0.562223
0.003550 0.806984 -0.590563
0.040124 0.681949 -0.730298
-0.044406 0.808848 -0.586339
0.092954 0.378926 -0.920747
0.070138 0.459658 -0.885322
-0.005089 0.684701 -0.728807
0.085762 0.324033 -0.942151
-0.022097 0.798065 -0.602166
-0.050344 0.950305 -0.307223
-0.019581 0.767751 -0.640449
-0.047407 0.961716 -0.269916
-0.005054 0.998806 0.048583
0.069772 0.431781 -0.899276
0.092694 0.313015 -0.945214
-0.104884 0.831683 -0.545255
-0.189734 0.713806 -0.674153
-0.228937 0.857827 -0.460132
-0.152396 0.788861 -0.595377
-0.205604 0.260064 -0.943448
-0.140198 0.740694 -0.657052
-0.490446 0.852017 -0.183111
0.397612 -0.095946 0.912524
0.177752 -0.333477 0.925849
0.418459 -0.660564 0.623335
0.266069 -0.684823 0.678399
0.293065 -0.922099 0.252680
-0.203206 -0.971081 0.125337
-0.154725 -0.987004 0.043397
0.137751 -0.167977 -0.976119
0.101110 -0.194250 -0.975727
0.117992 -0.663696 -0.738638
0.084946 -0.700669 -0.708412
0.115109 -0.176514 -0.977544
0.144278 -0.240193 -0.959943
-0.000333 -0.985233 -0.171216
-0.045040 -0.987889 -0.148483
0.031771 -0.786671 -0.616555
0.088544 -0.758212 -0.645968
0.131215 -0.553017 -0.822772
0.218396 -0.764407 -0.606618
0.178092 -0.167461 -0.969660
0.142945 -0.967221 -0.209880
-0.073367 -0.995444 0.060906
-0.039905 -0.996922 0.067490
-0.243821 -0.862380 0.443680
-0.670844 -0.605523 0.428148
-0.256360 -0.654344 -0.711416
-0.210334 -0.965102 -0.156009
0.090744 -0.994803 -0.046178
0.113764 -0.987890 0.105509
0.161299 -0.978355 0.129633
0.147480 -0.988922 -0.016848
-0.223957 0.783532 0.579586
-0.185192 0.775972 0.602969
-0.140893 0.090423 0.985887
-0.166195 0.019011 0.985910
-0.140153 0.965113 -0.221168
-0.211360 0.773673 0.597291
-0.123859 0.969905 -0.209624
0.102577 -0.205046 -0.973362
0.008917 0.525397 -0.850811
0.042300 -0.269100 -0.962183
0.075493 -0.894968 -0.439696
0.079735 -0.870220 -0.486169
0.071360 -0.287298 -0.955179
0.011262 -0.986471 0.163552
0.035911 -0.978235 0.204369
-0.091246 -0.958580 0.269813
0.029393 -0.894373 -0.446355
-0.050661 -0.565755 0.823015
-0.101273 -0.545369 0.832055
-0.103318 -0.567908 0.816582
-0.183480 0.005567 0.983008
0.036887 -0.476854 -0.878208
0.006327 -0.008676 -0.999942
-0.373535 -0.594715 -0.711889
-0.355837 -0.390856 -0.848889
0.044199 0.588507 -0.807283
0.064458 0.112048 -0.991610
-0.893724 -0.355581 -0.273533
-0.841140 -0.529480 -0.110160
-0.491070 -0.844710 0.212872
-0.264645 -0.896253 -0.355941
0.008885 0.510974 -0.859550
-0.018633 0.503356 -0.863879
-0.105556 0.972341 -0.208354
-0.035058 0.945438 -0.323909
-0.130415 0.971216 0.199326
-0.010070 0.547545 -0.836715
0.093777 -0.176673 -0.979792
-0.115969 0.978466 -0.170749
-0.145869 0.967557 -0.206289
-0.234525 0.774685 0.587248
-0.182207 0.729875 0.658849
-0.188387 -0.018431 0.981922
-0.210380 0.696119 0.686410
-0.136465 0.968543 -0.208092
0.122974 -0.171096 -0.977550
0.019276 0.552290 -0.833429
0.023226 0.524517 -0.851083
0.115782 -0.165089 -0.979459
0.106198 -0.838225 -0.534885
0.091169 -0.761870 -0.641282
0.106022 -0.856941 -0.504391
0.027936 -0.998292 0.051314
0.029295 -0.990438 0.134810
-0.227446 0.646140 0.728541
-0.188442 0.051798 0.980717
-0.605349 0.404310 0.685628
-0.463679 -0.054752 0.884310
-0.915264 -0.192561 0.353852
-0.592001 0.634857 0.496478
-0.970639 0.067144 0.230981
-0.218135 0.936613 0.274176
-0.550493 -0.587680 0.592950
-0.159190 -0.646459 0.746157
-0.091784 0.386871 0.917555
-0.119603 0.213062 0.969691
-0.117662 -0.396093 0.910640
-0.053227 -0.345591 0.936875
-0.041828 0.118858 -0.992030
-0.100329 -0.097326 -0.990183
-0.511170 -0.206574 -0.834285
-0.427668 -0.703132 -0.568072
-0.115128 -0.681627 -0.722585
-0.919628 -0.318772 -0.229497
-0.590075 -0.805882 -0.048643
-0.573628 -0.721806 0.387231
-0.893841 -0.223929 0.388464
-0.455984 0.101175 0.884218
-0.374602 -0.413492 0.829878
-0.200168 -0.880427 0.429861
-0.199520 -0.976912 -0.076386
-0.016473 -0.608374 -0.793479
-0.068723 0.146531 -0.986816
0.018741 -0.613815 -0.789228
-0.071684 0.832795 -0.548920
-0.117151 0.819150 -0.561488
-0.032229 -0.988203 -0.149721
0.052592 -0.978533 -0.199266
-0.045684 -0.875444 0.481157
0.030343 -0.846336 0.531785
-0.101861 0.951777 0.289386
-0.141741 0.945386 0.293523
-0.135610 0.955640 0.261464
-0.114770 0.835498 -0.537374
-0.068943 0.962832 0.261153
-0.066830 0.857466 -0.510182
-0.070419 0.180385 -0.981072
0.006013 -0.614612 -0.788807
0.022353 -0.967122 -0.253329
-0.029099 0.238863 -0.970617
-0.089168 0.854628 -0.511527
-0.055382 0.216651 -0.974677
-0.111807 0.429195 0.896265
-0.038556 0.463659 0.885174
-0.116712 0.400335 0.908906
-0.026237 -0.352972 0.935266
-0.021379 -0.357122 0.933813
0.005334 -0.826031 0.563599
-0.043763 0.429200 0.902149
-0.082655 0.954672 0.285954
-0.003376 -0.359127 0.933283
0.018662 -0.322078 0.946529
-0.111222 0.447070 0.887557
-0.087301 0.443446 0.892039
0.010288 -0.300018 0.953878
-0.001822 -0.359921 0.932981
0.103793 -0.841407 0.530340
0.042908 -0.832095 0.552970
-0.060241 0.470995 0.880076
-0.121313 0.457785 0.880747
-0.018550 -0.347025 0.937672
-0.075574 0.448456 0.890604
-0.102340 0.957708 0.268928
-0.116650 0.950134 0.289203
-0.093904 0.453165 0.886467
-0.054503 -0.370992 0.927035
0.020586 -0.840157 0.541952
0.044742 -0.949305 -0.311155
-0.027202 -0.846025 0.532450
0.009485 -0.938033 -0.346415
-0.113893 0.858114 -0.500669
-0.090929 0.862553 -0.497729
-0.170727 0.953811 0.247180
-0.152598 0.827566 -0.540230
-0.050897 0.194232 -0.979634
-0.025876 0.219403 -0.975291
0.024677 -0.586105 -0.809860
0.036451 -0.611278 -0.790576
0.064477 -0.955520 -0.287793
0.049780 -0.605563 -0.794239
0.118315 -0.966620 -0.227260
-0.083953 0.113168 -0.990023
-0.074990 0.147917 -0.986153
0.041151 -0.585707 -0.809478
-0.059280 0.121635 -0.990803
-0.000228 -0.634205 -0.773165
-0.084885 -0.083642 -0.992874
-0.198809 0.415770 -0.887474
-0.139468 0.490884 -0.859990
-0.135949 0.807676 -0.573739
-0.162735 0.799679 -0.577954
-0.160136 0.859400 -0.485580
-0.235740 -0.701723 -0.672318
-0.398257 -0.291459 -0.869738
-0.028357 -0.990558 -0.134127
-0.375282 -0.914691 -0.150015
0.092143 -0.980736 -0.172241
0.078219 -0.871807 0.483563
-0.171910 0.948390 0.266464
-0.142597 0.958543 0.246700
-0.170780 0.977112 0.126833
-0.172242 0.770486 0.613746
-0.242927 0.695055 0.676672
-0.140458 0.221700 0.964946
-0.522913 0.294343 0.799953
-0.503819 -0.048526 0.862445
-0.947811 -0.141211 0.285857
-0.833274 -0.469105 0.292567
-0.768709 -0.561042 -0.307113
-0.907451 -0.250615 -0.337231
-0.318449 -0.530009 0.785927
-0.054683 -0.396518 0.916397
-0.407071 -0.863887 0.296634
-0.046397 -0.913935 0.403200
-0.040484 -0.260707 0.964569
-0.158536 0.546545 0.822287
-0.147898 0.522612 0.839645
-0.075496 -0.257559 0.963309
0.038594 -0.780873 0.623497
-0.017238 -0.766454 0.642069
-0.068975 -0.294025 0.953306
0.049563 -0.989732 -0.134065
0.090493 -0.993223 -0.072933
0.084760 -0.714054 -0.694941
0.069582 -0.723331 -0.686987
0.027519 -0.999609 -0.005059
0.052631 -0.715250 -0.696885
-0.018217 -0.816282 0.577366
-0.172520 -0.331638 0.927499
-0.163930 -0.839363 0.518263
-0.224884 0.309151 0.924042
-0.626515 0.128806 0.768692
-0.463204 -0.406945 0.787298
-0.265207 0.835277 0.481641
-0.932475 -0.263099 0.247526
-0.539270 -0.744160 0.394225
-0.183545 0.888848 0.419834
-0.152849 0.983912 -0.092486
-0.126001 -0.990526 0.054609
-0.494282 -0.869199 0.013334
-0.036609 -0.778632 -0.626412
-0.315789 -0.799336 -0.511214
-0.007059 -0.011678 -0.999907
0.011989 0.003235 -0.999923
-0.008800 -0.020048 -0.999760
-0.139277 0.335548 -0.931670
-0.100643 0.421609 -0.901175
-0.059433 -0.244435 -0.967843
-0.421908 -0.368900 -0.828195
-0.847781 -0.452040 -0.277359
-0.122371 0.780183 -0.613465
-0.104803 0.717883 -0.688230
-0.110729 0.703183 -0.702334
-0.181151 0.980817 0.071988
-0.162308 0.984729 0.062965
-0.081094 0.720407 -0.688794
0.039256 0.062261 -0.997288
0.063711 -0.697087 -0.714150
0.024793 0.055028 -0.998177
-0.029240 -0.780326 0.624689
0.045425 -0.987683 -0.149733
0.029376 -0.985001 -0.170030
0.064503 -0.728487 -0.682016
0.020052 0.055276 -0.998270
-0.029197 0.752794 -0.657608
-0.154494 0.986934 0.045749
-0.095939 0.992034 0.081638
-0.044471 0.756602 -0.652361
-0.109755 0.987234 0.115423
-0.150372 0.566070 0.810527
-0.121991 0.564837 0.816135
-0.089479 -0.301903 0.949130
-0.134707 0.532284 0.835780
-0.093444 -0.334054 0.937911
-0.144283 0.525434 0.838512
-0.119861 0.505607 0.854397
-0.050604 -0.784588 0.617949
-0.120000 0.984510 0.127831
-0.112552 0.986655 0.117664
-0.269384 -0.867824 0.417509
-0.017265 0.338691 0.940739
-0.002289 -0.425351 0.905026
-0.053327 0.922177 0.383074
-0.098993 0.951890 0.290012
-0.053842 0.422161 0.904920
-0.110305 0.865192 -0.489158
-0.067509 0.897748 -0.435307
-0.036722 0.248863 -0.967842
-0.080375 0.234488 -0.968791
-0.053906 0.282425 -0.957774
-0.103327 0.941052 -0.322093
-0.022793 -0.564650 -0.825016
-0.014558 -0.939021 -0.343551
-0.006831 -0.586699 -0.809776
0.014189 -0.956360 -0.291847
-0.001792 -0.853630 0.520876
0.012761 0.520998 0.853463
-0.167348 0.525188 0.834369
-0.149305 -0.186593 0.971026
-0.163273 0.983750 0.074682
-0.074108 0.743740 -0.664348
0.020917 0.028465 -0.999376
-0.040294 0.765367 -0.642331
-0.046892 0.768710 -0.637876
0.061277 0.034110 -0.997538
0.021885 -0.625041 -0.780285
-0.050646 -0.984631 -0.167142
-0.125876 -0.799955 0.586709
-0.297553 -0.821009 0.487244
-0.066002 -0.941383 -0.330820
-0.045386 -0.981570 -0.185636
-0.018930 -0.999043 -0.039427
-0.170741 -0.706517 0.686791
-0.222651 0.017734 0.974737
0.028521 0.457396 -0.888806
0.064643 0.377085 -0.923920
-0.088971 0.781652 -0.617337
-0.167562 0.896045 -0.411129
-0.449465 -0.016755 -0.893141
0.018122 -0.590317 -0.806968
-0.120944 -0.603591 0.788068
0.015150 -0.841103 0.540663
-0.312486 -0.943058 -0.113988
-0.162531 -0.985696 0.044584
-0.231998 -0.934032 0.271591
-0.393276 -0.852229 0.345022
-0.154124 -0.980268 0.123776
-0.423136 -0.881846 0.208095
-0.103911 -0.990494 0.090136
-0.290954 -0.950158 -0.112008
-0.395398 -0.913643 -0.094429
-0.194732 -0.977680 0.078872
-0.242562 -0.970028 -0.014439
-0.339155 -0.923139 -0.181074
-0.274584 -0.946525 0.169395
-0.407699 -0.866972 0.286602
-0.208047 -0.966620 0.149542
-0.431203 -0.872014 0.231637
-0.354166 -0.934371 -0.038954
-0.169146 -0.937383 0.304472
-0.051202 -0.971121 0.233029
-0.238574 -0.970994 -0.015901
0.005760 -0.762305 0.647192
-0.151974 -0.762084 0.629390
-0.274843 -0.951232 0.140066
-0.036330 -0.999198 -0.016861
-0.213406 -0.956723 0.197836
-0.032081 -0.996315 0.079539
-0.028838 -0.936385 -0.349787
0.110731 -0.942676 -0.314803
0.083336 -0.840786 -0.534915
-0.073417 -0.993939 0.081825
-0.109450 -0.991495 0.070419
-0.091336 -0.995684 0.016452
-0.046395 -0.998826 0.013955
0.097001 -0.988546 0.115618
0.056259 -0.997097 0.051305
0.092879 -0.993243 0.069582
0.053961 -0.994239 0.092616
0.139071 -0.917256 -0.373230
-0.018368 -0.565293 -0.824685
-0.000461 -0.960326 -0.278879
0.023028 -0.978475 0.205076
0.096506 -0.879315 0.466359
0.040164 -0.987996 0.149168
0.047323 -0.998164 0.037806
0.065133 0.143232 -0.987544
-0.013574 0.132953 -0.991029
-0.032945 -0.993590 -0.108136
0.035746 -0.824955 -0.564067
0.122670 -0.311522 -0.942288
0.098263 -0.272022 -0.957261
-0.044361 0.980464 0.191632
0.002540 0.717986 -0.696053
-0.014937 0.969248 -0.245633
0.037370 0.989375 0.140504
0.039865 0.961269 0.272715
0.390107 0.315468 0.865041
-0.101190 0.655655 0.748249
0.058000 0.885025 0.461917
-0.075732 0.870715 0.485921
-0.039341 0.973762 -0.224141
-0.029863 0.713919 -0.699592
0.009643 0.974664 0.223467
0.216988 0.699789 0.680596
0.125307 0.559847 0.819067
0.245000 -0.883710 0.398788
0.161794 0.646331 0.745707
0.055461 0.618181 0.784077
-0.187404 0.785979 0.589167
-0.405114 0.848522 0.340431
-0.638151 0.723327 -0.263745
-0.673684 0.127385 -0.727958
-0.470454 -0.380821 -0.796020
-0.023699 -0.866476 -0.498656
0.305754 -0.945341 0.113338
0.360504 -0.322608 0.875192
0.191840 0.210177 0.958657
-0.073965 0.673808 0.735195
0.406777 -0.269283 0.872937
0.215111 0.216407 0.952310
-0.045748 0.656525 0.752916
-0.058262 0.599137 0.798524
-0.084066 0.953325 0.290008
-0.096732 0.886245 -0.453005
-0.079691 0.461463 -0.883573
-0.074263 0.650401 0.755952
-0.090414 0.969786 0.226586
-0.077112 0.863246 -0.498858
-0.045979 0.425079 -0.903988
-0.107951 0.636951 0.763308
-0.118059 0.958079 0.261049
-0.094903 0.879706 -0.465952
-0.052485 0.429388 -0.901594
-0.099669 0.659037 0.745477
-0.121084 0.966791 0.225063
-0.098670 0.865157 -0.491698
-0.043127 0.414205 -0.909162
-0.127366 0.717827 0.684473
-0.104243 0.989183 0.103199
-0.034372 0.787478 -0.615384
0.029822 0.283337 -0.958557
0.028808 0.259182 -0.965399
-0.035728 0.754416 -0.655424
-0.105578 0.994095 0.025072
-0.131730 0.768080 0.626658
-0.202700 0.889367 0.409804
-0.131061 0.966653 -0.220012
-0.004835 0.574213 -0.818692
0.085585 0.040518 -0.995507
0.111171 -0.216269 -0.969984
0.028244 0.518299 -0.854733
-0.094188 0.967103 -0.236304
-0.183733 0.796385 0.576206
0.073464 -0.025207 -0.996979
0.010813 0.529669 -0.848136
-0.103424 0.957965 -0.267596
-0.183502 0.915414 0.358252
-0.496918 0.194755 -0.845661
-0.556961 0.474112 0.681918
-0.755191 0.646834 0.106268
-0.743121 0.560678 -0.365255
-0.218243 0.864611 -0.452568
-0.232953 0.968127 0.091999
-0.183249 0.571384 -0.799963
-0.219331 0.873155 -0.435309
-0.233577 0.969738 0.071065
-0.222537 0.824900 0.519632
-0.258621 0.421776 -0.869034
-0.327468 0.852225 -0.408016
-0.344950 0.937070 0.053946
-0.317925 0.710014 0.628334
-0.258634 -0.957104 -0.130613
0.064155 -0.924305 -0.376224
0.049593 -0.956831 0.286381
-0.566707 -0.821410 0.064258
0.064309 -0.996046 0.061294
-0.558583 -0.805776 0.196748
-0.268962 -0.851346 0.450410
0.020840 -0.706671 0.707236
-0.145150 0.776106 -0.613671
-0.180410 0.970828 -0.157943
-0.382279 -0.194119 -0.903427
-0.606232 0.356233 -0.711042
-0.672060 0.632139 -0.385662
-0.631832 0.753134 0.183242
0.030875 0.577507 -0.815802
-0.043612 0.922664 -0.383130
-0.174358 0.983508 0.048087
-0.046257 0.906469 -0.419732
0.030622 0.572020 -0.819668
0.037355 0.112479 -0.992952
-0.087386 -0.056469 -0.994573
-0.121791 0.561200 -0.818671
-0.199691 0.866538 -0.457423
-0.349438 0.926068 0.142446
-0.853762 -0.505137 0.126206
-0.526359 -0.849863 -0.026077
-0.188656 -0.962576 -0.194569
-0.389294 -0.749769 0.535068
-0.882391 -0.378620 0.279345
-0.415993 -0.724397 0.549726
-0.704239 -0.195216 0.682597
-0.538005 0.166964 0.826241
-0.244902 -0.296401 0.923130
-0.432691 -0.283285 0.855879
-0.564058 -0.259417 0.783927
-0.639549 -0.233039 0.732578
-0.645425 -0.279965 0.710666
-0.598066 -0.366177 0.712904
-0.527252 -0.435420 0.729668
-0.506893 -0.434545 0.744466
-0.574727 -0.362902 0.733479
-0.632256 -0.326024 0.702824
-0.626722 -0.346175 0.698128
-0.570997 -0.352496 0.741424
-0.502994 -0.279701 0.817780
-0.343771 -0.192049 0.919205
-0.546778 -0.215771 0.808997
-0.618699 0.178945 0.764977
-0.317673 0.624453 0.713542
0.025906 0.507405 0.861318
0.044609 0.112857 0.992609
-0.093240 -0.164689 0.981929
-0.290735 -0.331991 0.897360
-0.520269 -0.320579 0.791548
-0.687056 -0.197548 0.699234
-0.726329 -0.046658 0.685762
-0.655442 -0.094473 0.749313
-0.563248 -0.402899 0.721404
-0.503336 -0.488093 0.713035
-0.479468 -0.486388 0.730436
-0.410586 -0.548360 0.728506
-0.282546 -0.612744 0.738046
-0.177606 -0.627942 0.757724
-0.157831 -0.618802 0.769528
-0.225218 -0.571704 0.788944
-0.372845 -0.426146 0.824249
0.773094 0.005449 -0.634268
0.000137 -0.039641 -0.999214
-0.773085 0.005423 -0.634280
0.794143 -0.222068 -0.565705
0.000174 -0.389366 -0.921083
-0.794129 -0.222099 -0.565714
-0.420738 -0.329444 -0.845249
0.422763 -0.332432 -0.843066
0.161034 0.755872 0.634607
-0.177420 0.160842 0.970903
-0.364236 -0.516784 0.774769
0.185296 0.632632 0.751959
-0.223045 0.171497 0.959604
-0.455909 -0.531517 0.713889
</float_array>
          <technique_common>
            <accessor source="#Body-Normal0-array" count="5249" stride="3">
              <param name="X" type="float"/>
              <param name="Y" type="float"/>
              <param name="Z" type="float"/>
            </accessor>
          </technique_common>
        </source>
        <source id="Body-UV0">
          <float_array id="Body-UV0-array" count="10498">
0.000000 0.000000
0.000000 0.000000
0.000000 0.000000
0.000000 0.000000
0.000000 0.000000
0.000000 0.000000
0.000000 0.000000
0.000000 0.000000
0.000000 0.000000
0.000000 0.000000
0.000000 0.000000
0.000000 0.000000
0.000000 0.000000
0.000000 0.000000
0.000000 0.000000
0.000000 0.000000
0.000000 0.000000
0.000000 0.000000
0.000000 0.000000
0.000000 0.000000
0.000000 0.000000
0.000000 0.000000
0.000000 0.000000
0.000000 0.000000
0.000000 0.000000
0.000000 0.000000
0.000000 0.000000
0.000000 0.000000
0.000000 0.000000
0.000000 0.000000
0.000000 0.000000
0.000000 0.000000
0.000000 0.000000
0.000000 0.000000
0.000000 0.000000
0.000000 0.000000
0.000000 0.000000
0.000000 0.000000
0.000000 0.000000
0.000000 0.000000
0.000000 0.000000
0.000000 0.000000
0.000000 0.000000
0.000000 0.000000
0.000000 0.000000
0.000000 0.000000
0.000000 0.000000
0.000000 0.000000
0.000000 0.000000
0.000000 0.000000
0.000000 0.000000
0.000000 0.000000
0.000000 0.000000
0.000000 0.000000
0.000000 0.000000
0.000000 0.000000
0.000000 0.000000
0.000000 0.000000
0.000000 0.000000
0.000000 0.000000
0.000000 0.000000
0.000000 0.000000
0.000000 0.000000
0.000000 0.000000
0.000000 0.000000
0.000000 0.000000
0.000000 0.000000
0.000000 0.000000
0.000000 0.000000
0.000000 0.000000
0.000000 0.000000
0.000000 0.000000
0.000000 0.000000
0.000000 0.000000
0.000000 0.000000
0.000000 0.000000
0.000000 0.000000
0.000000 0.000000
0.000000 0.000000
0.000000 0.000000
0.000000 0.000000
0.000000 0.000000
0.000000 0.000000
0.000000 0.000000
0.000000 0.000000
0.000000 0.000000
0.000000 0.000000
0.000000 0.000000
0.000000 0.000000
0.000000 0.000000
0.000000 0.000000
0.000000 0.000000
0.000000 0.000000
0.000000 0.000000
0.000000 0.000000
0.000000 0.000000
0.000000 0.000000
0.000000 0.000000
0.000000 0.000000
0.000000 0.000000
0.000000 0.000000
0.000000 0.000000
0.000000 0.000000
0.000000 0.000000
0.000000 0.000000
0.000000 0.000000
0.000000 0.000000
0.000000 0.000000
0.000000 0.000000
0.000000 0.000000
0.000000 0.000000
0.000000 0.000000
0.000000 0.000000
0.000000 0.000000
0.000000 0.000000
0.000000 0.000000
0.000000 0.000000
0.000000 0.000000
0.000000 0.000000
0.000000 0.000000
0.000000 0.000000
0.000000 0.000000
0.000000 0.000000
0.000000 0.000000
0.000000 0.000000
0.000000 0.000000
0.000000 0.000000
0.000000 0.000000
0.000000 0.000000
0.000000 0.000000
0.000000 0.000000
0.000000 0.000000
0.000000 0.000000
0.000000 0.000000
0.000000 0.000000
0.000000 0.000000
0.000000 0.000000
0.000000 0.000000
0.000000 0.000000
0.000000 0.000000
0.000000 0.000000
0.000000 0.000000
0.000000 0.000000
0.000000 0.000000
0.000000 0.000000
0.000000 0.000000
0.000000 0.000000
0.000000 0.000000
0.000000 0.000000
0.000000 0.000000
0.000000 0.000000
0.000000 0.000000
0.000000 0.000000
0.000000 0.000000
0.000000 0.000000
0.000000 0.000000
0.000000 0.000000
0.000000 0.000000
0.000000 0.000000
0.000000 0.000000
0.000000 0.000000
0.000000 0.000000
0.000000 0.000000
0.000000 0.000000
0.000000 0.000000
0.000000 0.000000
0.000000 0.000000
0.000000 0.000000
0.000000 0.000000
0.000000 0.000000
0.000000 0.000000
0.000000 0.000000
0.000000 0.000000
0.000000 0.000000
0.000000 0.000000
0.000000 0.000000
0.000000 0.000000
0.000000 0.000000
0.000000 0.000000
0.000000 0.000000
0.000000 0.000000
0.000000 0.000000
0.000000 0.000000
0.000000 0.000000
0.000000 0.000000
0.000000 0.000000
0.000000 0.000000
0.000000 0.000000
0.000000 0.000000
0.000000 0.000000
0.000000 0.000000
0.000000 0.000000
0.000000 0.000000
0.000000 0.000000
0.000000 0.000000
0.000000 0.000000
0.000000 0.000000
0.000000 0.000000
0.000000 0.000000
0.000000 0.000000
0.000000 0.000000
0.000000 0.000000
0.000000 0.000000
0.000000 0.000000
0.000000 0.000000
0.000000 0.000000
0.000000 0.000000
0.000000 0.000000
0.000000 0.000000
0.000000 0.000000
0.000000 0.000000
0.000000 0.000000
0.000000 0.000000
0.000000 0.000000
0.000000 0.000000
0.000000 0.000000
0.000000 0.000000
0.000000 0.000000
0.000000 0.000000
0.000000 0.000000
0.000000 0.000000
0.000000 0.000000
0.000000 0.000000
0.000000 0.000000
0.000000 0.000000
0.000000 0.000000
0.000000 0.000000
0.000000 0.000000
0.000000 0.000000
0.000000 0.000000
0.000000 0.000000
0.000000 0.000000
0.000000 0.000000
0.000000 0.000000
0.000000 0.000000
0.000000 0.000000
0.000000 0.000000
0.000000 0.000000
0.000000 0.000000
0.000000 0.000000
0.000000 0.000000
0.000000 0.000000
0.000000 0.000000
0.000000 0.000000
0.000000 0.000000
0.000000 0.000000
0.000000 0.000000
0.000000 0.000000
0.000000 0.000000
0.000000 0.000000
0.000000 0.000000
0.000000 0.000000
0.000000 0.000000
0.000000 0.000000
0.000000 0.000000
0.000000 0.000000
0.000000 0.000000
0.000000 0.000000
0.000000 0.000000
0.000000 0.000000
0.000000 0.000000
0.000000 0.000000
0.000000 0.000000
0.000000 0.000000
0.000000 0.000000
0.000000 0.000000
0.000000 0.000000
0.000000 0.000000
0.000000 0.000000
0.000000 0.000000
0.000000 0.000000
0.000000 0.000000
0.000000 0.000000
0.000000 0.000000
0.000000 0.000000
0.000000 0.000000
0.000000 0.000000
0.000000 0.000000
0.000000 0.000000
0.000000 0.000000
0.000000 0.000000
0.000000 0.000000
0.000000 0.000000
0.000000 0.000000
0.000000 0.000000
0.000000 0.000000
0.000000 0.000000
0.000000 0.000000
0.000000 0.000000
0.000000 0.000000
0.000000 0.000000
0.000000 0.000000
0.000000 0.000000
0.000000 0.000000
0.000000 0.000000
0.000000 0.000000
0.000000 0.000000
0.000000 0.000000
0.000000 0.000000
0.000000 0.000000
0.000000 0.000000
0.000000 0.000000
0.000000 0.000000
0.000000 0.000000
0.000000 0.000000
0.000000 0.000000
0.000000 0.000000
0.000000 0.000000
0.000000 0.000000
0.000000 0.000000
0.000000 0.000000
0.000000 0.000000
0.000000 0.000000
0.000000 0.000000
0.000000 0.000000
0.000000 0.000000
0.000000 0.000000
0.000000 0.000000
0.000000 0.000000
0.000000 0.000000
0.000000 0.000000
0.000000 0.000000
0.000000 0.000000
0.000000 0.000000
0.000000 0.000000
0.000000 0.000000
0.000000 0.000000
0.000000 0.000000
0.000000 0.000000
0.000000 0.000000
0.000000 0.000000
0.000000 0.000000
0.000000 0.000000
0.000000 0.000000
0.000000 0.000000
0.000000 0.000000
0.000000 0.000000
0.000000 0.000000
0.000000 0.000000
0.000000 0.000000
0.000000 0.000000
0.000000 0.000000
0.000000 0.000000
0.000000 0.000000
0.000000 0.000000
0.000000 0.000000
0.000000 0.000000
0.000000 0.000000
0.000000 0.000000
0.000000 0.000000
0.000000 0.000000
0.000000 0.000000
0.000000 0.000000
0.000000 0.000000
0.000000 0.000000
0.000000 0.000000
0.000000 0.000000
0.000000 0.000000
0.000000 0.000000
0.000000 0.000000
0.000000 0.000000
0.000000 0.000000
0.000000 0.000000
0.000000 0.000000
0.000000 0.000000
0.000000 0.000000
0.000000 0.000000
0.000000 0.000000
0.000000 0.000000
0.000000 0.000000
0.000000 0.000000
0.000000 0.000000
0.000000 0.000000
0.000000 0.000000
0.000000 0.000000
0.000000 0.000000
0.000000 0.000000
0.000000 0.000000
0.000000 0.000000
0.000000 0.000000
0.000000 0.000000
0.000000 0.000000
0.000000 0.000000
0.000000 0.000000
0.000000 0.000000
0.000000 0.000000
0.000000 0.000000
0.000000 0.000000
0.000000 0.000000
0.000000 0.000000
0.000000 0.000000
0.000000 0.000000
0.000000 0.000000
0.000000 0.000000
0.000000 0.000000
0.000000 0.000000
0.000000 0.000000
0.000000 0.000000
0.000000 0.000000
0.000000 0.000000
0.000000 0.000000
0.000000 0.000000
0.000000 0.000000
0.000000 0.000000
0.000000 0.000000
0.000000 0.000000
0.000000 0.000000
0.000000 0.000000
0.000000 0.000000
0.000000 0.000000
0.000000 0.000000
0.000000 0.000000
0.000000 0.000000
0.000000 0.000000
0.000000 0.000000
0.000000 0.000000
0.000000 0.000000
0.000000 0.000000
0.000000 0.000000
0.000000 0.000000
0.000000 0.000000
0.000000 0.000000
0.000000 0.000000
0.000000 0.000000
0.000000 0.000000
0.000000 0.000000
0.000000 0.000000
0.000000 0.000000
0.000000 0.000000
0.000000 0.000000
0.000000 0.000000
0.000000 0.000000
0.000000 0.000000
0.000000 0.000000
0.000000 0.000000
0.000000 0.000000
0.000000 0.000000
0.000000 0.000000
0.000000 0.000000
0.000000 0.000000
0.000000 0.000000
0.000000 0.000000
0.000000 0.000000
0.000000 0.000000
0.000000 0.000000
0.000000 0.000000
0.000000 0.000000
0.000000 0.000000
0.000000 0.000000
0.000000 0.000000
0.000000 0.000000
0.000000 0.000000
0.000000 0.000000
0.000000 0.000000
0.000000 0.000000
0.000000 0.000000
0.000000 0.000000
0.000000 0.000000
0.000000 0.000000
0.000000 0.000000
0.000000 0.000000
0.000000 0.000000
0.000000 0.000000
0.000000 0.000000
0.000000 0.000000
0.000000 0.000000
0.000000 0.000000
0.000000 0.000000
0.000000 0.000000
0.000000 0.000000
0.000000 0.000000
0.000000 0.000000
0.000000 0.000000
0.000000 0.000000
0.000000 0.000000
0.000000 0.000000
0.000000 0.000000
0.000000 0.000000
0.000000 0.000000
0.000000 0.000000
0.000000 0.000000
0.000000 0.000000
0.000000 0.000000
0.000000 0.000000
0.000000 0.000000
0.000000 0.000000
0.000000 0.000000
0.000000 0.000000
0.000000 0.000000
0.000000 0.000000
0.000000 0.000000
0.000000 0.000000
0.000000 0.000000
0.000000 0.000000
0.000000 0.000000
0.000000 0.000000
0.000000 0.000000
0.000000 0.000000
0.000000 0.000000
0.000000 0.000000
0.000000 0.000000
0.000000 0.000000
0.000000 0.000000
0.000000 0.000000
0.000000 0.000000
0.000000 0.000000
0.000000 0.000000
0.000000 0.000000
0.000000 0.000000
0.000000 0.000000
0.000000 0.000000
0.000000 0.000000
0.000000 0.000000
0.000000 0.000000
0.000000 0.000000
0.000000 0.000000
0.000000 0.000000
0.000000 0.000000
0.000000 0.000000
0.000000 0.000000
0.000000 0.000000
0.000000 0.000000
0.000000 0.000000
0.000000 0.000000
0.000000 0.000000
0.000000 0.000000
0.000000 0.000000
0.000000 0.000000
0.000000 0.000000
0.000000 0.000000
0.000000 0.000000
0.000000 0.000000
0.000000 0.000000
0.000000 0.000000
0.000000 0.000000
0.000000 0.000000
0.000000 0.000000
0.000000 0.000000
0.000000 0.000000
0.000000 0.000000
0.000000 0.000000
0.000000 0.000000
0.000000 0.000000
0.000000 0.000000
0.000000 0.000000
0.000000 0.000000
0.000000 0.000000
0.000000 0.000000
0.000000 0.000000
0.000000 0.000000
0.000000 0.000000
0.000000 0.000000
0.000000 0.000000
0.000000 0.000000
0.000000 0.000000
0.000000 0.000000
0.000000 0.000000
0.000000 0.000000
0.000000 0.000000
0.000000 0.000000
0.000000 0.000000
0.000000 0.000000
0.000000 0.000000
0.000000 0.000000
0.000000 0.000000
0.000000 0.000000
0.000000 0.000000
0.000000 0.000000
0.000000 0.000000
0.000000 0.000000
0.000000 0.000000
0.000000 0.000000
0.000000 0.000000
0.000000 0.000000
0.000000 0.000000
0.000000 0.000000
0.000000 0.000000
0.000000 0.000000
0.000000 0.000000
0.000000 0.000000
0.000000 0.000000
0.000000 0.000000
0.000000 0.000000
0.000000 0.000000
0.000000 0.000000
0.000000 0.000000
0.000000 0.000000
0.000000 0.000000
0.000000 0.000000
0.000000 0.000000
0.000000 0.000000
0.000000 0.000000
0.000000 0.000000
0.000000 0.000000
0.000000 0.000000
0.000000 0.000000
0.000000 0.000000
0.000000 0.000000
0.000000 0.000000
0.000000 0.000000
0.000000 0.000000
0.000000 0.000000
0.000000 0.000000
0.000000 0.000000
0.000000 0.000000
0.000000 0.000000
0.000000 0.000000
0.000000 0.000000
0.000000 0.000000
0.000000 0.000000
0.000000 0.000000
0.000000 0.000000
0.000000 0.000000
0.000000 0.000000
0.000000 0.000000
0.000000 0.000000
0.000000 0.000000
0.000000 0.000000
0.000000 0.000000
0.000000 0.000000
0.000000 0.000000
0.000000 0.000000
0.000000 0.000000
0.000000 0.000000
0.000000 0.000000
0.000000 0.000000
0.000000 0.000000
0.000000 0.000000
0.000000 0.000000
0.000000 0.000000
0.000000 0.000000
0.000000 0.000000
0.000000 0.000000
0.000000 0.000000
0.000000 0.000000
0.000000 0.000000
0.000000 0.000000
0.000000 0.000000
0.000000 0.000000
0.000000 0.000000
0.000000 0.000000
0.000000 0.000000
0.000000 0.000000
0.000000 0.000000
0.000000 0.000000
0.000000 0.000000
0.000000 0.000000
0.000000 0.000000
0.000000 0.000000
0.000000 0.000000
0.000000 0.000000
0.000000 0.000000
0.000000 0.000000
0.000000 0.000000
0.000000 0.000000
0.000000 0.000000
0.000000 0.000000
0.000000 0.000000
0.000000 0.000000
0.000000 0.000000
0.000000 0.000000
0.000000 0.000000
0.000000 0.000000
0.000000 0.000000
0.000000 0.000000
0.000000 0.000000
0.000000 0.000000
0.000000 0.000000
0.000000 0.000000
0.000000 0.000000
0.000000 0.000000
0.000000 0.000000
0.000000 0.000000
0.000000 0.000000
0.000000 0.000000
0.000000 0.000000
0.000000 0.000000
0.000000 0.000000
0.000000 0.000000
0.000000 0.000000
0.000000 0.000000
0.000000 0.000000
0.000000 0.000000
0.000000 0.000000
0.000000 0.000000
0.000000 0.000000
0.000000 0.000000
0.000000 0.000000
0.000000 0.000000
0.000000 0.000000
0.000000 0.000000
0.000000 0.000000
0.000000 0.000000
0.000000 0.000000
0.000000 0.000000
0.000000 0.000000
0.000000 0.000000
0.000000 0.000000
0.000000 0.000000
0.000000 0.000000
0.000000 0.000000
0.000000 0.000000
0.000000 0.000000
0.000000 0.000000
0.000000 0.000000
0.000000 0.000000
0.000000 0.000000
0.000000 0.000000
0.000000 0.000000
0.000000 0.000000
0.000000 0.000000
0.000000 0.000000
0.000000 0.000000
0.000000 0.000000
0.000000 0.000000
0.000000 0.000000
0.000000 0.000000
0.000000 0.000000
0.000000 0.000000
0.000000 0.000000
0.000000 0.000000
0.000000 0.000000
0.000000 0.000000
0.000000 0.000000
0.000000 0.000000
0.000000 0.000000
0.000000 0.000000
0.000000 0.000000
0.000000 0.000000
0.000000 0.000000
0.000000 0.000000
0.000000 0.000000
0.000000 0.000000
0.000000 0.000000
0.000000 0.000000
0.000000 0.000000
0.000000 0.000000
0.000000 0.000000
0.000000 0.000000
0.000000 0.000000
0.000000 0.000000
0.000000 0.000000
0.000000 0.000000
0.000000 0.000000
0.000000 0.000000
0.000000 0.000000
0.000000 0.000000
0.000000 0.000000
0.000000 0.000000
0.000000 0.000000
0.000000 0.000000
0.000000 0.000000
0.000000 0.000000
0.000000 0.000000
0.000000 0.000000
0.000000 0.000000
0.000000 0.000000
0.000000 0.000000
0.000000 0.000000
0.000000 0.000000
0.000000 0.000000
0.000000 0.000000
0.000000 0.000000
0.000000 0.000000
0.000000 0.000000
0.000000 0.000000
0.000000 0.000000
0.000000 0.000000
0.000000 0.000000
0.000000 0.000000
0.000000 0.000000
0.000000 0.000000
0.000000 0.000000
0.000000 0.000000
0.000000 0.000000
0.000000 0.000000
0.000000 0.000000
0.000000 0.000000
0.000000 0.000000
0.000000 0.000000
0.000000 0.000000
0.000000 0.000000
0.000000 0.000000
0.000000 0.000000
0.000000 0.000000
0.000000 0.000000
0.000000 0.000000
0.000000 0.000000
0.000000 0.000000
0.000000 0.000000
0.000000 0.000000
0.000000 0.000000
0.000000 0.000000
0.000000 0.000000
0.000000 0.000000
0.000000 0.000000
0.000000 0.000000
0.000000 0.000000
0.000000 0.000000
0.000000 0.000000
0.000000 0.000000
0.000000 0.000000
0.000000 0.000000
0.000000 0.000000
0.000000 0.000000
0.000000 0.000000
0.000000 0.000000
0.000000 0.000000
0.000000 0.000000
0.000000 0.000000
0.000000 0.000000
0.000000 0.000000
0.000000 0.000000
0.000000 0.000000
0.000000 0.000000
0.000000 0.000000
0.000000 0.000000
0.000000 0.000000
0.000000 0.000000
0.000000 0.000000
0.000000 0.000000
0.000000 0.000000
0.000000 0.000000
0.000000 0.000000
0.000000 0.000000
0.000000 0.000000
0.000000 0.000000
0.000000 0.000000
0.000000 0.000000
0.000000 0.000000
0.000000 0.000000
0.000000 0.000000
0.000000 0.000000
0.000000 0.000000
0.000000 0.000000
0.000000 0.000000
0.000000 0.000000
0.000000 0.000000
0.000000 0.000000
0.000000 0.000000
0.000000 0.000000
0.000000 0.000000
0.000000 0.000000
0.000000 0.000000
0.000000 0.000000
0.000000 0.000000
0.000000 0.000000
0.000000 0.000000
0.000000 0.000000
0.000000 0.000000
0.000000 0.000000
0.000000 0.000000
0.000000 0.000000
0.000000 0.000000
0.000000 0.000000
0.000000 0.000000
0.000000 0.000000
0.000000 0.000000
0.000000 0.000000
0.000000 0.000000
0.000000 0.000000
0.000000 0.000000
0.000000 0.000000
0.000000 0.000000
0.000000 0.000000
0.000000 0.000000
0.000000 0.000000
0.000000 0.000000
0.000000 0.000000
0.000000 0.000000
0.000000 0.000000
0.000000 0.000000
0.000000 0.000000
0.000000 0.000000
0.000000 0.000000
0.000000 0.000000
0.000000 0.000000
0.000000 0.000000
0.000000 0.000000
0.000000 0.000000
0.000000 0.000000
0.000000 0.000000
0.000000 0.000000
0.000000 0.000000
0.000000 0.000000
0.000000 0.000000
0.000000 0.000000
0.000000 0.000000
0.000000 0.000000
0.000000 0.000000
0.000000 0.000000
0.000000 0.000000
0.000000 0.000000
0.000000 0.000000
0.000000 0.000000
0.000000 0.000000
0.000000 0.000000
0.000000 0.000000
0.000000 0.000000
0.000000 0.000000
0.000000 0.000000
0.000000 0.000000
0.000000 0.000000
0.000000 0.000000
0.000000 0.000000
0.000000 0.000000
0.000000 0.000000
0.000000 0.000000
0.000000 0.000000
0.000000 0.000000
0.000000 0.000000
0.000000 0.000000
0.000000 0.000000
0.000000 0.000000
0.000000 0.000000
0.000000 0.000000
0.000000 0.000000
0.000000 0.000000
0.000000 0.000000
0.000000 0.000000
0.000000 0.000000
0.000000 0.000000
0.000000 0.000000
0.000000 0.000000
0.000000 0.000000
0.000000 0.000000
0.000000 0.000000
0.000000 0.000000
0.000000 0.000000
0.000000 0.000000
0.000000 0.000000
0.000000 0.000000
0.000000 0.000000
0.000000 0.000000
0.000000 0.000000
0.000000 0.000000
0.000000 0.000000
0.000000 0.000000
0.000000 0.000000
0.000000 0.000000
0.000000 0.000000
0.000000 0.000000
0.000000 0.000000
0.000000 0.000000
0.000000 0.000000
0.000000 0.000000
0.000000 0.000000
0.000000 0.000000
0.000000 0.000000
0.000000 0.000000
0.000000 0.000000
0.000000 0.000000
0.000000 0.000000
0.000000 0.000000
0.000000 0.000000
0.000000 0.000000
0.000000 0.000000
0.000000 0.000000
0.000000 0.000000
0.000000 0.000000
0.000000 0.000000
0.000000 0.000000
0.000000 0.000000
0.000000 0.000000
0.000000 0.000000
0.000000 0.000000
0.000000 0.000000
0.000000 0.000000
0.000000 0.000000
0.000000 0.000000
0.000000 0.000000
0.000000 0.000000
0.000000 0.000000
0.000000 0.000000
0.000000 0.000000
0.000000 0.000000
0.000000 0.000000
0.000000 0.000000
0.000000 0.000000
0.000000 0.000000
0.000000 0.000000
0.000000 0.000000
0.000000 0.000000
0.000000 0.000000
0.000000 0.000000
0.000000 0.000000
0.000000 0.000000
0.000000 0.000000
0.000000 0.000000
0.000000 0.000000
0.000000 0.000000
0.000000 0.000000
0.000000 0.000000
0.000000 0.000000
0.000000 0.000000
0.000000 0.000000
0.000000 0.000000
0.000000 0.000000
0.000000 0.000000
0.000000 0.000000
0.000000 0.000000
0.000000 0.000000
0.000000 0.000000
0.000000 0.000000
0.000000 0.000000
0.000000 0.000000
0.000000 0.000000
0.000000 0.000000
0.000000 0.000000
0.000000 0.000000
0.000000 0.000000
0.000000 0.000000
0.000000 0.000000
0.000000 0.000000
0.000000 0.000000
0.000000 0.000000
0.000000 0.000000
0.000000 0.000000
0.000000 0.000000
0.000000 0.000000
0.000000 0.000000
0.000000 0.000000
0.000000 0.000000
0.000000 0.000000
0.000000 0.000000
0.000000 0.000000
0.000000 0.000000
0.000000 0.000000
0.000000 0.000000
0.000000 0.000000
0.000000 0.000000
0.000000 0.000000
0.000000 0.000000
0.000000 0.000000
0.000000 0.000000
0.000000 0.000000
0.000000 0.000000
0.000000 0.000000
0.000000 0.000000
0.000000 0.000000
0.000000 0.000000
0.000000 0.000000
0.000000 0.000000
0.000000 0.000000
0.000000 0.000000
0.000000 0.000000
0.000000 0.000000
0.000000 0.000000
0.000000 0.000000
0.000000 0.000000
0.000000 0.000000
0.000000 0.000000
0.000000 0.000000
0.000000 0.000000
0.000000 0.000000
0.000000 0.000000
0.000000 0.000000
0.000000 0.000000
0.000000 0.000000
0.000000 0.000000
0.000000 0.000000
0.000000 0.000000
0.000000 0.000000
0.000000 0.000000
0.000000 0.000000
0.000000 0.000000
0.000000 0.000000
0.000000 0.000000
0.000000 0.000000
0.000000 0.000000
0.000000 0.000000
0.000000 0.000000
0.000000 0.000000
0.000000 0.000000
0.000000 0.000000
0.000000 0.000000
0.000000 0.000000
0.000000 0.000000
0.000000 0.000000
0.000000 0.000000
0.000000 0.000000
0.000000 0.000000
0.000000 0.000000
0.000000 0.000000
0.000000 0.000000
0.000000 0.000000
0.000000 0.000000
0.000000 0.000000
0.000000 0.000000
0.000000 0.000000
0.000000 0.000000
0.000000 0.000000
0.000000 0.000000
0.000000 0.000000
0.000000 0.000000
0.000000 0.000000
0.000000 0.000000
0.000000 0.000000
0.000000 0.000000
0.000000 0.000000
0.000000 0.000000
0.000000 0.000000
0.000000 0.000000
0.000000 0.000000
0.000000 0.000000
0.000000 0.000000
0.000000 0.000000
0.000000 0.000000
0.000000 0.000000
0.000000 0.000000
0.000000 0.000000
0.000000 0.000000
0.000000 0.000000
0.000000 0.000000
0.000000 0.000000
0.000000 0.000000
0.000000 0.000000
0.000000 0.000000
0.000000 0.000000
0.000000 0.000000
0.000000 0.000000
0.000000 0.000000
0.000000 0.000000
0.000000 0.000000
0.000000 0.000000
0.000000 0.000000
0.000000 0.000000
0.000000 0.000000
0.000000 0.000000
0.000000 0.000000
0.000000 0.000000
0.000000 0.000000
0.000000 0.000000
0.000000 0.000000
0.000000 0.000000
0.000000 0.000000
0.000000 0.000000
0.000000 0.000000
0.000000 0.000000
0.000000 0.000000
0.000000 0.000000
0.000000 0.000000
0.000000 0.000000
0.000000 0.000000
0.000000 0.000000
0.000000 0.000000
0.000000 0.000000
0.000000 0.000000
0.000000 0.000000
0.000000 0.000000
0.000000 0.000000
0.000000 0.000000
0.000000 0.000000
0.000000 0.000000
0.000000 0.000000
0.000000 0.000000
0.000000 0.000000
0.000000 0.000000
0.000000 0.000000
0.000000 0.000000
0.000000 0.000000
0.000000 0.000000
0.000000 0.000000
0.000000 0.000000
0.000000 0.000000
0.000000 0.000000
0.000000 0.000000
0.000000 0.000000
0.000000 0.000000
0.000000 0.000000
0.000000 0.000000
0.000000 0.000000
0.000000 0.000000
0.000000 0.000000
0.000000 0.000000
0.000000 0.000000
0.000000 0.000000
0.000000 0.000000
0.000000 0.000000
0.000000 0.000000
0.000000 0.000000
0.000000 0.000000
0.000000 0.000000
0.000000 0.000000
0.000000 0.000000
0.000000 0.000000
0.000000 0.000000
0.000000 0.000000
0.000000 0.000000
0.000000 0.000000
0.000000 0.000000
0.000000 0.000000
0.000000 0.000000
0.000000 0.000000
0.000000 0.000000
0.000000 0.000000
0.000000 0.000000
0.000000 0.000000
0.000000 0.000000
0.000000 0.000000
0.000000 0.000000
0.000000 0.000000
0.000000 0.000000
0.000000 0.000000
0.000000 0.000000
0.000000 0.000000
0.000000 0.000000
0.000000 0.000000
0.000000 0.000000
0.000000 0.000000
0.000000 0.000000
0.000000 0.000000
0.000000 0.000000
0.000000 0.000000
0.000000 0.000000
0.000000 0.000000
0.000000 0.000000
0.000000 0.000000
0.000000 0.000000
0.000000 0.000000
0.000000 0.000000
0.000000 0.000000
0.000000 0.000000
0.000000 0.000000
0.000000 0.000000
0.000000 0.000000
0.000000 0.000000
0.000000 0.000000
0.000000 0.000000
0.000000 0.000000
0.000000 0.000000
0.000000 0.000000
0.000000 0.000000
0.000000 0.000000
0.000000 0.000000
0.000000 0.000000
0.000000 0.000000
0.000000 0.000000
0.000000 0.000000
0.000000 0.000000
0.000000 0.000000
0.000000 0.000000
0.000000 0.000000
0.000000 0.000000
0.000000 0.000000
0.000000 0.000000
0.000000 0.000000
0.000000 0.000000
0.000000 0.000000
0.000000 0.000000
0.000000 0.000000
0.000000 0.000000
0.000000 0.000000
0.000000 0.000000
0.000000 0.000000
0.000000 0.000000
0.000000 0.000000
0.000000 0.000000
0.000000 0.000000
0.000000 0.000000
0.000000 0.000000
0.000000 0.000000
0.000000 0.000000
0.000000 0.000000
0.000000 0.000000
0.000000 0.000000
0.000000 0.000000
0.000000 0.000000
0.000000 0.000000
0.000000 0.000000
0.000000 0.000000
0.000000 0.000000
0.000000 0.000000
0.000000 0.000000
0.000000 0.000000
0.000000 0.000000
0.000000 0.000000
0.000000 0.000000
0.000000 0.000000
0.000000 0.000000
0.000000 0.000000
0.000000 0.000000
0.000000 0.000000
0.000000 0.000000
0.000000 0.000000
0.000000 0.000000
0.000000 0.000000
0.000000 0.000000
0.000000 0.000000
0.000000 0.000000
0.000000 0.000000
0.000000 0.000000
0.000000 0.000000
0.000000 0.000000
0.000000 0.000000
0.000000 0.000000
0.000000 0.000000
0.000000 0.000000
0.000000 0.000000
0.000000 0.000000
0.000000 0.000000
0.000000 0.000000
0.000000 0.000000
0.000000 0.000000
0.000000 0.000000
0.000000 0.000000
0.000000 0.000000
0.000000 0.000000
0.000000 0.000000
0.000000 0.000000
0.000000 0.000000
0.000000 0.000000
0.000000 0.000000
0.000000 0.000000
0.000000 0.000000
0.000000 0.000000
0.000000 0.000000
0.000000 0.000000
0.000000 0.000000
0.000000 0.000000
0.000000 0.000000
0.000000 0.000000
0.000000 0.000000
0.000000 0.000000
0.000000 0.000000
0.000000 0.000000
0.000000 0.000000
0.000000 0.000000
0.000000 0.000000
0.000000 0.000000
0.000000 0.000000
0.000000 0.000000
0.000000 0.000000
0.000000 0.000000
0.000000 0.000000
0.000000 0.000000
0.000000 0.000000
0.000000 0.000000
0.000000 0.000000
0.000000 0.000000
0.000000 0.000000
0.000000 0.000000
0.000000 0.000000
0.000000 0.000000
0.000000 0.000000
0.000000 0.000000
0.000000 0.000000
0.000000 0.000000
0.000000 0.000000
0.000000 0.000000
0.000000 0.000000
0.000000 0.000000
0.000000 0.000000
0.000000 0.000000
0.000000 0.000000
0.000000 0.000000
0.000000 0.000000
0.000000 0.000000
0.000000 0.000000
0.000000 0.000000
0.000000 0.000000
0.000000 0.000000
0.000000 0.000000
0.000000 0.000000
0.000000 0.000000
0.000000 0.000000
0.000000 0.000000
0.000000 0.000000
0.000000 0.000000
0.000000 0.000000
0.000000 0.000000
0.000000 0.000000
0.000000 0.000000
0.000000 0.000000
0.000000 0.000000
0.000000 0.000000
0.000000 0.000000
0.000000 0.000000
0.000000 0.000000
0.000000 0.000000
0.000000 0.000000
0.000000 0.000000
0.000000 0.000000
0.000000 0.000000
0.000000 0.000000
0.000000 0.000000
0.000000 0.000000
0.000000 0.000000
0.000000 0.000000
0.000000 0.000000
0.000000 0.000000
0.000000 0.000000
0.000000 0.000000
0.000000 0.000000
0.000000 0.000000
0.000000 0.000000
0.000000 0.000000
0.000000 0.000000
0.000000 0.000000
0.000000 0.000000
0.000000 0.000000
0.000000 0.000000
0.000000 0.000000
0.000000 0.000000
0.000000 0.000000
0.000000 0.000000
0.000000 0.000000
0.000000 0.000000
0.000000 0.000000
0.000000 0.000000
0.000000 0.000000
0.000000 0.000000
0.000000 0.000000
0.000000 0.000000
0.000000 0.000000
0.000000 0.000000
0.000000 0.000000
0.000000 0.000000
0.000000 0.000000
0.000000 0.000000
0.000000 0.000000
0.000000 0.000000
0.000000 0.000000
0.000000 0.000000
0.000000 0.000000
0.000000 0.000000
0.000000 0.000000
0.000000 0.000000
0.000000 0.000000
0.000000 0.000000
0.000000 0.000000
0.000000 0.000000
0.000000 0.000000
0.000000 0.000000
0.000000 0.000000
0.000000 0.000000
0.000000 0.000000
0.000000 0.000000
0.000000 0.000000
0.000000 0.000000
0.000000 0.000000
0.000000 0.000000
0.000000 0.000000
0.000000 0.000000
0.000000 0.000000
0.000000 0.000000
0.000000 0.000000
0.000000 0.000000
0.000000 0.000000
0.000000 0.000000
0.000000 0.000000
0.000000 0.000000
0.000000 0.000000
0.000000 0.000000
0.000000 0.000000
0.000000 0.000000
0.000000 0.000000
0.000000 0.000000
0.000000 0.000000
0.000000 0.000000
0.000000 0.000000
0.000000 0.000000
0.000000 0.000000
0.000000 0.000000
0.000000 0.000000
0.000000 0.000000
0.000000 0.000000
0.000000 0.000000
0.000000 0.000000
0.000000 0.000000
0.000000 0.000000
0.000000 0.000000
0.000000 0.000000
0.000000 0.000000
0.000000 0.000000
0.000000 0.000000
0.000000 0.000000
0.000000 0.000000
0.000000 0.000000
0.000000 0.000000
0.000000 0.000000
0.000000 0.000000
0.000000 0.000000
0.000000 0.000000
0.000000 0.000000
0.000000 0.000000
0.000000 0.000000
0.000000 0.000000
0.000000 0.000000
0.000000 0.000000
0.000000 0.000000
0.000000 0.000000
0.000000 0.000000
0.000000 0.000000
0.000000 0.000000
0.000000 0.000000
0.000000 0.000000
0.000000 0.000000
0.000000 0.000000
0.000000 0.000000
0.000000 0.000000
0.000000 0.000000
0.000000 0.000000
0.000000 0.000000
0.000000 0.000000
0.000000 0.000000
0.000000 0.000000
0.000000 0.000000
0.000000 0.000000
0.000000 0.000000
0.000000 0.000000
0.000000 0.000000
0.000000 0.000000
0.000000 0.000000
0.000000 0.000000
0.000000 0.000000
0.000000 0.000000
0.000000 0.000000
0.000000 0.000000
0.000000 0.000000
0.000000 0.000000
0.000000 0.000000
0.000000 0.000000
0.000000 0.000000
0.000000 0.000000
0.000000 0.000000
0.000000 0.000000
0.000000 0.000000
0.000000 0.000000
0.000000 0.000000
0.000000 0.000000
0.000000 0.000000
0.000000 0.000000
0.000000 0.000000
0.000000 0.000000
0.000000 0.000000
0.000000 0.000000
0.000000 0.000000
0.000000 0.000000
0.000000 0.000000
0.000000 0.000000
0.000000 0.000000
0.000000 0.000000
0.000000 0.000000
0.000000 0.000000
0.000000 0.000000
0.000000 0.000000
0.000000 0.000000
0.000000 0.000000
0.000000 0.000000
0.000000 0.000000
0.000000 0.000000
0.000000 0.000000
0.000000 0.000000
0.000000 0.000000
0.000000 0.000000
0.000000 0.000000
0.000000 0.000000
0.000000 0.000000
0.000000 0.000000
0.000000 0.000000
0.000000 0.000000
0.000000 0.000000
0.000000 0.000000
0.000000 0.000000
0.000000 0.000000
0.000000 0.000000
0.000000 0.000000
0.000000 0.000000
0.000000 0.000000
0.000000 0.000000
0.000000 0.000000
0.000000 0.000000
0.000000 0.000000
0.000000 0.000000
0.000000 0.000000
0.000000 0.000000
0.000000 0.000000
0.000000 0.000000
0.000000 0.000000
0.000000 0.000000
0.000000 0.000000
0.000000 0.000000
0.000000 0.000000
0.000000 0.000000
0.000000 0.000000
0.000000 0.000000
0.000000 0.000000
0.000000 0.000000
0.000000 0.000000
0.000000 0.000000
0.000000 0.000000
0.000000 0.000000
0.000000 0.000000
0.000000 0.000000
0.000000 0.000000
0.000000 0.000000
0.000000 0.000000
0.000000 0.000000
0.000000 0.000000
0.000000 0.000000
0.000000 0.000000
0.000000 0.000000
0.000000 0.000000
0.000000 0.000000
0.000000 0.000000
0.000000 0.000000
0.000000 0.000000
0.000000 0.000000
0.000000 0.000000
0.000000 0.000000
0.000000 0.000000
0.000000 0.000000
0.000000 0.000000
0.000000 0.000000
0.000000 0.000000
0.000000 0.000000
0.000000 0.000000
0.000000 0.000000
0.000000 0.000000
0.000000 0.000000
0.000000 0.000000
0.000000 0.000000
0.000000 0.000000
0.000000 0.000000
0.000000 0.000000
0.000000 0.000000
0.000000 0.000000
0.000000 0.000000
0.000000 0.000000
0.000000 0.000000
0.000000 0.000000
0.000000 0.000000
0.000000 0.000000
0.000000 0.000000
0.000000 0.000000
0.000000 0.000000
0.000000 0.000000
0.000000 0.000000
0.000000 0.000000
0.000000 0.000000
0.000000 0.000000
0.000000 0.000000
0.000000 0.000000
0.000000 0.000000
0.000000 0.000000
0.000000 0.000000
0.000000 0.000000
0.000000 0.000000
0.000000 0.000000
0.000000 0.000000
0.000000 0.000000
0.000000 0.000000
0.000000 0.000000
0.000000 0.000000
0.000000 0.000000
0.000000 0.000000
0.000000 0.000000
0.000000 0.000000
0.000000 0.000000
0.000000 0.000000
0.000000 0.000000
0.000000 0.000000
0.000000 0.000000
0.000000 0.000000
0.000000 0.000000
0.000000 0.000000
0.000000 0.000000
0.000000 0.000000
0.000000 0.000000
0.000000 0.000000
0.000000 0.000000
0.000000 0.000000
0.000000 0.000000
0.000000 0.000000
0.000000 0.000000
0.000000 0.000000
0.000000 0.000000
0.000000 0.000000
0.000000 0.000000
0.000000 0.000000
0.000000 0.000000
0.000000 0.000000
0.000000 0.000000
0.000000 0.000000
0.000000 0.000000
0.000000 0.000000
0.000000 0.000000
0.000000 0.000000
0.000000 0.000000
0.000000 0.000000
0.000000 0.000000
0.000000 0.000000
0.000000 0.000000
0.000000 0.000000
0.000000 0.000000
0.000000 0.000000
0.000000 0.000000
0.000000 0.000000
0.000000 0.000000
0.000000 0.000000
0.000000 0.000000
0.000000 0.000000
0.000000 0.000000
0.000000 0.000000
0.000000 0.000000
0.000000 0.000000
0.000000 0.000000
0.000000 0.000000
0.000000 0.000000
0.000000 0.000000
0.000000 0.000000
0.000000 0.000000
0.000000 0.000000
0.000000 0.000000
0.000000 0.000000
0.000000 0.000000
0.000000 0.000000
0.000000 0.000000
0.000000 0.000000
0.000000 0.000000
0.000000 0.000000
0.000000 0.000000
0.000000 0.000000
0.000000 0.000000
0.000000 0.000000
0.000000 0.000000
0.000000 0.000000
0.000000 0.000000
0.000000 0.000000
0.000000 0.000000
0.000000 0.000000
0.000000 0.000000
0.000000 0.000000
0.000000 0.000000
0.000000 0.000000
0.000000 0.000000
0.000000 0.000000
0.000000 0.000000
0.000000 0.000000
0.000000 0.000000
0.000000 0.000000
0.000000 0.000000
0.000000 0.000000
0.000000 0.000000
0.000000 0.000000
0.000000 0.000000
0.000000 0.000000
0.000000 0.000000
0.000000 0.000000
0.000000 0.000000
0.000000 0.000000
0.000000 0.000000
0.000000 0.000000
0.000000 0.000000
0.000000 0.000000
0.000000 0.000000
0.000000 0.000000
0.000000 0.000000
0.000000 0.000000
0.000000 0.000000
0.000000 0.000000
0.000000 0.000000
0.000000 0.000000
0.000000 0.000000
0.000000 0.000000
0.000000 0.000000
0.000000 0.000000
0.000000 0.000000
0.000000 0.000000
0.000000 0.000000
0.000000 0.000000
0.000000 0.000000
0.000000 0.000000
0.000000 0.000000
0.000000 0.000000
0.000000 0.000000
0.000000 0.000000
0.000000 0.000000
0.000000 0.000000
0.000000 0.000000
0.000000 0.000000
0.000000 0.000000
0.000000 0.000000
0.000000 0.000000
0.000000 0.000000
0.000000 0.000000
0.000000 0.000000
0.000000 0.000000
0.000000 0.000000
0.000000 0.000000
0.000000 0.000000
0.000000 0.000000
0.000000 0.000000
0.000000 0.000000
0.000000 0.000000
0.000000 0.000000
0.000000 0.000000
0.000000 0.000000
0.000000 0.000000
0.000000 0.000000
0.000000 0.000000
0.000000 0.000000
0.000000 0.000000
0.000000 0.000000
0.000000 0.000000
0.000000 0.000000
0.000000 0.000000
0.000000 0.000000
0.000000 0.000000
0.000000 0.000000
0.000000 0.000000
0.000000 0.000000
0.000000 0.000000
0.000000 0.000000
0.000000 0.000000
0.000000 0.000000
0.000000 0.000000
0.000000 0.000000
0.000000 0.000000
0.000000 0.000000
0.000000 0.000000
0.000000 0.000000
0.000000 0.000000
0.000000 0.000000
0.000000 0.000000
0.000000 0.000000
0.000000 0.000000
0.000000 0.000000
0.000000 0.000000
0.000000 0.000000
0.000000 0.000000
0.000000 0.000000
0.000000 0.000000
0.000000 0.000000
0.000000 0.000000
0.000000 0.000000
0.000000 0.000000
0.000000 0.000000
0.000000 0.000000
0.000000 0.000000
0.000000 0.000000
0.000000 0.000000
0.000000 0.000000
0.000000 0.000000
0.000000 0.000000
0.000000 0.000000
0.000000 0.000000
0.000000 0.000000
0.000000 0.000000
0.000000 0.000000
0.000000 0.000000
0.000000 0.000000
0.000000 0.000000
0.000000 0.000000
0.000000 0.000000
0.000000 0.000000
0.000000 0.000000
0.000000 0.000000
0.000000 0.000000
0.000000 0.000000
0.000000 0.000000
0.000000 0.000000
0.000000 0.000000
0.000000 0.000000
0.000000 0.000000
0.000000 0.000000
0.000000 0.000000
0.000000 0.000000
0.000000 0.000000
0.000000 0.000000
0.000000 0.000000
0.000000 0.000000
0.000000 0.000000
0.000000 0.000000
0.000000 0.000000
0.000000 0.000000
0.000000 0.000000
0.000000 0.000000
0.000000 0.000000
0.000000 0.000000
0.000000 0.000000
0.000000 0.000000
0.000000 0.000000
0.000000 0.000000
0.000000 0.000000
0.000000 0.000000
0.000000 0.000000
0.000000 0.000000
0.000000 0.000000
0.000000 0.000000
0.000000 0.000000
0.000000 0.000000
0.000000 0.000000
0.000000 0.000000
0.000000 0.000000
0.000000 0.000000
0.000000 0.000000
0.000000 0.000000
0.000000 0.000000
0.000000 0.000000
0.000000 0.000000
0.000000 0.000000
0.000000 0.000000
0.000000 0.000000
0.000000 0.000000
0.000000 0.000000
0.000000 0.000000
0.000000 0.000000
0.000000 0.000000
0.000000 0.000000
0.000000 0.000000
0.000000 0.000000
0.000000 0.000000
0.000000 0.000000
0.000000 0.000000
0.000000 0.000000
0.000000 0.000000
0.000000 0.000000
0.000000 0.000000
0.000000 0.000000
0.000000 0.000000
0.000000 0.000000
0.000000 0.000000
0.000000 0.000000
0.000000 0.000000
0.000000 0.000000
0.000000 0.000000
0.000000 0.000000
0.000000 0.000000
0.000000 0.000000
0.000000 0.000000
0.000000 0.000000
0.000000 0.000000
0.000000 0.000000
0.000000 0.000000
0.000000 0.000000
0.000000 0.000000
0.000000 0.000000
0.000000 0.000000
0.000000 0.000000
0.000000 0.000000
0.000000 0.000000
0.000000 0.000000
0.000000 0.000000
0.000000 0.000000
0.000000 0.000000
0.000000 0.000000
0.000000 0.000000
0.000000 0.000000
0.000000 0.000000
0.000000 0.000000
0.000000 0.000000
0.000000 0.000000
0.000000 0.000000
0.000000 0.000000
0.000000 0.000000
0.000000 0.000000
0.000000 0.000000
0.000000 0.000000
0.000000 0.000000
0.000000 0.000000
0.000000 0.000000
0.000000 0.000000
0.000000 0.000000
0.000000 0.000000
0.000000 0.000000
0.000000 0.000000
0.000000 0.000000
0.000000 0.000000
0.000000 0.000000
0.000000 0.000000
0.000000 0.000000
0.000000 0.000000
0.000000 0.000000
0.000000 0.000000
0.000000 0.000000
0.000000 0.000000
0.000000 0.000000
0.000000 0.000000
0.000000 0.000000
0.000000 0.000000
0.000000 0.000000
0.000000 0.000000
0.000000 0.000000
0.000000 0.000000
0.000000 0.000000
0.000000 0.000000
0.000000 0.000000
0.000000 0.000000
0.000000 0.000000
0.000000 0.000000
0.000000 0.000000
0.000000 0.000000
0.000000 0.000000
0.000000 0.000000
0.000000 0.000000
0.000000 0.000000
0.000000 0.000000
0.000000 0.000000
0.000000 0.000000
0.000000 0.000000
0.000000 0.000000
0.000000 0.000000
0.000000 0.000000
0.000000 0.000000
0.000000 0.000000
0.000000 0.000000
0.000000 0.000000
0.000000 0.000000
0.000000 0.000000
0.000000 0.000000
0.000000 0.000000
0.000000 0.000000
0.000000 0.000000
0.000000 0.000000
0.000000 0.000000
0.000000 0.000000
0.000000 0.000000
0.000000 0.000000
0.000000 0.000000
0.000000 0.000000
0.000000 0.000000
0.000000 0.000000
0.000000 0.000000
0.000000 0.000000
0.000000 0.000000
0.000000 0.000000
0.000000 0.000000
0.000000 0.000000
0.000000 0.000000
0.000000 0.000000
0.000000 0.000000
0.000000 0.000000
0.000000 0.000000
0.000000 0.000000
0.000000 0.000000
0.000000 0.000000
0.000000 0.000000
0.000000 0.000000
0.000000 0.000000
0.000000 0.000000
0.000000 0.000000
0.000000 0.000000
0.000000 0.000000
0.000000 0.000000
0.000000 0.000000
0.000000 0.000000
0.000000 0.000000
0.000000 0.000000
0.000000 0.000000
0.000000 0.000000
0.000000 0.000000
0.000000 0.000000
0.000000 0.000000
0.000000 0.000000
0.000000 0.000000
0.000000 0.000000
0.000000 0.000000
0.000000 0.000000
0.000000 0.000000
0.000000 0.000000
0.000000 0.000000
0.000000 0.000000
0.000000 0.000000
0.000000 0.000000
0.000000 0.000000
0.000000 0.000000
0.000000 0.000000
0.000000 0.000000
0.000000 0.000000
0.000000 0.000000
0.000000 0.000000
0.000000 0.000000
0.000000 0.000000
0.000000 0.000000
0.000000 0.000000
0.000000 0.000000
0.000000 0.000000
0.000000 0.000000
0.000000 0.000000
0.000000 0.000000
0.000000 0.000000
0.000000 0.000000
0.000000 0.000000
0.000000 0.000000
0.000000 0.000000
0.000000 0.000000
0.000000 0.000000
0.000000 0.000000
0.000000 0.000000
0.000000 0.000000
0.000000 0.000000
0.000000 0.000000
0.000000 0.000000
0.000000 0.000000
0.000000 0.000000
0.000000 0.000000
0.000000 0.000000
0.000000 0.000000
0.000000 0.000000
0.000000 0.000000
0.000000 0.000000
0.000000 0.000000
0.000000 0.000000
0.000000 0.000000
0.000000 0.000000
0.000000 0.000000
0.000000 0.000000
0.000000 0.000000
0.000000 0.000000
0.000000 0.000000
0.000000 0.000000
0.000000 0.000000
0.000000 0.000000
0.000000 0.000000
0.000000 0.000000
0.000000 0.000000
0.000000 0.000000
0.000000 0.000000
0.000000 0.000000
0.000000 0.000000
0.000000 0.000000
0.000000 0.000000
0.000000 0.000000
0.000000 0.000000
0.000000 0.000000
0.000000 0.000000
0.000000 0.000000
0.000000 0.000000
0.000000 0.000000
0.000000 0.000000
0.000000 0.000000
0.000000 0.000000
0.000000 0.000000
0.000000 0.000000
0.000000 0.000000
0.000000 0.000000
0.000000 0.000000
0.000000 0.000000
0.000000 0.000000
0.000000 0.000000
0.000000 0.000000
0.000000 0.000000
0.000000 0.000000
0.000000 0.000000
0.000000 0.000000
0.000000 0.000000
0.000000 0.000000
0.000000 0.000000
0.000000 0.000000
0.000000 0.000000
0.000000 0.000000
0.000000 0.000000
0.000000 0.000000
0.000000 0.000000
0.000000 0.000000
0.000000 0.000000
0.000000 0.000000
0.000000 0.000000
0.000000 0.000000
0.000000 0.000000
0.000000 0.000000
0.000000 0.000000
0.000000 0.000000
0.000000 0.000000
0.000000 0.000000
0.000000 0.000000
0.000000 0.000000
0.000000 0.000000
0.000000 0.000000
0.000000 0.000000
0.000000 0.000000
0.000000 0.000000
0.000000 0.000000
0.000000 0.000000
0.000000 0.000000
0.000000 0.000000
0.000000 0.000000
0.000000 0.000000
0.000000 0.000000
0.000000 0.000000
0.000000 0.000000
0.000000 0.000000
0.000000 0.000000
0.000000 0.000000
0.000000 0.000000
0.000000 0.000000
0.000000 0.000000
0.000000 0.000000
0.000000 0.000000
0.000000 0.000000
0.000000 0.000000
0.000000 0.000000
0.000000 0.000000
0.000000 0.000000
0.000000 0.000000
0.000000 0.000000
0.000000 0.000000
0.000000 0.000000
0.000000 0.000000
0.000000 0.000000
0.000000 0.000000
0.000000 0.000000
0.000000 0.000000
0.000000 0.000000
0.000000 0.000000
0.000000 0.000000
0.000000 0.000000
0.000000 0.000000
0.000000 0.000000
0.000000 0.000000
0.000000 0.000000
0.000000 0.000000
0.000000 0.000000
0.000000 0.000000
0.000000 0.000000
0.000000 0.000000
0.000000 0.000000
0.000000 0.000000
0.000000 0.000000
0.000000 0.000000
0.000000 0.000000
0.000000 0.000000
0.000000 0.000000
0.000000 0.000000
0.000000 0.000000
0.000000 0.000000
0.000000 0.000000
0.000000 0.000000
0.000000 0.000000
0.000000 0.000000
0.000000 0.000000
0.000000 0.000000
0.000000 0.000000
0.000000 0.000000
0.000000 0.000000
0.000000 0.000000
0.000000 0.000000
0.000000 0.000000
0.000000 0.000000
0.000000 0.000000
0.000000 0.000000
0.000000 0.000000
0.000000 0.000000
0.000000 0.000000
0.000000 0.000000
0.000000 0.000000
0.000000 0.000000
0.000000 0.000000
0.000000 0.000000
0.000000 0.000000
0.000000 0.000000
0.000000 0.000000
0.000000 0.000000
0.000000 0.000000
0.000000 0.000000
0.000000 0.000000
0.000000 0.000000
0.000000 0.000000
0.000000 0.000000
0.000000 0.000000
0.000000 0.000000
0.000000 0.000000
0.000000 0.000000
0.000000 0.000000
0.000000 0.000000
0.000000 0.000000
0.000000 0.000000
0.000000 0.000000
0.000000 0.000000
0.000000 0.000000
0.000000 0.000000
0.000000 0.000000
0.000000 0.000000
0.000000 0.000000
0.000000 0.000000
0.000000 0.000000
0.000000 0.000000
0.000000 0.000000
0.000000 0.000000
0.000000 0.000000
0.000000 0.000000
0.000000 0.000000
0.000000 0.000000
0.000000 0.000000
0.000000 0.000000
0.000000 0.000000
0.000000 0.000000
0.000000 0.000000
0.000000 0.000000
0.000000 0.000000
0.000000 0.000000
0.000000 0.000000
0.000000 0.000000
0.000000 0.000000
0.000000 0.000000
0.000000 0.000000
0.000000 0.000000
0.000000 0.000000
0.000000 0.000000
0.000000 0.000000
0.000000 0.000000
0.000000 0.000000
0.000000 0.000000
0.000000 0.000000
0.000000 0.000000
0.000000 0.000000
0.000000 0.000000
0.000000 0.000000
0.000000 0.000000
0.000000 0.000000
0.000000 0.000000
0.000000 0.000000
0.000000 0.000000
0.000000 0.000000
0.000000 0.000000
0.000000 0.000000
0.000000 0.000000
0.000000 0.000000
0.000000 0.000000
0.000000 0.000000
0.000000 0.000000
0.000000 0.000000
0.000000 0.000000
0.000000 0.000000
0.000000 0.000000
0.000000 0.000000
0.000000 0.000000
0.000000 0.000000
0.000000 0.000000
0.000000 0.000000
0.000000 0.000000
0.000000 0.000000
0.000000 0.000000
0.000000 0.000000
0.000000 0.000000
0.000000 0.000000
0.000000 0.000000
0.000000 0.000000
0.000000 0.000000
0.000000 0.000000
0.000000 0.000000
0.000000 0.000000
0.000000 0.000000
0.000000 0.000000
0.000000 0.000000
0.000000 0.000000
0.000000 0.000000
0.000000 0.000000
0.000000 0.000000
0.000000 0.000000
0.000000 0.000000
0.000000 0.000000
0.000000 0.000000
0.000000 0.000000
0.000000 0.000000
0.000000 0.000000
0.000000 0.000000
0.000000 0.000000
0.000000 0.000000
0.000000 0.000000
0.000000 0.000000
0.000000 0.000000
0.000000 0.000000
0.000000 0.000000
0.000000 0.000000
0.000000 0.000000
0.000000 0.000000
0.000000 0.000000
0.000000 0.000000
0.000000 0.000000
0.000000 0.000000
0.000000 0.000000
0.000000 0.000000
0.000000 0.000000
0.000000 0.000000
0.000000 0.000000
0.000000 0.000000
0.000000 0.000000
0.000000 0.000000
0.000000 0.000000
0.000000 0.000000
0.000000 0.000000
0.000000 0.000000
0.000000 0.000000
0.000000 0.000000
0.000000 0.000000
0.000000 0.000000
0.000000 0.000000
0.000000 0.000000
0.000000 0.000000
0.000000 0.000000
0.000000 0.000000
0.000000 0.000000
0.000000 0.000000
0.000000 0.000000
0.000000 0.000000
0.000000 0.000000
0.000000 0.000000
0.000000 0.000000
0.000000 0.000000
0.000000 0.000000
0.000000 0.000000
0.000000 0.000000
0.000000 0.000000
0.000000 0.000000
0.000000 0.000000
0.000000 0.000000
0.000000 0.000000
0.000000 0.000000
0.000000 0.000000
0.000000 0.000000
0.000000 0.000000
0.000000 0.000000
0.000000 0.000000
0.000000 0.000000
0.000000 0.000000
0.000000 0.000000
0.000000 0.000000
0.000000 0.000000
0.000000 0.000000
0.000000 0.000000
0.000000 0.000000
0.000000 0.000000
0.000000 0.000000
0.000000 0.000000
0.000000 0.000000
0.000000 0.000000
0.000000 0.000000
0.000000 0.000000
0.000000 0.000000
0.000000 0.000000
0.000000 0.000000
0.000000 0.000000
0.000000 0.000000
0.000000 0.000000
0.000000 0.000000
0.000000 0.000000
0.000000 0.000000
0.000000 0.000000
0.000000 0.000000
0.000000 0.000000
0.000000 0.000000
0.000000 0.000000
0.000000 0.000000
0.000000 0.000000
0.000000 0.000000
0.000000 0.000000
0.000000 0.000000
0.000000 0.000000
0.000000 0.000000
0.000000 0.000000
0.000000 0.000000
0.000000 0.000000
0.000000 0.000000
0.000000 0.000000
0.000000 0.000000
0.000000 0.000000
0.000000 0.000000
0.000000 0.000000
0.000000 0.000000
0.000000 0.000000
0.000000 0.000000
0.000000 0.000000
0.000000 0.000000
0.000000 0.000000
0.000000 0.000000
0.000000 0.000000
0.000000 0.000000
0.000000 0.000000
0.000000 0.000000
0.000000 0.000000
0.000000 0.000000
0.000000 0.000000
0.000000 0.000000
0.000000 0.000000
0.000000 0.000000
0.000000 0.000000
0.000000 0.000000
0.000000 0.000000
0.000000 0.000000
0.000000 0.000000
0.000000 0.000000
0.000000 0.000000
0.000000 0.000000
0.000000 0.000000
0.000000 0.000000
0.000000 0.000000
0.000000 0.000000
0.000000 0.000000
0.000000 0.000000
0.000000 0.000000
0.000000 0.000000
0.000000 0.000000
0.000000 0.000000
0.000000 0.000000
0.000000 0.000000
0.000000 0.000000
0.000000 0.000000
0.000000 0.000000
0.000000 0.000000
0.000000 0.000000
0.000000 0.000000
0.000000 0.000000
0.000000 0.000000
0.000000 0.000000
0.000000 0.000000
0.000000 0.000000
0.000000 0.000000
0.000000 0.000000
0.000000 0.000000
0.000000 0.000000
0.000000 0.000000
0.000000 0.000000
0.000000 0.000000
0.000000 0.000000
0.000000 0.000000
0.000000 0.000000
0.000000 0.000000
0.000000 0.000000
0.000000 0.000000
0.000000 0.000000
0.000000 0.000000
0.000000 0.000000
0.000000 0.000000
0.000000 0.000000
0.000000 0.000000
0.000000 0.000000
0.000000 0.000000
0.000000 0.000000
0.000000 0.000000
0.000000 0.000000
0.000000 0.000000
0.000000 0.000000
0.000000 0.000000
0.000000 0.000000
0.000000 0.000000
0.000000 0.000000
0.000000 0.000000
0.000000 0.000000
0.000000 0.000000
0.000000 0.000000
0.000000 0.000000
0.000000 0.000000
0.000000 0.000000
0.000000 0.000000
0.000000 0.000000
0.000000 0.000000
0.000000 0.000000
0.000000 0.000000
0.000000 0.000000
0.000000 0.000000
0.000000 0.000000
0.000000 0.000000
0.000000 0.000000
0.000000 0.000000
0.000000 0.000000
0.000000 0.000000
0.000000 0.000000
0.000000 0.000000
0.000000 0.000000
0.000000 0.000000
0.000000 0.000000
0.000000 0.000000
0.000000 0.000000
0.000000 0.000000
0.000000 0.000000
0.000000 0.000000
0.000000 0.000000
0.000000 0.000000
0.000000 0.000000
0.000000 0.000000
0.000000 0.000000
0.000000 0.000000
0.000000 0.000000
0.000000 0.000000
0.000000 0.000000
0.000000 0.000000
0.000000 0.000000
0.000000 0.000000
0.000000 0.000000
0.000000 0.000000
0.000000 0.000000
0.000000 0.000000
0.000000 0.000000
0.000000 0.000000
0.000000 0.000000
0.000000 0.000000
0.000000 0.000000
0.000000 0.000000
0.000000 0.000000
0.000000 0.000000
0.000000 0.000000
0.000000 0.000000
0.000000 0.000000
0.000000 0.000000
0.000000 0.000000
0.000000 0.000000
0.000000 0.000000
0.000000 0.000000
0.000000 0.000000
0.000000 0.000000
0.000000 0.000000
0.000000 0.000000
0.000000 0.000000
0.000000 0.000000
0.000000 0.000000
0.000000 0.000000
0.000000 0.000000
0.000000 0.000000
0.000000 0.000000
0.000000 0.000000
0.000000 0.000000
0.000000 0.000000
0.000000 0.000000
0.000000 0.000000
0.000000 0.000000
0.000000 0.000000
0.000000 0.000000
0.000000 0.000000
0.000000 0.000000
0.000000 0.000000
0.000000 0.000000
0.000000 0.000000
0.000000 0.000000
0.000000 0.000000
0.000000 0.000000
0.000000 0.000000
0.000000 0.000000
0.000000 0.000000
0.000000 0.000000
0.000000 0.000000
0.000000 0.000000
0.000000 0.000000
0.000000 0.000000
0.000000 0.000000
0.000000 0.000000
0.000000 0.000000
0.000000 0.000000
0.000000 0.000000
0.000000 0.000000
0.000000 0.000000
0.000000 0.000000
0.000000 0.000000
0.000000 0.000000
0.000000 0.000000
0.000000 0.000000
0.000000 0.000000
0.000000 0.000000
0.000000 0.000000
0.000000 0.000000
0.000000 0.000000
0.000000 0.000000
0.000000 0.000000
0.000000 0.000000
0.000000 0.000000
0.000000 0.000000
0.000000 0.000000
0.000000 0.000000
0.000000 0.000000
0.000000 0.000000
0.000000 0.000000
0.000000 0.000000
0.000000 0.000000
0.000000 0.000000
0.000000 0.000000
0.000000 0.000000
0.000000 0.000000
0.000000 0.000000
0.000000 0.000000
0.000000 0.000000
0.000000 0.000000
0.000000 0.000000
0.000000 0.000000
0.000000 0.000000
0.000000 0.000000
0.000000 0.000000
0.000000 0.000000
0.000000 0.000000
0.000000 0.000000
0.000000 0.000000
0.000000 0.000000
0.000000 0.000000
0.000000 0.000000
0.000000 0.000000
0.000000 0.000000
0.000000 0.000000
0.000000 0.000000
0.000000 0.000000
0.000000 0.000000
0.000000 0.000000
0.000000 0.000000
0.000000 0.000000
0.000000 0.000000
0.000000 0.000000
0.000000 0.000000
0.000000 0.000000
0.000000 0.000000
0.000000 0.000000
0.000000 0.000000
0.000000 0.000000
0.000000 0.000000
0.000000 0.000000
0.000000 0.000000
0.000000 0.000000
0.000000 0.000000
0.000000 0.000000
0.000000 0.000000
0.000000 0.000000
0.000000 0.000000
0.000000 0.000000
0.000000 0.000000
0.000000 0.000000
0.000000 0.000000
0.000000 0.000000
0.000000 0.000000
0.000000 0.000000
0.000000 0.000000
0.000000 0.000000
0.000000 0.000000
0.000000 0.000000
0.000000 0.000000
0.000000 0.000000
0.000000 0.000000
0.000000 0.000000
0.000000 0.000000
0.000000 0.000000
0.000000 0.000000
0.000000 0.000000
0.000000 0.000000
0.000000 0.000000
0.000000 0.000000
0.000000 0.000000
0.000000 0.000000
0.000000 0.000000
0.000000 0.000000
0.000000 0.000000
0.000000 0.000000
0.000000 0.000000
0.000000 0.000000
0.000000 0.000000
0.000000 0.000000
0.000000 0.000000
0.000000 0.000000
0.000000 0.000000
0.000000 0.000000
0.000000 0.000000
0.000000 0.000000
0.000000 0.000000
0.000000 0.000000
0.000000 0.000000
0.000000 0.000000
0.000000 0.000000
0.000000 0.000000
0.000000 0.000000
0.000000 0.000000
0.000000 0.000000
0.000000 0.000000
0.000000 0.000000
0.000000 0.000000
0.000000 0.000000
0.000000 0.000000
0.000000 0.000000
0.000000 0.000000
0.000000 0.000000
0.000000 0.000000
0.000000 0.000000
0.000000 0.000000
0.000000 0.000000
0.000000 0.000000
0.000000 0.000000
0.000000 0.000000
0.000000 0.000000
0.000000 0.000000
0.000000 0.000000
0.000000 0.000000
0.000000 0.000000
0.000000 0.000000
0.000000 0.000000
0.000000 0.000000
0.000000 0.000000
0.000000 0.000000
0.000000 0.000000
0.000000 0.000000
0.000000 0.000000
0.000000 0.000000
0.000000 0.000000
0.000000 0.000000
0.000000 0.000000
0.000000 0.000000
0.000000 0.000000
0.000000 0.000000
0.000000 0.000000
0.000000 0.000000
0.000000 0.000000
0.000000 0.000000
0.000000 0.000000
0.000000 0.000000
0.000000 0.000000
0.000000 0.000000
0.000000 0.000000
0.000000 0.000000
0.000000 0.000000
0.000000 0.000000
0.000000 0.000000
0.000000 0.000000
0.000000 0.000000
0.000000 0.000000
0.000000 0.000000
0.000000 0.000000
0.000000 0.000000
0.000000 0.000000
0.000000 0.000000
0.000000 0.000000
0.000000 0.000000
0.000000 0.000000
0.000000 0.000000
0.000000 0.000000
0.000000 0.000000
0.000000 0.000000
0.000000 0.000000
0.000000 0.000000
0.000000 0.000000
0.000000 0.000000
0.000000 0.000000
0.000000 0.000000
0.000000 0.000000
0.000000 0.000000
0.000000 0.000000
0.000000 0.000000
0.000000 0.000000
0.000000 0.000000
0.000000 0.000000
0.000000 0.000000
0.000000 0.000000
0.000000 0.000000
0.000000 0.000000
0.000000 0.000000
0.000000 0.000000
0.000000 0.000000
0.000000 0.000000
0.000000 0.000000
0.000000 0.000000
0.000000 0.000000
0.000000 0.000000
0.000000 0.000000
0.000000 0.000000
0.000000 0.000000
0.000000 0.000000
0.000000 0.000000
0.000000 0.000000
0.000000 0.000000
0.000000 0.000000
0.000000 0.000000
0.000000 0.000000
0.000000 0.000000
0.000000 0.000000
0.000000 0.000000
0.000000 0.000000
0.000000 0.000000
0.000000 0.000000
0.000000 0.000000
0.000000 0.000000
0.000000 0.000000
0.000000 0.000000
0.000000 0.000000
0.000000 0.000000
0.000000 0.000000
0.000000 0.000000
0.000000 0.000000
0.000000 0.000000
0.000000 0.000000
0.000000 0.000000
0.000000 0.000000
0.000000 0.000000
0.000000 0.000000
0.000000 0.000000
0.000000 0.000000
0.000000 0.000000
0.000000 0.000000
0.000000 0.000000
0.000000 0.000000
0.000000 0.000000
0.000000 0.000000
0.000000 0.000000
0.000000 0.000000
0.000000 0.000000
0.000000 0.000000
0.000000 0.000000
0.000000 0.000000
0.000000 0.000000
0.000000 0.000000
0.000000 0.000000
0.000000 0.000000
0.000000 0.000000
0.000000 0.000000
0.000000 0.000000
0.000000 0.000000
0.000000 0.000000
0.000000 0.000000
0.000000 0.000000
0.000000 0.000000
0.000000 0.000000
0.000000 0.000000
0.000000 0.000000
0.000000 0.000000
0.000000 0.000000
0.000000 0.000000
0.000000 0.000000
0.000000 0.000000
0.000000 0.000000
0.000000 0.000000
0.000000 0.000000
0.000000 0.000000
0.000000 0.000000
0.000000 0.000000
0.000000 0.000000
0.000000 0.000000
0.000000 0.000000
0.000000 0.000000
0.000000 0.000000
0.000000 0.000000
0.000000 0.000000
0.000000 0.000000
0.000000 0.000000
0.000000 0.000000
0.000000 0.000000
0.000000 0.000000
0.000000 0.000000
0.000000 0.000000
0.000000 0.000000
0.000000 0.000000
0.000000 0.000000
0.000000 0.000000
0.000000 0.000000
0.000000 0.000000
0.000000 0.000000
0.000000 0.000000
0.000000 0.000000
0.000000 0.000000
0.000000 0.000000
0.000000 0.000000
0.000000 0.000000
0.000000 0.000000
0.000000 0.000000
0.000000 0.000000
0.000000 0.000000
0.000000 0.000000
0.000000 0.000000
0.000000 0.000000
0.000000 0.000000
0.000000 0.000000
0.000000 0.000000
0.000000 0.000000
0.000000 0.000000
0.000000 0.000000
0.000000 0.000000
0.000000 0.000000
0.000000 0.000000
0.000000 0.000000
0.000000 0.000000
0.000000 0.000000
0.000000 0.000000
0.000000 0.000000
0.000000 0.000000
0.000000 0.000000
0.000000 0.000000
0.000000 0.000000
0.000000 0.000000
0.000000 0.000000
0.000000 0.000000
0.000000 0.000000
0.000000 0.000000
0.000000 0.000000
0.000000 0.000000
0.000000 0.000000
0.000000 0.000000
0.000000 0.000000
0.000000 0.000000
0.000000 0.000000
0.000000 0.000000
0.000000 0.000000
0.000000 0.000000
0.000000 0.000000
0.000000 0.000000
0.000000 0.000000
0.000000 0.000000
0.000000 0.000000
0.000000 0.000000
0.000000 0.000000
0.000000 0.000000
0.000000 0.000000
0.000000 0.000000
0.000000 0.000000
0.000000 0.000000
0.000000 0.000000
0.000000 0.000000
0.000000 0.000000
0.000000 0.000000
0.000000 0.000000
0.000000 0.000000
0.000000 0.000000
0.000000 0.000000
0.000000 0.000000
0.000000 0.000000
0.000000 0.000000
0.000000 0.000000
0.000000 0.000000
0.000000 0.000000
0.000000 0.000000
0.000000 0.000000
0.000000 0.000000
0.000000 0.000000
0.000000 0.000000
0.000000 0.000000
0.000000 0.000000
0.000000 0.000000
0.000000 0.000000
0.000000 0.000000
0.000000 0.000000
0.000000 0.000000
0.000000 0.000000
0.000000 0.000000
0.000000 0.000000
0.000000 0.000000
0.000000 0.000000
0.000000 0.000000
0.000000 0.000000
0.000000 0.000000
0.000000 0.000000
0.000000 0.000000
0.000000 0.000000
0.000000 0.000000
0.000000 0.000000
0.000000 0.000000
0.000000 0.000000
0.000000 0.000000
0.000000 0.000000
0.000000 0.000000
0.000000 0.000000
0.000000 0.000000
0.000000 0.000000
0.000000 0.000000
0.000000 0.000000
0.000000 0.000000
0.000000 0.000000
0.000000 0.000000
0.000000 0.000000
0.000000 0.000000
0.000000 0.000000
0.000000 0.000000
0.000000 0.000000
0.000000 0.000000
0.000000 0.000000
0.000000 0.000000
0.000000 0.000000
0.000000 0.000000
0.000000 0.000000
0.000000 0.000000
0.000000 0.000000
0.000000 0.000000
0.000000 0.000000
0.000000 0.000000
0.000000 0.000000
0.000000 0.000000
0.000000 0.000000
0.000000 0.000000
0.000000 0.000000
0.000000 0.000000
0.000000 0.000000
0.000000 0.000000
0.000000 0.000000
0.000000 0.000000
0.000000 0.000000
0.000000 0.000000
0.000000 0.000000
0.000000 0.000000
0.000000 0.000000
0.000000 0.000000
0.000000 0.000000
0.000000 0.000000
0.000000 0.000000
0.000000 0.000000
0.000000 0.000000
0.000000 0.000000
0.000000 0.000000
0.000000 0.000000
0.000000 0.000000
0.000000 0.000000
0.000000 0.000000
0.000000 0.000000
0.000000 0.000000
0.000000 0.000000
0.000000 0.000000
0.000000 0.000000
0.000000 0.000000
0.000000 0.000000
0.000000 0.000000
0.000000 0.000000
0.000000 0.000000
0.000000 0.000000
0.000000 0.000000
0.000000 0.000000
0.000000 0.000000
0.000000 0.000000
0.000000 0.000000
0.000000 0.000000
0.000000 0.000000
0.000000 0.000000
0.000000 0.000000
0.000000 0.000000
0.000000 0.000000
0.000000 0.000000
0.000000 0.000000
0.000000 0.000000
0.000000 0.000000
0.000000 0.000000
0.000000 0.000000
0.000000 0.000000
0.000000 0.000000
0.000000 0.000000
0.000000 0.000000
0.000000 0.000000
0.000000 0.000000
0.000000 0.000000
0.000000 0.000000
0.000000 0.000000
0.000000 0.000000
0.000000 0.000000
0.000000 0.000000
0.000000 0.000000
0.000000 0.000000
0.000000 0.000000
0.000000 0.000000
0.000000 0.000000
0.000000 0.000000
0.000000 0.000000
0.000000 0.000000
0.000000 0.000000
0.000000 0.000000
0.000000 0.000000
0.000000 0.000000
0.000000 0.000000
0.000000 0.000000
0.000000 0.000000
0.000000 0.000000
0.000000 0.000000
0.000000 0.000000
0.000000 0.000000
0.000000 0.000000
0.000000 0.000000
0.000000 0.000000
0.000000 0.000000
0.000000 0.000000
0.000000 0.000000
0.000000 0.000000
0.000000 0.000000
0.000000 0.000000
0.000000 0.000000
0.000000 0.000000
0.000000 0.000000
0.000000 0.000000
0.000000 0.000000
0.000000 0.000000
0.000000 0.000000
0.000000 0.000000
0.000000 0.000000
0.000000 0.000000
0.000000 0.000000
0.000000 0.000000
0.000000 0.000000
0.000000 0.000000
0.000000 0.000000
0.000000 0.000000
0.000000 0.000000
0.000000 0.000000
0.000000 0.000000
0.000000 0.000000
0.000000 0.000000
0.000000 0.000000
0.000000 0.000000
0.000000 0.000000
0.000000 0.000000
0.000000 0.000000
0.000000 0.000000
0.000000 0.000000
0.000000 0.000000
0.000000 0.000000
0.000000 0.000000
0.000000 0.000000
0.000000 0.000000
0.000000 0.000000
0.000000 0.000000
0.000000 0.000000
0.000000 0.000000
0.000000 0.000000
0.000000 0.000000
0.000000 0.000000
0.000000 0.000000
0.000000 0.000000
0.000000 0.000000
0.000000 0.000000
0.000000 0.000000
0.000000 0.000000
0.000000 0.000000
0.000000 0.000000
0.000000 0.000000
0.000000 0.000000
0.000000 0.000000
0.000000 0.000000
0.000000 0.000000
0.000000 0.000000
0.000000 0.000000
0.000000 0.000000
0.000000 0.000000
0.000000 0.000000
0.000000 0.000000
0.000000 0.000000
0.000000 0.000000
0.000000 0.000000
0.000000 0.000000
0.000000 0.000000
0.000000 0.000000
0.000000 0.000000
0.000000 0.000000
0.000000 0.000000
0.000000 0.000000
0.000000 0.000000
0.000000 0.000000
0.000000 0.000000
0.000000 0.000000
0.000000 0.000000
0.000000 0.000000
0.000000 0.000000
0.000000 0.000000
0.000000 0.000000
0.000000 0.000000
0.000000 0.000000
0.000000 0.000000
0.000000 0.000000
0.000000 0.000000
0.000000 0.000000
0.000000 0.000000
0.000000 0.000000
0.000000 0.000000
0.000000 0.000000
0.000000 0.000000
0.000000 0.000000
0.000000 0.000000
0.000000 0.000000
0.000000 0.000000
0.000000 0.000000
0.000000 0.000000
0.000000 0.000000
0.000000 0.000000
0.000000 0.000000
0.000000 0.000000
0.000000 0.000000
0.000000 0.000000
0.000000 0.000000
0.000000 0.000000
0.000000 0.000000
0.000000 0.000000
0.000000 0.000000
0.000000 0.000000
0.000000 0.000000
0.000000 0.000000
0.000000 0.000000
0.000000 0.000000
0.000000 0.000000
0.000000 0.000000
0.000000 0.000000
0.000000 0.000000
0.000000 0.000000
0.000000 0.000000
0.000000 0.000000
0.000000 0.000000
0.000000 0.000000
0.000000 0.000000
0.000000 0.000000
0.000000 0.000000
0.000000 0.000000
0.000000 0.000000
0.000000 0.000000
0.000000 0.000000
0.000000 0.000000
0.000000 0.000000
0.000000 0.000000
0.000000 0.000000
0.000000 0.000000
0.000000 0.000000
0.000000 0.000000
0.000000 0.000000
0.000000 0.000000
0.000000 0.000000
0.000000 0.000000
0.000000 0.000000
0.000000 0.000000
0.000000 0.000000
0.000000 0.000000
0.000000 0.000000
0.000000 0.000000
0.000000 0.000000
0.000000 0.000000
0.000000 0.000000
0.000000 0.000000
0.000000 0.000000
0.000000 0.000000
0.000000 0.000000
0.000000 0.000000
0.000000 0.000000
0.000000 0.000000
0.000000 0.000000
0.000000 0.000000
0.000000 0.000000
0.000000 0.000000
0.000000 0.000000
0.000000 0.000000
0.000000 0.000000
0.000000 0.000000
0.000000 0.000000
0.000000 0.000000
0.000000 0.000000
0.000000 0.000000
0.000000 0.000000
0.000000 0.000000
0.000000 0.000000
0.000000 0.000000
0.000000 0.000000
0.000000 0.000000
0.000000 0.000000
0.000000 0.000000
0.000000 0.000000
0.000000 0.000000
0.000000 0.000000
0.000000 0.000000
0.000000 0.000000
0.000000 0.000000
0.000000 0.000000
0.000000 0.000000
0.000000 0.000000
0.000000 0.000000
0.000000 0.000000
0.000000 0.000000
0.000000 0.000000
0.000000 0.000000
0.000000 0.000000
0.000000 0.000000
0.000000 0.000000
0.000000 0.000000
0.000000 0.000000
0.000000 0.000000
0.000000 0.000000
0.000000 0.000000
0.000000 0.000000
0.000000 0.000000
0.000000 0.000000
0.000000 0.000000
0.000000 0.000000
0.000000 0.000000
0.000000 0.000000
0.000000 0.000000
0.000000 0.000000
0.000000 0.000000
0.000000 0.000000
0.000000 0.000000
0.000000 0.000000
0.000000 0.000000
0.000000 0.000000
0.000000 0.000000
0.000000 0.000000
0.000000 0.000000
0.000000 0.000000
0.000000 0.000000
0.000000 0.000000
0.000000 0.000000
0.000000 0.000000
0.000000 0.000000
0.000000 0.000000
0.000000 0.000000
0.000000 0.000000
0.000000 0.000000
0.000000 0.000000
0.000000 0.000000
0.000000 0.000000
0.000000 0.000000
0.000000 0.000000
0.000000 0.000000
0.000000 0.000000
0.000000 0.000000
0.000000 0.000000
0.000000 0.000000
0.000000 0.000000
0.000000 0.000000
0.000000 0.000000
0.000000 0.000000
0.000000 0.000000
0.000000 0.000000
0.000000 0.000000
0.000000 0.000000
0.000000 0.000000
0.000000 0.000000
0.000000 0.000000
0.000000 0.000000
0.000000 0.000000
0.000000 0.000000
0.000000 0.000000
0.000000 0.000000
0.000000 0.000000
0.000000 0.000000
0.000000 0.000000
0.000000 0.000000
0.000000 0.000000
0.000000 0.000000
0.000000 0.000000
0.000000 0.000000
0.000000 0.000000
0.000000 0.000000
0.000000 0.000000
0.000000 0.000000
0.000000 0.000000
0.000000 0.000000
0.000000 0.000000
0.000000 0.000000
0.000000 0.000000
0.000000 0.000000
0.000000 0.000000
0.000000 0.000000
0.000000 0.000000
0.000000 0.000000
0.000000 0.000000
0.000000 0.000000
0.000000 0.000000
0.000000 0.000000
0.000000 0.000000
0.000000 0.000000
0.000000 0.000000
0.000000 0.000000
0.000000 0.000000
0.000000 0.000000
0.000000 0.000000
0.000000 0.000000
0.000000 0.000000
0.000000 0.000000
0.000000 0.000000
0.000000 0.000000
0.000000 0.000000
0.000000 0.000000
0.000000 0.000000
0.000000 0.000000
0.000000 0.000000
0.000000 0.000000
0.000000 0.000000
0.000000 0.000000
0.000000 0.000000
0.000000 0.000000
0.000000 0.000000
0.000000 0.000000
0.000000 0.000000
0.000000 0.000000
0.000000 0.000000
0.000000 0.000000
0.000000 0.000000
0.000000 0.000000
0.000000 0.000000
0.000000 0.000000
0.000000 0.000000
0.000000 0.000000
0.000000 0.000000
0.000000 0.000000
0.000000 0.000000
0.000000 0.000000
0.000000 0.000000
0.000000 0.000000
0.000000 0.000000
0.000000 0.000000
0.000000 0.000000
0.000000 0.000000
0.000000 0.000000
0.000000 0.000000
0.000000 0.000000
0.000000 0.000000
0.000000 0.000000
0.000000 0.000000
0.000000 0.000000
0.000000 0.000000
0.000000 0.000000
0.000000 0.000000
0.000000 0.000000
0.000000 0.000000
0.000000 0.000000
0.000000 0.000000
0.000000 0.000000
0.000000 0.000000
0.000000 0.000000
0.000000 0.000000
0.000000 0.000000
0.000000 0.000000
0.000000 0.000000
0.000000 0.000000
0.000000 0.000000
0.000000 0.000000
0.000000 0.000000
0.000000 0.000000
0.000000 0.000000
0.000000 0.000000
0.000000 0.000000
0.000000 0.000000
0.000000 0.000000
0.000000 0.000000
0.000000 0.000000
0.000000 0.000000
0.000000 0.000000
0.000000 0.000000
0.000000 0.000000
0.000000 0.000000
0.000000 0.000000
0.000000 0.000000
0.000000 0.000000
0.000000 0.000000
0.000000 0.000000
0.000000 0.000000
0.000000 0.000000
0.000000 0.000000
0.000000 0.000000
0.000000 0.000000
0.000000 0.000000
0.000000 0.000000
0.000000 0.000000
0.000000 0.000000
0.000000 0.000000
0.000000 0.000000
0.000000 0.000000
0.000000 0.000000
0.000000 0.000000
0.000000 0.000000
0.000000 0.000000
0.000000 0.000000
0.000000 0.000000
0.000000 0.000000
0.000000 0.000000
0.000000 0.000000
0.000000 0.000000
0.000000 0.000000
0.000000 0.000000
0.000000 0.000000
0.000000 0.000000
0.000000 0.000000
0.000000 0.000000
0.000000 0.000000
0.000000 0.000000
0.000000 0.000000
0.000000 0.000000
0.000000 0.000000
0.000000 0.000000
0.000000 0.000000
0.000000 0.000000
0.000000 0.000000
0.000000 0.000000
0.000000 0.000000
0.000000 0.000000
0.000000 0.000000
0.000000 0.000000
0.000000 0.000000
0.000000 0.000000
0.000000 0.000000
0.000000 0.000000
0.000000 0.000000
0.000000 0.000000
0.000000 0.000000
0.000000 0.000000
0.000000 0.000000
0.000000 0.000000
0.000000 0.000000
0.000000 0.000000
0.000000 0.000000
0.000000 0.000000
0.000000 0.000000
0.000000 0.000000
0.000000 0.000000
0.000000 0.000000
0.000000 0.000000
0.000000 0.000000
0.000000 0.000000
0.000000 0.000000
0.000000 0.000000
0.000000 0.000000
0.000000 0.000000
0.000000 0.000000
0.000000 0.000000
0.000000 0.000000
0.000000 0.000000
0.000000 0.000000
0.000000 0.000000
0.000000 0.000000
0.000000 0.000000
0.000000 0.000000
0.000000 0.000000
0.000000 0.000000
0.000000 0.000000
0.000000 0.000000
0.000000 0.000000
0.000000 0.000000
0.000000 0.000000
0.000000 0.000000
0.000000 0.000000
0.000000 0.000000
0.000000 0.000000
0.000000 0.000000
0.000000 0.000000
0.000000 0.000000
0.000000 0.000000
0.000000 0.000000
0.000000 0.000000
0.000000 0.000000
0.000000 0.000000
0.000000 0.000000
0.000000 0.000000
0.000000 0.000000
0.000000 0.000000
0.000000 0.000000
0.000000 0.000000
0.000000 0.000000
0.000000 0.000000
0.000000 0.000000
0.000000 0.000000
0.000000 0.000000
0.000000 0.000000
0.000000 0.000000
0.000000 0.000000
0.000000 0.000000
0.000000 0.000000
0.000000 0.000000
0.000000 0.000000
0.000000 0.000000
0.000000 0.000000
0.000000 0.000000
0.000000 0.000000
0.000000 0.000000
0.000000 0.000000
0.000000 0.000000
0.000000 0.000000
0.000000 0.000000
0.000000 0.000000
0.000000 0.000000
0.000000 0.000000
0.000000 0.000000
0.000000 0.000000
0.000000 0.000000
0.000000 0.000000
0.000000 0.000000
0.000000 0.000000
0.000000 0.000000
0.000000 0.000000
0.000000 0.000000
0.000000 0.000000
0.000000 0.000000
0.000000 0.000000
0.000000 0.000000
0.000000 0.000000
0.000000 0.000000
0.000000 0.000000
0.000000 0.000000
0.000000 0.000000
0.000000 0.000000
0.000000 0.000000
0.000000 0.000000
0.000000 0.000000
0.000000 0.000000
0.000000 0.000000
0.000000 0.000000
0.000000 0.000000
0.000000 0.000000
0.000000 0.000000
0.000000 0.000000
0.000000 0.000000
0.000000 0.000000
0.000000 0.000000
0.000000 0.000000
0.000000 0.000000
0.000000 0.000000
0.000000 0.000000
0.000000 0.000000
0.000000 0.000000
0.000000 0.000000
0.000000 0.000000
0.000000 0.000000
0.000000 0.000000
0.000000 0.000000
0.000000 0.000000
0.000000 0.000000
0.000000 0.000000
0.000000 0.000000
0.000000 0.000000
0.000000 0.000000
0.000000 0.000000
0.000000 0.000000
0.000000 0.000000
0.000000 0.000000
0.000000 0.000000
0.000000 0.000000
0.000000 0.000000
0.000000 0.000000
0.000000 0.000000
0.000000 0.000000
0.000000 0.000000
0.000000 0.000000
0.000000 0.000000
0.000000 0.000000
0.000000 0.000000
0.000000 0.000000
0.000000 0.000000
0.000000 0.000000
0.000000 0.000000
0.000000 0.000000
0.000000 0.000000
0.000000 0.000000
0.000000 0.000000
0.000000 0.000000
0.000000 0.000000
0.000000 0.000000
0.000000 0.000000
0.000000 0.000000
0.000000 0.000000
0.000000 0.000000
0.000000 0.000000
0.000000 0.000000
0.000000 0.000000
0.000000 0.000000
0.000000 0.000000
0.000000 0.000000
0.000000 0.000000
0.000000 0.000000
0.000000 0.000000
0.000000 0.000000
0.000000 0.000000
0.000000 0.000000
0.000000 0.000000
0.000000 0.000000
0.000000 0.000000
0.000000 0.000000
0.000000 0.000000
0.000000 0.000000
0.000000 0.000000
0.000000 0.000000
0.000000 0.000000
0.000000 0.000000
0.000000 0.000000
0.000000 0.000000
0.000000 0.000000
0.000000 0.000000
0.000000 0.000000
0.000000 0.000000
0.000000 0.000000
0.000000 0.000000
0.000000 0.000000
0.000000 0.000000
0.000000 0.000000
0.000000 0.000000
0.000000 0.000000
0.000000 0.000000
0.000000 0.000000
0.000000 0.000000
0.000000 0.000000
0.000000 0.000000
0.000000 0.000000
0.000000 0.000000
0.000000 0.000000
0.000000 0.000000
0.000000 0.000000
0.000000 0.000000
0.000000 0.000000
0.000000 0.000000
0.000000 0.000000
0.000000 0.000000
0.000000 0.000000
0.000000 0.000000
0.000000 0.000000
0.000000 0.000000
0.000000 0.000000
0.000000 0.000000
0.000000 0.000000
0.000000 0.000000
0.000000 0.000000
0.000000 0.000000
0.000000 0.000000
0.000000 0.000000
0.000000 0.000000
0.000000 0.000000
0.000000 0.000000
0.000000 0.000000
0.000000 0.000000
0.000000 0.000000
0.000000 0.000000
0.000000 0.000000
0.000000 0.000000
0.000000 0.000000
0.000000 0.000000
0.000000 0.000000
0.000000 0.000000
0.000000 0.000000
0.000000 0.000000
0.000000 0.000000
0.000000 0.000000
0.000000 0.000000
0.000000 0.000000
0.000000 0.000000
0.000000 0.000000
0.000000 0.000000
0.000000 0.000000
0.000000 0.000000
0.000000 0.000000
0.000000 0.000000
0.000000 0.000000
0.000000 0.000000
0.000000 0.000000
0.000000 0.000000
0.000000 0.000000
0.000000 0.000000
0.000000 0.000000
0.000000 0.000000
0.000000 0.000000
0.000000 0.000000
0.000000 0.000000
0.000000 0.000000
0.000000 0.000000
0.000000 0.000000
0.000000 0.000000
0.000000 0.000000
0.000000 0.000000
0.000000 0.000000
0.000000 0.000000
0.000000 0.000000
0.000000 0.000000
0.000000 0.000000
0.000000 0.000000
0.000000 0.000000
0.000000 0.000000
0.000000 0.000000
0.000000 0.000000
0.000000 0.000000
0.000000 0.000000
0.000000 0.000000
0.000000 0.000000
0.000000 0.000000
0.000000 0.000000
0.000000 0.000000
0.000000 0.000000
0.000000 0.000000
0.000000 0.000000
0.000000 0.000000
0.000000 0.000000
0.000000 0.000000
0.000000 0.000000
0.000000 0.000000
0.000000 0.000000
0.000000 0.000000
0.000000 0.000000
0.000000 0.000000
0.000000 0.000000
0.000000 0.000000
0.000000 0.000000
0.000000 0.000000
0.000000 0.000000
0.000000 0.000000
0.000000 0.000000
0.000000 0.000000
0.000000 0.000000
0.000000 0.000000
0.000000 0.000000
0.000000 0.000000
0.000000 0.000000
0.000000 0.000000
0.000000 0.000000
0.000000 0.000000
0.000000 0.000000
0.000000 0.000000
0.000000 0.000000
0.000000 0.000000
0.000000 0.000000
0.000000 0.000000
0.000000 0.000000
0.000000 0.000000
0.000000 0.000000
0.000000 0.000000
0.000000 0.000000
0.000000 0.000000
0.000000 0.000000
0.000000 0.000000
0.000000 0.000000
0.000000 0.000000
0.000000 0.000000
0.000000 0.000000
0.000000 0.000000
0.000000 0.000000
0.000000 0.000000
0.000000 0.000000
0.000000 0.000000
0.000000 0.000000
0.000000 0.000000
0.000000 0.000000
0.000000 0.000000
0.000000 0.000000
0.000000 0.000000
0.000000 0.000000
0.000000 0.000000
0.000000 0.000000
0.000000 0.000000
0.000000 0.000000
0.000000 0.000000
0.000000 0.000000
0.000000 0.000000
0.000000 0.000000
0.000000 0.000000
0.000000 0.000000
0.000000 0.000000
0.000000 0.000000
0.000000 0.000000
0.000000 0.000000
0.000000 0.000000
0.000000 0.000000
0.000000 0.000000
0.000000 0.000000
0.000000 0.000000
0.000000 0.000000
0.000000 0.000000
0.000000 0.000000
0.000000 0.000000
0.000000 0.000000
0.000000 0.000000
0.000000 0.000000
0.000000 0.000000
0.000000 0.000000
0.000000 0.000000
0.000000 0.000000
0.000000 0.000000
0.000000 0.000000
0.000000 0.000000
0.000000 0.000000
0.000000 0.000000
0.000000 0.000000
0.000000 0.000000
0.000000 0.000000
0.000000 0.000000
0.000000 0.000000
0.000000 0.000000
0.000000 0.000000
0.000000 0.000000
0.000000 0.000000
0.000000 0.000000
0.000000 0.000000
0.000000 0.000000
0.000000 0.000000
0.000000 0.000000
0.000000 0.000000
0.000000 0.000000
0.000000 0.000000
0.000000 0.000000
0.000000 0.000000
0.000000 0.000000
0.000000 0.000000
0.000000 0.000000
0.000000 0.000000
0.000000 0.000000
0.000000 0.000000
0.000000 0.000000
0.000000 0.000000
0.000000 0.000000
0.000000 0.000000
0.000000 0.000000
0.000000 0.000000
0.000000 0.000000
0.000000 0.000000
0.000000 0.000000
0.000000 0.000000
0.000000 0.000000
0.000000 0.000000
0.000000 0.000000
0.000000 0.000000
0.000000 0.000000
0.000000 0.000000
0.000000 0.000000
0.000000 0.000000
0.000000 0.000000
0.000000 0.000000
0.000000 0.000000
0.000000 0.000000
0.000000 0.000000
0.000000 0.000000
0.000000 0.000000
0.000000 0.000000
0.000000 0.000000
0.000000 0.000000
0.000000 0.000000
0.000000 0.000000
0.000000 0.000000
0.000000 0.000000
0.000000 0.000000
0.000000 0.000000
0.000000 0.000000
0.000000 0.000000
0.000000 0.000000
0.000000 0.000000
0.000000 0.000000
0.000000 0.000000
0.000000 0.000000
0.000000 0.000000
0.000000 0.000000
0.000000 0.000000
0.000000 0.000000
0.000000 0.000000
0.000000 0.000000
0.000000 0.000000
0.000000 0.000000
0.000000 0.000000
0.000000 0.000000
0.000000 0.000000
0.000000 0.000000
0.000000 0.000000
0.000000 0.000000
0.000000 0.000000
0.000000 0.000000
0.000000 0.000000
0.000000 0.000000
0.000000 0.000000
0.000000 0.000000
0.000000 0.000000
0.000000 0.000000
0.000000 0.000000
0.000000 0.000000
0.000000 0.000000
0.000000 0.000000
0.000000 0.000000
0.000000 0.000000
0.000000 0.000000
0.000000 0.000000
0.000000 0.000000
0.000000 0.000000
0.000000 0.000000
0.000000 0.000000
0.000000 0.000000
0.000000 0.000000
0.000000 0.000000
0.000000 0.000000
0.000000 0.000000
0.000000 0.000000
0.000000 0.000000
0.000000 0.000000
0.000000 0.000000
0.000000 0.000000
0.000000 0.000000
0.000000 0.000000
0.000000 0.000000
0.000000 0.000000
0.000000 0.000000
0.000000 0.000000
0.000000 0.000000
0.000000 0.000000
0.000000 0.000000
0.000000 0.000000
0.000000 0.000000
0.000000 0.000000
0.000000 0.000000
0.000000 0.000000
0.000000 0.000000
0.000000 0.000000
0.000000 0.000000
0.000000 0.000000
0.000000 0.000000
0.000000 0.000000
0.000000 0.000000
0.000000 0.000000
0.000000 0.000000
0.000000 0.000000
0.000000 0.000000
0.000000 0.000000
0.000000 0.000000
0.000000 0.000000
0.000000 0.000000
0.000000 0.000000
0.000000 0.000000
0.000000 0.000000
0.000000 0.000000
0.000000 0.000000
0.000000 0.000000
0.000000 0.000000
0.000000 0.000000
0.000000 0.000000
0.000000 0.000000
0.000000 0.000000
0.000000 0.000000
0.000000 0.000000
0.000000 0.000000
0.000000 0.000000
0.000000 0.000000
0.000000 0.000000
0.000000 0.000000
0.000000 0.000000
0.000000 0.000000
0.000000 0.000000
0.000000 0.000000
0.000000 0.000000
0.000000 0.000000
0.000000 0.000000
0.000000 0.000000
0.000000 0.000000
0.000000 0.000000
0.000000 0.000000
0.000000 0.000000
0.000000 0.000000
0.000000 0.000000
0.000000 0.000000
0.000000 0.000000
0.000000 0.000000
0.000000 0.000000
0.000000 0.000000
0.000000 0.000000
0.000000 0.000000
0.000000 0.000000
0.000000 0.000000
0.000000 0.000000
0.000000 0.000000
0.000000 0.000000
0.000000 0.000000
0.000000 0.000000
0.000000 0.000000
0.000000 0.000000
0.000000 0.000000
0.000000 0.000000
0.000000 0.000000
0.000000 0.000000
0.000000 0.000000
0.000000 0.000000
0.000000 0.000000
0.000000 0.000000
0.000000 0.000000
0.000000 0.000000
0.000000 0.000000
0.000000 0.000000
0.000000 0.000000
0.000000 0.000000
0.000000 0.000000
0.000000 0.000000
0.000000 0.000000
0.000000 0.000000
0.000000 0.000000
0.000000 0.000000
0.000000 0.000000
0.000000 0.000000
0.000000 0.000000
0.000000 0.000000
0.000000 0.000000
0.000000 0.000000
0.000000 0.000000
0.000000 0.000000
0.000000 0.000000
0.000000 0.000000
0.000000 0.000000
0.000000 0.000000
0.000000 0.000000
0.000000 0.000000
0.000000 0.000000
0.000000 0.000000
0.000000 0.000000
0.000000 0.000000
0.000000 0.000000
0.000000 0.000000
0.000000 0.000000
0.000000 0.000000
0.000000 0.000000
0.000000 0.000000
0.000000 0.000000
0.000000 0.000000
0.000000 0.000000
0.000000 0.000000
0.000000 0.000000
0.000000 0.000000
0.000000 0.000000
0.000000 0.000000
0.000000 0.000000
0.000000 0.000000
0.000000 0.000000
0.000000 0.000000
0.000000 0.000000
0.000000 0.000000
0.000000 0.000000
0.000000 0.000000
0.000000 0.000000
0.000000 0.000000
0.000000 0.000000
0.000000 0.000000
0.000000 0.000000
0.000000 0.000000
0.000000 0.000000
0.000000 0.000000
0.000000 0.000000
0.000000 0.000000
0.000000 0.000000
0.000000 0.000000
0.000000 0.000000
0.000000 0.000000
0.000000 0.000000
0.000000 0.000000
0.000000 0.000000
0.000000 0.000000
0.000000 0.000000
0.000000 0.000000
0.000000 0.000000
0.000000 0.000000
0.000000 0.000000
0.000000 0.000000
0.000000 0.000000
0.000000 0.000000
0.000000 0.000000
0.000000 0.000000
0.000000 0.000000
0.000000 0.000000
0.000000 0.000000
0.000000 0.000000
0.000000 0.000000
0.000000 0.000000
0.000000 0.000000
0.000000 0.000000
0.000000 0.000000
0.000000 0.000000
0.000000 0.000000
0.000000 0.000000
0.000000 0.000000
0.000000 0.000000
0.000000 0.000000
0.000000 0.000000
0.000000 0.000000
0.000000 0.000000
0.000000 0.000000
0.000000 0.000000
0.000000 0.000000
0.000000 0.000000
0.000000 0.000000
0.000000 0.000000
0.000000 0.000000
0.000000 0.000000
0.000000 0.000000
0.000000 0.000000
0.000000 0.000000
0.000000 0.000000
0.000000 0.000000
0.000000 0.000000
0.000000 0.000000
0.000000 0.000000
0.000000 0.000000
0.000000 0.000000
0.000000 0.000000
0.000000 0.000000
0.000000 0.000000
0.000000 0.000000
0.000000 0.000000
0.000000 0.000000
0.000000 0.000000
0.000000 0.000000
0.000000 0.000000
0.000000 0.000000
0.000000 0.000000
0.000000 0.000000
0.000000 0.000000
0.000000 0.000000
0.000000 0.000000
0.000000 0.000000
0.000000 0.000000
0.000000 0.000000
0.000000 0.000000
0.000000 0.000000
0.000000 0.000000
0.000000 0.000000
0.000000 0.000000
0.000000 0.000000
0.000000 0.000000
0.000000 0.000000
0.000000 0.000000
0.000000 0.000000
0.000000 0.000000
0.000000 0.000000
0.000000 0.000000
0.000000 0.000000
0.000000 0.000000
0.000000 0.000000
0.000000 0.000000
0.000000 0.000000
0.000000 0.000000
0.000000 0.000000
0.000000 0.000000
0.000000 0.000000
0.000000 0.000000
0.000000 0.000000
0.000000 0.000000
0.000000 0.000000
0.000000 0.000000
0.000000 0.000000
0.000000 0.000000
0.000000 0.000000
0.000000 0.000000
0.000000 0.000000
0.000000 0.000000
0.000000 0.000000
0.000000 0.000000
0.000000 0.000000
0.000000 0.000000
0.000000 0.000000
0.000000 0.000000
0.000000 0.000000
0.000000 0.000000
0.000000 0.000000
0.000000 0.000000
0.000000 0.000000
0.000000 0.000000
0.000000 0.000000
0.000000 0.000000
0.000000 0.000000
0.000000 0.000000
0.000000 0.000000
0.000000 0.000000
0.000000 0.000000
0.000000 0.000000
0.000000 0.000000
0.000000 0.000000
0.000000 0.000000
0.000000 0.000000
0.000000 0.000000
0.000000 0.000000
0.000000 0.000000
0.000000 0.000000
0.000000 0.000000
0.000000 0.000000
0.000000 0.000000
0.000000 0.000000
0.000000 0.000000
0.000000 0.000000
0.000000 0.000000
0.000000 0.000000
0.000000 0.000000
0.000000 0.000000
0.000000 0.000000
0.000000 0.000000
0.000000 0.000000
0.000000 0.000000
0.000000 0.000000
0.000000 0.000000
0.000000 0.000000
0.000000 0.000000
0.000000 0.000000
0.000000 0.000000
0.000000 0.000000
0.000000 0.000000
0.000000 0.000000
0.000000 0.000000
0.000000 0.000000
0.000000 0.000000
0.000000 0.000000
0.000000 0.000000
0.000000 0.000000
0.000000 0.000000
0.000000 0.000000
0.000000 0.000000
0.000000 0.000000
0.000000 0.000000
0.000000 0.000000
0.000000 0.000000
0.000000 0.000000
0.000000 0.000000
0.000000 0.000000
0.000000 0.000000
0.000000 0.000000
0.000000 0.000000
0.000000 0.000000
0.000000 0.000000
0.000000 0.000000
0.000000 0.000000
0.000000 0.000000
0.000000 0.000000
0.000000 0.000000
0.000000 0.000000
0.000000 0.000000
0.000000 0.000000
0.000000 0.000000
0.000000 0.000000
0.000000 0.000000
0.000000 0.000000
0.000000 0.000000
0.000000 0.000000
0.000000 0.000000
0.000000 0.000000
0.000000 0.000000
0.000000 0.000000
0.000000 0.000000
0.000000 0.000000
0.000000 0.000000
0.000000 0.000000
0.000000 0.000000
0.000000 0.000000
0.000000 0.000000
0.000000 0.000000
0.000000 0.000000
0.000000 0.000000
0.000000 0.000000
0.000000 0.000000
0.000000 0.000000
0.000000 0.000000
0.000000 0.000000
0.000000 0.000000
0.000000 0.000000
0.000000 0.000000
0.000000 0.000000
0.000000 0.000000
0.000000 0.000000
0.000000 0.000000
0.000000 0.000000
0.000000 0.000000
0.000000 0.000000
0.000000 0.000000
0.000000 0.000000
0.000000 0.000000
0.000000 0.000000
0.000000 0.000000
0.000000 0.000000
0.000000 0.000000
0.000000 0.000000
0.000000 0.000000
0.000000 0.000000
0.000000 0.000000
0.000000 0.000000
0.000000 0.000000
0.000000 0.000000
0.000000 0.000000
0.000000 0.000000
0.000000 0.000000
0.000000 0.000000
0.000000 0.000000
0.000000 0.000000
0.000000 0.000000
0.000000 0.000000
0.000000 0.000000
0.000000 0.000000
0.000000 0.000000
0.000000 0.000000
0.000000 0.000000
0.000000 0.000000
0.000000 0.000000
0.000000 0.000000
0.000000 0.000000
0.000000 0.000000
0.000000 0.000000
0.000000 0.000000
0.000000 0.000000
0.000000 0.000000
0.000000 0.000000
0.000000 0.000000
0.000000 0.000000
0.000000 0.000000
0.000000 0.000000
0.000000 0.000000
0.000000 0.000000
0.000000 0.000000
0.000000 0.000000
0.000000 0.000000
0.000000 0.000000
0.000000 0.000000
0.000000 0.000000
0.000000 0.000000
0.000000 0.000000
0.000000 0.000000
0.000000 0.000000
0.000000 0.000000
0.000000 0.000000
0.000000 0.000000
0.000000 0.000000
0.000000 0.000000
0.000000 0.000000
0.000000 0.000000
0.000000 0.000000
0.000000 0.000000
0.000000 0.000000
0.000000 0.000000
0.000000 0.000000
0.000000 0.000000
0.000000 0.000000
0.000000 0.000000
0.000000 0.000000
0.000000 0.000000
0.000000 0.000000
0.000000 0.000000
0.000000 0.000000
0.000000 0.000000
0.000000 0.000000
0.000000 0.000000
0.000000 0.000000
0.000000 0.000000
0.000000 0.000000
0.000000 0.000000
0.000000 0.000000
0.000000 0.000000
0.000000 0.000000
0.000000 0.000000
0.000000 0.000000
0.000000 0.000000
0.000000 0.000000
0.000000 0.000000
0.000000 0.000000
0.000000 0.000000
0.000000 0.000000
0.000000 0.000000
0.000000 0.000000
0.000000 0.000000
0.000000 0.000000
0.000000 0.000000
0.000000 0.000000
0.000000 0.000000
0.000000 0.000000
0.000000 0.000000
0.000000 0.000000
0.000000 0.000000
0.000000 0.000000
0.000000 0.000000
0.000000 0.000000
0.000000 0.000000
0.000000 0.000000
0.000000 0.000000
0.000000 0.000000
0.000000 0.000000
0.000000 0.000000
0.000000 0.000000
0.000000 0.000000
0.000000 0.000000
0.000000 0.000000
0.000000 0.000000
0.000000 0.000000
0.000000 0.000000
0.000000 0.000000
0.000000 0.000000
0.000000 0.000000
0.000000 0.000000
0.000000 0.000000
0.000000 0.000000
0.000000 0.000000
0.000000 0.000000
0.000000 0.000000
0.000000 0.000000
0.000000 0.000000
0.000000 0.000000
0.000000 0.000000
0.000000 0.000000
0.000000 0.000000
0.000000 0.000000
0.000000 0.000000
0.000000 0.000000
0.000000 0.000000
0.000000 0.000000
0.000000 0.000000
0.000000 0.000000
0.000000 0.000000
0.000000 0.000000
0.000000 0.000000
0.000000 0.000000
0.000000 0.000000
0.000000 0.000000
0.000000 0.000000
0.000000 0.000000
0.000000 0.000000
0.000000 0.000000
0.000000 0.000000
0.000000 0.000000
0.000000 0.000000
0.000000 0.000000
0.000000 0.000000
0.000000 0.000000
0.000000 0.000000
0.000000 0.000000
0.000000 0.000000
0.000000 0.000000
0.000000 0.000000
0.000000 0.000000
0.000000 0.000000
0.000000 0.000000
0.000000 0.000000
0.000000 0.000000
0.000000 0.000000
0.000000 0.000000
0.000000 0.000000
0.000000 0.000000
0.000000 0.000000
0.000000 0.000000
0.000000 0.000000
0.000000 0.000000
0.000000 0.000000
0.000000 0.000000
0.000000 0.000000
0.000000 0.000000
0.000000 0.000000
0.000000 0.000000
0.000000 0.000000
0.000000 0.000000
0.000000 0.000000
0.000000 0.000000
0.000000 0.000000
0.000000 0.000000
0.000000 0.000000
0.000000 0.000000
0.000000 0.000000
0.000000 0.000000
0.000000 0.000000
0.000000 0.000000
0.000000 0.000000
0.000000 0.000000
0.000000 0.000000
0.000000 0.000000
0.000000 0.000000
0.000000 0.000000
0.000000 0.000000
0.000000 0.000000
0.000000 0.000000
0.000000 0.000000
0.000000 0.000000
0.000000 0.000000
0.000000 0.000000
0.000000 0.000000
0.000000 0.000000
0.000000 0.000000
0.000000 0.000000
0.000000 0.000000
0.000000 0.000000
0.000000 0.000000
0.000000 0.000000
0.000000 0.000000
0.000000 0.000000
0.000000 0.000000
0.000000 0.000000
0.000000 0.000000
0.000000 0.000000
0.000000 0.000000
0.000000 0.000000
0.000000 0.000000
0.000000 0.000000
0.000000 0.000000
0.000000 0.000000
0.000000 0.000000
0.000000 0.000000
0.000000 0.000000
0.000000 0.000000
0.000000 0.000000
0.000000 0.000000
0.000000 0.000000
0.000000 0.000000
0.000000 0.000000
0.000000 0.000000
0.000000 0.000000
0.000000 0.000000
0.000000 0.000000
0.000000 0.000000
0.000000 0.000000
0.000000 0.000000
0.000000 0.000000
0.000000 0.000000
0.000000 0.000000
0.000000 0.000000
0.000000 0.000000
0.000000 0.000000
0.000000 0.000000
0.000000 0.000000
0.000000 0.000000
0.000000 0.000000
0.000000 0.000000
0.000000 0.000000
0.000000 0.000000
0.000000 0.000000
0.000000 0.000000
0.000000 0.000000
0.000000 0.000000
0.000000 0.000000
0.000000 0.000000
0.000000 0.000000
0.000000 0.000000
0.000000 0.000000
0.000000 0.000000
0.000000 0.000000
0.000000 0.000000
0.000000 0.000000
0.000000 0.000000
0.000000 0.000000
0.000000 0.000000
0.000000 0.000000
0.000000 0.000000
0.000000 0.000000
0.000000 0.000000
0.000000 0.000000
0.000000 0.000000
0.000000 0.000000
0.000000 0.000000
0.000000 0.000000
0.000000 0.000000
0.000000 0.000000
0.000000 0.000000
0.000000 0.000000
0.000000 0.000000
0.000000 0.000000
0.000000 0.000000
0.000000 0.000000
0.000000 0.000000
0.000000 0.000000
0.000000 0.000000
0.000000 0.000000
0.000000 0.000000
0.000000 0.000000
0.000000 0.000000
0.000000 0.000000
0.000000 0.000000
0.000000 0.000000
0.000000 0.000000
0.000000 0.000000
0.000000 0.000000
0.000000 0.000000
0.000000 0.000000
0.000000 0.000000
0.000000 0.000000
0.000000 0.000000
0.000000 0.000000
0.000000 0.000000
0.000000 0.000000
0.000000 0.000000
0.000000 0.000000
0.000000 0.000000
0.000000 0.000000
0.000000 0.000000
0.000000 0.000000
0.000000 0.000000
0.000000 0.000000
0.000000 0.000000
0.000000 0.000000
0.000000 0.000000
0.000000 0.000000
0.000000 0.000000
0.000000 0.000000
0.000000 0.000000
0.000000 0.000000
0.000000 0.000000
0.000000 0.000000
0.000000 0.000000
0.000000 0.000000
0.000000 0.000000
0.000000 0.000000
0.000000 0.000000
0.000000 0.000000
0.000000 0.000000
0.000000 0.000000
0.000000 0.000000
0.000000 0.000000
0.000000 0.000000
0.000000 0.000000
0.000000 0.000000
0.000000 0.000000
0.000000 0.000000
0.000000 0.000000
0.000000 0.000000
0.000000 0.000000
0.000000 0.000000
0.000000 0.000000
0.000000 0.000000
0.000000 0.000000
0.000000 0.000000
0.000000 0.000000
0.000000 0.000000
0.000000 0.000000
0.000000 0.000000
0.000000 0.000000
0.000000 0.000000
0.000000 0.000000
0.000000 0.000000
0.000000 0.000000
0.000000 0.000000
0.000000 0.000000
0.000000 0.000000
0.000000 0.000000
0.000000 0.000000
0.000000 0.000000
0.000000 0.000000
0.000000 0.000000
0.000000 0.000000
0.000000 0.000000
0.000000 0.000000
0.000000 0.000000
0.000000 0.000000
0.000000 0.000000
0.000000 0.000000
0.000000 0.000000
0.000000 0.000000
0.000000 0.000000
0.000000 0.000000
0.000000 0.000000
0.000000 0.000000
0.000000 0.000000
0.000000 0.000000
0.000000 0.000000
0.000000 0.000000
0.000000 0.000000
0.000000 0.000000
0.000000 0.000000
0.000000 0.000000
0.000000 0.000000
0.000000 0.000000
0.000000 0.000000
0.000000 0.000000
0.000000 0.000000
0.000000 0.000000
0.000000 0.000000
0.000000 0.000000
0.000000 0.000000
0.000000 0.000000
0.000000 0.000000
0.000000 0.000000
0.000000 0.000000
0.000000 0.000000
0.000000 0.000000
0.000000 0.000000
0.000000 0.000000
0.000000 0.000000
0.000000 0.000000
0.000000 0.000000
0.000000 0.000000
0.000000 0.000000
0.000000 0.000000
0.000000 0.000000
0.000000 0.000000
0.000000 0.000000
0.000000 0.000000
0.000000 0.000000
0.000000 0.000000
0.000000 0.000000
0.000000 0.000000
0.000000 0.000000
0.000000 0.000000
0.000000 0.000000
0.000000 0.000000
0.000000 0.000000
0.000000 0.000000
0.000000 0.000000
0.000000 0.000000
0.000000 0.000000
0.000000 0.000000
0.000000 0.000000
0.000000 0.000000
0.000000 0.000000
0.000000 0.000000
0.000000 0.000000
0.000000 0.000000
0.000000 0.000000
0.000000 0.000000
0.000000 0.000000
0.000000 0.000000
0.000000 0.000000
0.000000 0.000000
0.000000 0.000000
0.000000 0.000000
0.000000 0.000000
0.000000 0.000000
0.000000 0.000000
0.000000 0.000000
0.000000 0.000000
0.000000 0.000000
0.000000 0.000000
0.000000 0.000000
0.000000 0.000000
0.000000 0.000000
0.000000 0.000000
0.000000 0.000000
0.000000 0.000000
0.000000 0.000000
0.000000 0.000000
0.000000 0.000000
0.000000 0.000000
0.000000 0.000000
0.000000 0.000000
0.000000 0.000000
0.000000 0.000000
0.000000 0.000000
0.000000 0.000000
0.000000 0.000000
0.000000 0.000000
0.000000 0.000000
0.000000 0.000000
0.000000 0.000000
0.000000 0.000000
0.000000 0.000000
0.000000 0.000000
0.000000 0.000000
0.000000 0.000000
0.000000 0.000000
0.000000 0.000000
0.000000 0.000000
0.000000 0.000000
0.000000 0.000000
0.000000 0.000000
0.000000 0.000000
0.000000 0.000000
0.000000 0.000000
0.000000 0.000000
0.000000 0.000000
0.000000 0.000000
0.000000 0.000000
0.000000 0.000000
0.000000 0.000000
0.000000 0.000000
0.000000 0.000000
0.000000 0.000000
0.000000 0.000000
0.000000 0.000000
0.000000 0.000000
0.000000 0.000000
0.000000 0.000000
0.000000 0.000000
0.000000 0.000000
0.000000 0.000000
0.000000 0.000000
0.000000 0.000000
0.000000 0.000000
0.000000 0.000000
0.000000 0.000000
0.000000 0.000000
0.000000 0.000000
0.000000 0.000000
0.000000 0.000000
0.000000 0.000000
0.000000 0.000000
0.000000 0.000000
0.000000 0.000000
0.000000 0.000000
0.000000 0.000000
0.000000 0.000000
0.000000 0.000000
0.000000 0.000000
0.000000 0.000000
0.000000 0.000000
0.000000 0.000000
0.000000 0.000000
0.000000 0.000000
0.000000 0.000000
0.000000 0.000000
0.000000 0.000000
0.000000 0.000000
0.000000 0.000000
0.000000 0.000000
0.000000 0.000000
0.000000 0.000000
0.000000 0.000000
0.000000 0.000000
0.000000 0.000000
0.000000 0.000000
0.000000 0.000000
0.000000 0.000000
0.000000 0.000000
0.000000 0.000000
0.000000 0.000000
0.000000 0.000000
0.000000 0.000000
0.000000 0.000000
0.000000 0.000000
0.000000 0.000000
0.000000 0.000000
0.000000 0.000000
0.000000 0.000000
0.000000 0.000000
0.000000 0.000000
0.000000 0.000000
0.000000 0.000000
0.000000 0.000000
0.000000 0.000000
0.000000 0.000000
0.000000 0.000000
0.000000 0.000000
0.000000 0.000000
0.000000 0.000000
0.000000 0.000000
0.000000 0.000000
0.000000 0.000000
0.000000 0.000000
0.000000 0.000000
0.000000 0.000000
0.000000 0.000000
0.000000 0.000000
0.000000 0.000000
0.000000 0.000000
0.000000 0.000000
0.000000 0.000000
0.000000 0.000000
0.000000 0.000000
0.000000 0.000000
0.000000 0.000000
0.000000 0.000000
0.000000 0.000000
0.000000 0.000000
0.000000 0.000000
0.000000 0.000000
0.000000 0.000000
0.000000 0.000000
0.000000 0.000000
0.000000 0.000000
0.000000 0.000000
0.000000 0.000000
0.000000 0.000000
0.000000 0.000000
0.000000 0.000000
0.000000 0.000000
0.000000 0.000000
0.000000 0.000000
0.000000 0.000000
0.000000 0.000000
0.000000 0.000000
0.000000 0.000000
0.000000 0.000000
0.000000 0.000000
0.000000 0.000000
0.000000 0.000000
0.000000 0.000000
0.000000 0.000000
0.000000 0.000000
0.000000 0.000000
0.000000 0.000000
0.000000 0.000000
0.000000 0.000000
0.000000 0.000000
0.000000 0.000000
0.000000 0.000000
0.000000 0.000000
0.000000 0.000000
0.000000 0.000000
0.000000 0.000000
0.000000 0.000000
0.000000 0.000000
0.000000 0.000000
0.000000 0.000000
0.000000 0.000000
0.000000 0.000000
0.000000 0.000000
0.000000 0.000000
0.000000 0.000000
0.000000 0.000000
0.000000 0.000000
0.000000 0.000000
0.000000 0.000000
0.000000 0.000000
0.000000 0.000000
0.000000 0.000000
0.000000 0.000000
0.000000 0.000000
0.000000 0.000000
0.000000 0.000000
0.000000 0.000000
0.000000 0.000000
0.000000 0.000000
0.000000 0.000000
0.000000 0.000000
0.000000 0.000000
0.000000 0.000000
0.000000 0.000000
0.000000 0.000000
0.000000 0.000000
0.000000 0.000000
0.000000 0.000000
0.000000 0.000000
0.000000 0.000000
0.000000 0.000000
0.000000 0.000000
0.000000 0.000000
0.000000 0.000000
0.000000 0.000000
0.000000 0.000000
0.000000 0.000000
0.000000 0.000000
0.000000 0.000000
0.000000 0.000000
0.000000 0.000000
0.000000 0.000000
0.000000 0.000000
0.000000 0.000000
0.000000 0.000000
0.000000 0.000000
0.000000 0.000000
0.000000 0.000000
0.000000 0.000000
0.000000 0.000000
0.000000 0.000000
0.000000 0.000000
0.000000 0.000000
0.000000 0.000000
0.000000 0.000000
0.000000 0.000000
0.000000 0.000000
0.000000 0.000000
0.000000 0.000000
0.000000 0.000000
0.000000 0.000000
0.000000 0.000000
0.000000 0.000000
0.000000 0.000000
0.000000 0.000000
0.000000 0.000000
0.000000 0.000000
0.000000 0.000000
0.000000 0.000000
0.000000 0.000000
0.000000 0.000000
0.000000 0.000000
0.000000 0.000000
0.000000 0.000000
0.000000 0.000000
0.000000 0.000000
0.000000 0.000000
0.000000 0.000000
0.000000 0.000000
0.000000 0.000000
0.000000 0.000000
0.000000 0.000000
0.000000 0.000000
0.000000 0.000000
0.000000 0.000000
0.000000 0.000000
0.000000 0.000000
0.000000 0.000000
0.000000 0.000000
0.000000 0.000000
0.000000 0.000000
0.000000 0.000000
0.000000 0.000000
0.000000 0.000000
0.000000 0.000000
0.000000 0.000000
0.000000 0.000000
0.000000 0.000000
0.000000 0.000000
0.000000 0.000000
0.000000 0.000000
0.000000 0.000000
0.000000 0.000000
0.000000 0.000000
0.000000 0.000000
0.000000 0.000000
0.000000 0.000000
0.000000 0.000000
0.000000 0.000000
0.000000 0.000000
0.000000 0.000000
0.000000 0.000000
0.000000 0.000000
0.000000 0.000000
0.000000 0.000000
0.000000 0.000000
0.000000 0.000000
0.000000 0.000000
0.000000 0.000000
0.000000 0.000000
0.000000 0.000000
0.000000 0.000000
0.000000 0.000000
0.000000 0.000000
0.000000 0.000000
0.000000 0.000000
0.000000 0.000000
0.000000 0.000000
0.000000 0.000000
0.000000 0.000000
0.000000 0.000000
0.000000 0.000000
0.000000 0.000000
0.000000 0.000000
0.000000 0.000000
0.000000 0.000000
0.000000 0.000000
0.000000 0.000000
0.000000 0.000000
0.000000 0.000000
0.000000 0.000000
0.000000 0.000000
0.000000 0.000000
0.000000 0.000000
0.000000 0.000000
0.000000 0.000000
0.000000 0.000000
0.000000 0.000000
0.000000 0.000000
0.000000 0.000000
0.000000 0.000000
0.000000 0.000000
0.000000 0.000000
0.000000 0.000000
0.000000 0.000000
0.000000 0.000000
0.000000 0.000000
0.000000 0.000000
0.000000 0.000000
0.000000 0.000000
0.000000 0.000000
0.000000 0.000000
0.000000 0.000000
0.000000 0.000000
0.000000 0.000000
0.000000 0.000000
0.000000 0.000000
0.000000 0.000000
0.000000 0.000000
0.000000 0.000000
0.000000 0.000000
0.000000 0.000000
0.000000 0.000000
0.000000 0.000000
0.000000 0.000000
0.000000 0.000000
0.000000 0.000000
0.000000 0.000000
0.000000 0.000000
0.000000 0.000000
0.000000 0.000000
0.000000 0.000000
0.000000 0.000000
0.000000 0.000000
0.000000 0.000000
0.000000 0.000000
0.000000 0.000000
0.000000 0.000000
0.000000 0.000000
0.000000 0.000000
0.000000 0.000000
0.000000 0.000000
0.000000 0.000000
0.000000 0.000000
0.000000 0.000000
0.000000 0.000000
0.000000 0.000000
0.000000 0.000000
0.000000 0.000000
0.000000 0.000000
0.000000 0.000000
0.000000 0.000000
0.000000 0.000000
0.000000 0.000000
0.000000 0.000000
0.000000 0.000000
0.000000 0.000000
0.000000 0.000000
0.000000 0.000000
0.000000 0.000000
0.000000 0.000000
0.000000 0.000000
</float_array>
          <technique_common>
            <accessor source="#Body-UV0-array" count="5249" stride="2">
              <param name="S" type="float"/>
              <param name="T" type="float"/>
            </accessor>
          </technique_common>
        </source>
        <vertices id="Body-VERTEX">
          <input semantic="POSITION" source="#Body-POSITION"/>
          <input semantic="NORMAL" source="#Body-Normal0"/>
        </vertices>
        <triangles count="10492" material="Girl_Base_SG">
          <input semantic="VERTEX" offset="0" source="#Body-VERTEX"/>
          <input semantic="TEXCOORD" offset="1" set="0" source="#Body-UV0"/>
          <p> 100 1 101 3 99 0 101 3 100 1 108 2 1 5 14 6 102 4 102 4 14 6 103 7 105 9 103 7 104 8 103 7 105 9 102 4 123 11 113 10 104 8 113 10 105 9 104 8 103 7 107 12 104 8 104 8 107 12 106 13 123 11 106 13 122 14 106 13 123 11 104 8 99 0 102 4 105 9 102 4 99 0 101 3 0 15 102 4 101 3 102 4 0 15 1 5 16 17 108 2 109 16 108 2 16 17 2 18 109 16 100 1 110 19 100 1 109 16 108 2 111 21 110 19 112 20 110 19 111 21 109 16 17 22 109 16 111 21 109 16 17 22 16 17 113 10 99 0 105 9 99 0 113 10 98 23 98 23 115 25 114 24 115 25 98 23 113 10 116 26 114 24 115 25 114 24 116 26 125 27 118 29 115 25 117 28 115 25 118 29 116 26 119 31 118 29 117 28 117 28 121 30 119 31 121 30 117 28 122 14 117 28 123 11 122 14 124 32 119 31 121 30 119 31 124 32 120 33 361 34 121 30 122 14 121 30 361 34 124 32 113 10 117 28 115 25 117 28 113 10 123 11 2665 37 2666 38 126 35 126 35 127 36 2665 37 127 36 340 39 2665 37 2664 40 2665 37 340 39 2667 42 128 41 2666 38 128 41 126 35 2666 38 128 41 2668 44 129 43 2668 44 128 41 2667 42 129 43 2668 44 130 45 130 45 2668 44 2649 46 133 48 132 49 139 47 139 47 132 49 131 50 134 53 135 54 138 51 134 53 138 51 137 52 138 51 135 54 133 48 133 48 139 47 138 51 140 56 135 54 141 55 135 54 140 56 133 48 142 58 143 57 141 55 143 57 140 56 141 55 146 59 140 56 143 57 140 56 146 59 145 60 142 58 144 62 152 61 144 62 142 58 141 55 145 60 133 48 140 56 133 48 145 60 132 49 98 23 132 49 145 60 132 49 98 23 114 24 114 24 131 50 132 49 131 50 114 24 125 27 100 1 98 23 1884 63 98 23 100 1 99 0 1885 65 146 59 147 64 146 59 1885 65 1884 63 148 66 1885 65 147 64 1885 65 148 66 1886 67 148 66 160 69 1887 68 1887 68 1886 67 148 66 148 66 149 70 150 71 149 70 148 66 147 64 149 70 142 58 151 72 142 58 149 70 143 57 151 72 152 61 153 73 152 61 151 72 142 58 147 64 143 57 149 70 143 57 147 64 146 59 154 74 150 71 151 72 150 71 149 70 151 72 155 76 154 74 156 75 154 74 155 76 150 71 158 78 154 74 157 77 154 74 158 78 156 75 161 80 155 76 159 79 155 76 161 80 160 69 160 69 150 71 155 76 150 71 160 69 148 66 159 79 155 76 156 75 112 20 1887 68 163 81 1887 68 112 20 1886 67 111 21 163 81 162 82 163 81 111 21 112 20 162 82 163 81 164 83 18 84 111 21 162 82 111 21 18 84 17 22 1887 68 164 83 163 81 164 83 1887 68 1888 85 112 20 1885 65 1886 67 1885 65 112 20 110 19 110 19 1884 63 1885 65 1884 63 110 19 100 1 1884 63 145 60 146 59 145 60 1884 63 98 23 169 87 166 89 165 86 166 89 169 87 167 88 171 90 168 91 167 88 166 89 167 88 168 91 172 93 167 88 170 92 170 92 167 88 169 87 172 93 171 90 167 88 172 93 180 94 171 90 180 94 19 96 171 90 19 96 180 94 37 95 174 98 172 93 173 97 170 92 173 97 172 93 175 100 170 92 176 99 170 92 175 100 173 97 178 102 173 97 175 100 173 97 178 102 177 101 179 103 180 94 174 98 172 93 174 98 180 94 170 92 169 87 176 99 182 104 176 99 169 87 182 104 169 87 165 86 165 86 183 105 182 104 183 105 185 107 184 106 185 107 183 105 165 86 187 108 184 106 185 107 184 106 187 108 186 109 187 108 189 110 186 109 186 109 189 110 188 111 191 113 190 114 192 112 190 114 191 113 188 111 334 115 186 109 188 111 188 111 191 113 334 115 194 116 192 112 190 114 192 112 194 116 193 117 194 116 196 118 197 119 196 118 194 116 190 114 198 121 194 116 197 119 194 116 198 121 195 120 188 111 189 110 196 118 196 118 190 114 188 111 201 123 199 122 189 110 199 122 196 118 189 110 197 119 199 122 200 124 199 122 197 119 196 118 202 125 201 123 189 110 202 125 189 110 187 108 203 126 202 125 187 108 187 108 185 107 203 126 204 128 184 106 205 127 204 128 183 105 184 106 659 129 183 105 204 128 183 105 659 129 182 104 205 127 184 106 186 109 186 109 334 115 205 127 21 130 20 131 168 91 168 91 20 131 206 132 206 132 208 135 207 133 208 135 206 132 209 134 207 133 210 137 211 136 210 137 207 133 208 135 211 136 165 86 166 89 166 89 207 133 211 136 185 107 211 136 203 126 211 136 185 107 165 86 168 91 207 133 166 89 207 133 168 91 206 132 211 136 212 138 203 126 212 138 211 136 210 137 208 135 213 139 210 137 213 139 208 135 214 140 210 137 213 139 212 138 213 139 215 141 212 138 215 141 202 125 212 138 212 138 202 125 203 126 217 143 215 141 213 139 215 141 217 143 216 142 215 141 216 142 201 123 215 141 201 123 202 125 214 140 218 144 213 139 218 144 217 143 213 139 214 140 219 146 218 144 219 146 214 140 220 145 220 145 22 148 219 146 22 148 220 145 23 147 22 148 221 149 219 146 221 149 22 148 24 150 219 146 222 151 218 144 222 151 219 146 221 149 209 134 214 140 208 135 214 140 209 134 220 145 222 151 217 143 218 144 222 151 223 152 217 143 224 155 226 153 225 154 226 153 224 155 223 152 224 155 216 142 223 152 217 143 223 152 216 142 223 152 227 156 226 153 227 156 223 152 222 151 19 96 21 130 171 90 171 90 21 130 168 91 209 134 23 147 220 145 23 147 209 134 25 157 230 160 228 158 231 159 228 158 230 160 229 161 233 162 229 161 230 160 229 161 233 162 232 163 1882 164 1883 165 235 166 1882 164 235 166 234 167 30 169 233 162 230 160 233 162 30 169 26 168 1883 165 1868 170 27 171 1883 165 27 171 235 166 27 171 28 172 235 166 235 166 28 172 236 173 239 176 1866 174 1867 175 1866 174 239 176 238 177 234 167 236 173 237 178 236 173 234 167 235 166 1867 175 1852 179 29 180 1867 175 29 180 239 176 228 158 241 182 231 159 241 182 228 158 240 181 243 183 242 184 240 181 240 181 228 158 243 183 244 186 242 184 245 185 242 184 244 186 240 181 246 187 241 182 244 186 244 186 241 182 240 181 32 188 231 159 241 182 231 159 32 188 31 189 1881 190 1882 164 234 167 1881 190 234 167 248 191 1880 193 248 191 249 192 248 191 1880 193 1881 190 249 192 252 195 251 194 252 195 249 192 248 191 254 199 1864 197 1865 198 1864 197 254 199 253 196 253 196 256 201 255 200 256 201 253 196 254 199 258 204 257 202 259 203 257 202 258 204 255 200 260 205 437 206 257 202 257 202 437 206 434 207 257 202 434 207 259 203 259 203 434 207 435 208 255 200 260 205 257 202 260 205 255 200 256 201 258 204 259 203 261 209 263 211 258 204 261 209 258 204 263 211 262 210 258 204 262 210 255 200 253 196 255 200 262 210 264 212 254 199 238 177 254 199 264 212 256 201 265 213 238 177 239 176 238 177 265 213 264 212 265 213 260 205 264 212 260 205 265 213 266 214 260 205 256 201 264 212 1865 198 1866 174 238 177 238 177 254 199 1865 198 248 191 237 178 252 195 248 191 234 167 237 178 253 196 262 210 1863 215 1863 215 1864 197 253 196 262 210 1862 216 1863 215 1862 216 262 210 263 211 270 220 267 218 268 219 267 218 270 220 269 217 1861 222 263 211 385 221 263 211 1861 222 1862 216 384 224 268 219 383 223 268 219 384 224 270 220 269 217 251 194 267 218 251 194 269 217 249 192 249 192 269 217 1879 225 1879 225 1880 193 249 192 274 229 247 226 273 228 247 226 250 227 273 228 273 228 250 227 275 231 250 227 271 230 275 231 293 233 275 231 271 230 293 233 271 230 272 232 273 228 277 235 276 234 277 235 273 228 275 231 274 229 276 234 278 236 276 234 274 229 273 228 232 163 274 229 229 161 274 229 232 163 247 226 228 158 229 161 278 236 278 236 229 161 274 229 228 158 279 237 243 183 279 237 228 158 278 236 195 120 1851 238 1850 239 1851 238 195 120 198 121 1848 241 280 242 279 237 279 237 283 240 1848 241 278 236 283 240 279 237 283 240 278 236 276 234 283 240 276 234 284 243 284 243 276 234 277 235 193 117 284 243 192 112 284 243 193 117 283 240 277 235 285 244 284 243 285 244 277 235 286 245 191 113 284 243 285 244 284 243 191 113 192 112 282 246 194 116 195 120 194 116 282 246 193 117 195 120 1849 247 282 246 1849 247 195 120 1850 239 1851 238 287 248 288 249 287 248 1851 238 198 121 287 248 289 250 288 249 291 251 1851 238 288 249 1851 238 291 251 290 252 245 185 290 252 291 251 290 252 245 185 242 184 242 184 281 253 290 252 281 253 242 184 243 183 288 249 289 250 291 251 289 250 245 185 291 251 290 252 1850 239 1851 238 1850 239 290 252 281 253 287 248 225 154 289 250 225 154 287 248 200 124 287 248 197 119 200 124 197 119 287 248 198 121 292 254 33 256 246 187 33 256 292 254 34 255 221 149 34 255 292 254 34 255 221 149 24 150 275 231 286 245 277 235 286 245 275 231 293 233 307 258 294 257 272 232 294 257 293 233 272 232 305 260 294 257 307 258 294 257 305 260 295 259 301 262 298 263 296 261 301 262 296 261 295 259 297 264 315 265 296 261 297 264 296 261 298 263 300 266 297 264 298 263 297 264 300 266 299 267 305 260 301 262 295 259 301 262 305 260 302 268 302 268 308 270 301 262 308 270 302 268 303 269 1875 274 1876 271 306 273 1876 271 304 272 306 273 311 275 300 266 308 270 300 266 311 275 310 276 310 276 299 267 300 266 299 267 310 276 309 277 308 270 300 266 298 263 308 270 298 263 301 262 424 278 308 270 303 269 308 270 424 278 311 275 322 279 297 264 299 267 297 264 322 279 320 280 320 280 315 265 297 264 315 265 320 280 312 281 312 281 313 283 314 282 312 281 314 282 315 265 316 286 318 285 313 283 318 285 316 286 662 284 314 282 313 283 317 287 313 283 318 285 317 287 313 283 543 288 316 286 543 288 313 283 312 281 319 289 543 288 312 281 543 288 319 289 540 290 312 281 321 291 319 289 321 291 312 281 320 280 309 277 323 292 322 279 309 277 322 279 299 267 324 294 309 277 325 293 309 277 324 294 323 292 323 292 326 296 327 295 326 296 323 292 324 294 296 261 294 257 295 259 294 257 296 261 329 297 314 282 317 287 329 297 329 297 317 287 330 298 294 257 330 298 293 233 330 298 294 257 329 297 330 298 332 300 331 299 332 300 330 298 317 287 332 300 333 301 331 299 333 301 332 300 204 128 286 245 333 301 285 244 333 301 286 245 331 299 204 128 334 115 333 301 334 115 204 128 205 127 191 113 333 301 334 115 333 301 191 113 285 244 660 302 317 287 318 285 317 287 660 302 332 300 659 129 332 300 660 302 332 300 659 129 204 128 293 233 331 299 286 245 331 299 293 233 330 298 315 265 329 297 296 261 329 297 315 265 314 282 337 304 2662 306 338 303 2662 306 337 304 2661 305 2663 308 338 303 2662 306 338 303 2663 308 339 307 2664 40 339 307 2663 308 339 307 2664 40 340 39 341 312 344 310 343 311 344 310 341 312 342 309 344 310 349 314 343 311 349 314 344 310 539 313 342 309 346 315 344 310 346 315 342 309 345 316 343 311 136 318 341 312 136 318 343 311 347 317 347 317 137 52 136 318 137 52 347 317 134 53 349 314 348 319 343 311 343 311 348 319 347 317 2656 322 351 320 350 321 351 320 2656 322 2657 323 350 321 352 324 2655 325 350 321 2655 325 2656 322 2654 327 352 324 370 326 352 324 2654 327 2655 325 2657 323 353 328 351 320 2657 323 2658 329 353 328 2658 329 2659 331 336 330 2658 329 336 330 353 328 355 333 358 334 354 332 354 332 358 334 357 335 357 335 345 316 354 332 345 316 357 335 346 315 335 336 2661 305 337 304 2661 305 335 336 2660 337 2660 337 335 336 2659 331 335 336 336 330 2659 331 360 339 179 103 174 98 179 103 360 339 359 338 361 34 177 101 124 32 177 101 361 34 173 97 106 13 360 339 122 14 361 34 122 14 360 339 360 339 174 98 361 34 173 97 361 34 174 98 107 12 359 338 106 13 106 13 359 338 360 339 15 340 35 341 107 12 107 12 35 341 359 338 36 342 37 95 179 103 179 103 37 95 180 94 3 345 4 343 266 214 4 343 362 344 266 214 38 346 266 214 265 213 266 214 38 346 3 345 38 346 239 176 29 180 239 176 38 346 265 213 2651 350 363 347 2650 349 2650 349 363 347 364 348 2652 352 363 347 2651 350 363 347 2652 352 367 351 367 351 2653 354 368 353 2653 354 367 351 2652 352 370 326 368 353 2653 354 370 326 2653 354 2654 327 377 357 371 355 372 356 371 355 377 357 378 358 372 356 374 359 375 360 372 356 375 360 377 357 375 360 374 359 1858 361 1857 362 1858 361 374 359 377 357 379 363 378 358 380 364 377 357 375 360 377 357 380 364 379 363 1860 366 380 364 1859 365 1860 366 386 367 380 364 381 369 306 273 382 368 306 273 304 272 382 368 384 224 382 368 304 272 382 368 384 224 383 223 386 367 1860 366 385 221 1861 222 385 221 1860 366 1859 365 375 360 1858 361 375 360 1859 365 380 364 376 371 387 370 381 369 387 370 306 273 381 369 386 367 388 372 379 363 379 363 380 364 386 367 388 372 378 358 379 363 378 358 388 372 389 373 385 221 390 374 386 367 388 372 386 367 390 374 391 375 388 372 390 374 388 372 391 375 389 373 401 376 378 358 389 373 392 377 378 358 401 376 392 377 395 379 393 378 395 379 392 377 401 376 394 380 393 378 395 379 396 383 398 381 397 382 398 381 396 383 394 380 394 380 399 384 393 378 399 384 394 380 396 383 395 379 398 381 394 380 398 381 395 379 400 385 402 386 393 378 399 384 393 378 402 386 392 377 404 388 403 387 399 384 403 387 402 386 399 384 373 389 402 386 403 387 402 386 373 389 371 355 371 355 392 377 402 386 392 377 371 355 378 358 389 373 405 390 401 376 405 390 389 373 391 375 391 375 435 208 405 390 435 208 391 375 259 203 408 391 374 359 372 356 374 359 408 391 407 392 1856 395 407 392 409 393 409 393 1855 394 1856 395 1855 394 413 396 1854 397 413 396 1855 394 409 393 415 399 411 401 412 398 411 401 415 399 414 400 1871 403 416 402 414 400 416 402 1871 403 1872 404 414 400 410 405 411 401 410 405 414 400 416 402 1870 406 414 400 415 399 414 400 1870 406 1871 403 407 392 408 391 420 407 420 407 409 393 407 392 408 391 421 408 420 407 408 391 373 389 421 408 373 389 425 409 421 408 425 409 373 389 403 387 43 412 421 408 42 411 421 408 43 412 422 410 421 408 422 410 420 407 372 356 373 389 408 391 373 389 372 356 371 355 409 393 422 410 413 396 422 410 409 393 420 407 407 392 1857 362 374 359 1857 362 407 392 1856 395 1873 414 1874 415 423 413 423 413 1874 415 387 370 423 413 376 371 406 416 376 371 423 413 387 370 416 402 406 416 410 405 406 416 416 402 423 413 44 419 426 417 45 418 426 417 44 419 425 409 425 409 404 388 426 417 404 388 425 409 403 387 46 421 426 417 427 420 426 417 46 421 45 418 5 423 429 425 428 422 429 425 5 423 47 424 427 420 404 388 430 426 404 388 427 420 426 417 431 427 430 426 397 382 430 426 396 383 397 382 430 426 429 425 427 420 429 425 430 426 431 427 433 429 397 382 432 428 397 382 433 429 431 427 436 430 435 208 434 207 434 207 432 428 436 430 437 206 260 205 266 214 437 206 266 214 362 344 362 344 428 422 437 206 437 206 428 422 433 429 437 206 432 428 434 207 432 428 437 206 433 429 435 208 436 430 405 390 405 390 436 430 400 385 397 382 398 381 432 428 432 428 398 381 436 430 428 422 429 425 431 427 428 422 431 427 433 429 396 383 404 388 399 384 404 388 396 383 430 426 6 432 678 434 419 431 678 434 6 432 54 433 481 438 438 436 490 437 438 436 481 438 439 435 481 438 440 439 439 435 440 439 481 438 482 440 443 443 440 439 442 442 442 442 440 439 441 441 456 445 442 442 441 441 442 442 456 445 444 444 447 447 444 444 456 445 444 444 447 447 445 446 447 447 446 448 445 446 448 449 445 446 446 448 448 449 446 448 449 450 450 452 448 449 449 450 449 450 451 451 450 452 450 452 452 453 448 449 445 446 448 449 452 453 453 454 454 455 449 450 453 454 449 450 446 448 446 448 455 456 453 454 455 456 446 448 447 447 440 439 484 457 441 441 484 457 440 439 482 440 535 458 441 441 484 457 441 441 535 458 456 445 447 447 456 445 455 456 535 458 455 456 456 445 452 453 457 459 445 446 444 444 445 446 457 459 458 461 452 453 459 460 452 453 458 461 457 459 459 460 460 462 458 461 460 462 459 460 461 463 479 466 462 464 599 465 462 464 479 466 460 462 479 466 467 467 458 461 458 461 460 462 479 466 462 464 460 462 461 463 461 463 463 468 462 464 450 452 464 469 459 460 459 460 452 453 450 452 467 467 457 459 458 461 457 459 467 467 466 470 457 459 466 470 444 444 442 442 444 444 466 470 466 470 443 443 442 442 468 474 469 471 470 473 469 471 471 472 470 473 473 475 471 472 469 471 471 472 473 475 472 476 472 476 473 475 474 477 471 472 472 476 475 479 472 476 476 478 475 479 471 472 158 78 470 473 158 78 471 472 475 479 477 480 468 474 443 443 468 474 477 480 469 471 477 480 466 470 467 467 466 470 477 480 443 443 479 466 477 480 467 467 478 481 477 480 479 466 478 481 469 471 477 480 469 471 478 481 473 475 470 473 480 482 468 474 439 435 468 474 480 482 470 473 157 77 480 482 157 77 470 473 158 78 443 443 439 435 440 439 439 435 443 443 468 474 496 486 486 483 493 485 488 484 493 485 486 483 483 487 481 438 488 484 481 438 483 487 482 440 488 484 490 437 489 488 490 437 488 484 481 438 489 488 490 437 492 489 489 488 492 489 491 490 491 490 494 492 489 488 494 492 491 490 677 491 490 437 545 493 492 489 545 493 490 437 438 436 493 485 489 488 494 492 489 488 493 485 488 484 496 486 497 496 495 494 497 496 496 486 498 495 501 498 499 497 497 496 499 497 501 498 500 499 502 502 487 500 503 501 487 500 499 497 503 501 487 500 495 494 499 497 495 494 497 496 499 497 504 504 487 500 502 502 502 502 505 503 504 504 487 500 486 483 495 494 500 499 503 501 499 497 503 501 500 499 506 505 503 501 506 505 507 506 502 502 507 506 508 507 507 506 502 502 503 501 498 495 509 508 497 496 509 508 501 498 497 496 510 511 509 508 511 510 509 508 512 509 511 510 510 511 501 498 509 508 501 498 510 511 513 512 509 508 498 495 512 509 512 509 498 495 514 513 515 514 500 499 513 512 501 498 513 512 500 499 606 516 515 514 513 512 515 514 606 516 605 515 605 515 516 518 515 514 516 518 605 515 604 517 515 514 506 505 500 499 506 505 515 514 516 518 521 520 519 522 520 519 519 522 521 520 518 521 523 524 518 521 521 520 518 521 523 524 522 523 518 521 517 526 519 522 517 526 518 521 524 525 514 513 524 525 525 527 524 525 514 513 517 526 498 495 517 526 514 513 517 526 498 495 496 486 493 485 519 522 496 486 517 526 496 486 519 522 504 504 526 528 483 487 526 528 482 440 483 487 482 440 526 528 485 529 526 528 527 531 485 529 527 531 526 528 528 530 484 457 485 529 529 532 529 532 485 529 527 531 530 533 527 531 528 530 527 531 530 533 529 532 526 528 504 504 505 503 526 528 505 503 528 530 508 507 528 530 505 503 528 530 508 507 530 533 531 534 529 532 530 533 531 534 508 507 507 506 508 507 531 534 530 533 507 506 532 535 531 534 532 535 533 536 531 534 534 537 529 532 533 536 529 532 531 534 533 536 535 458 484 457 534 537 484 457 529 532 534 537 536 538 438 436 439 435 439 435 480 482 536 538 536 538 153 73 537 539 537 539 153 73 152 61 537 539 349 314 538 540 349 314 537 539 348 319 537 539 152 61 348 319 348 319 152 61 144 62 539 313 538 540 349 314 538 540 539 313 544 541 544 541 541 542 540 290 541 542 544 541 539 313 543 288 540 290 542 543 540 290 541 542 542 543 544 541 540 290 545 493 319 289 545 493 540 290 544 541 438 436 538 540 438 436 544 541 545 493 536 538 538 540 438 436 538 540 536 538 537 539 547 547 549 545 548 546 549 545 547 547 546 544 552 551 551 548 553 550 553 550 551 548 554 549 49 552 552 551 553 550 552 551 49 552 48 553 557 554 553 550 554 549 553 550 557 554 556 555 555 556 326 296 554 549 326 296 557 554 554 549 326 296 324 294 557 554 324 294 558 557 557 554 561 558 559 560 558 557 559 560 561 558 560 559 559 560 556 555 558 557 558 557 556 555 557 554 325 293 558 557 324 294 558 557 325 293 561 558 562 561 554 549 551 548 554 549 562 561 555 556 566 565 563 563 629 564 563 563 566 565 565 562 565 562 328 566 562 561 328 566 555 556 562 561 573 568 571 570 572 567 571 570 573 568 569 569 575 571 573 568 572 567 573 568 575 571 574 572 574 572 576 573 573 568 576 573 574 572 577 574 576 573 1845 575 573 568 534 537 576 573 577 574 576 573 534 537 533 536 453 454 577 574 574 572 577 574 453 454 455 456 574 572 575 571 454 455 454 455 453 454 574 572 578 576 454 455 575 571 578 576 575 571 572 567 451 451 578 576 580 578 578 576 579 577 580 578 454 455 578 576 451 451 451 451 449 450 454 455 571 570 578 576 572 567 455 456 534 537 577 574 534 537 455 456 535 458 1844 579 533 536 532 535 581 581 1840 582 1846 580 579 577 1846 580 1840 582 583 584 582 583 581 581 582 583 1840 582 581 581 463 468 461 463 465 585 463 468 465 585 582 583 465 585 1840 582 582 583 1840 582 465 585 1841 586 584 587 599 465 462 464 599 465 584 587 596 588 585 589 596 588 584 587 596 588 585 589 593 590 462 464 586 591 584 587 586 591 462 464 463 468 585 589 584 587 587 592 587 592 584 587 586 591 463 468 583 584 586 591 583 584 463 468 582 583 586 591 588 593 587 592 588 593 586 591 583 584 593 590 589 594 594 595 589 594 593 590 585 589 585 589 590 596 589 594 590 596 585 589 587 592 590 596 592 597 589 594 591 598 589 594 592 597 594 595 591 598 611 599 591 598 594 595 589 594 593 590 597 601 596 588 597 601 593 590 595 600 598 602 595 600 594 595 595 600 593 590 594 595 600 603 596 588 597 601 596 588 600 603 599 465 478 481 599 465 600 603 599 465 478 481 479 466 601 605 581 581 1847 604 1846 580 1847 604 581 581 568 608 570 607 569 569 570 607 568 608 603 606 568 608 604 517 603 606 604 517 605 515 603 606 608 611 606 516 609 610 606 516 607 609 609 610 603 606 605 515 608 611 605 515 606 516 608 611 603 606 602 612 570 607 602 612 603 606 608 611 609 610 610 613 608 611 602 612 608 611 610 613 610 613 588 593 602 612 601 605 602 612 588 593 601 605 583 584 581 581 588 593 583 584 601 605 590 596 609 610 592 597 609 610 590 596 610 613 590 596 587 592 610 613 588 593 610 613 587 592 1844 579 532 535 604 517 516 518 604 517 532 535 613 615 615 616 614 614 617 617 614 614 615 616 614 614 617 617 616 618 616 618 617 617 624 619 617 617 615 616 618 620 656 624 5242 622 657 623 5242 622 656 624 1892 621 1892 621 1891 626 620 625 1892 621 620 625 618 620 617 617 618 620 624 619 624 619 618 620 620 625 619 628 615 616 621 627 615 616 619 628 618 620 623 629 622 630 621 627 619 628 621 627 622 630 474 477 625 631 624 619 625 631 474 477 473 475 625 631 616 618 624 619 625 631 600 603 616 618 597 601 616 618 600 603 612 632 626 633 1843 634 1624 637 631 635 628 636 631 635 1624 637 1625 638 628 636 1623 639 1624 637 1623 639 628 636 629 564 629 564 632 640 566 565 632 640 629 564 628 636 626 633 1625 638 1626 641 1625 638 626 633 631 635 631 635 522 523 523 524 522 523 631 635 626 633 612 632 1842 642 626 633 615 616 613 615 1626 641 613 615 626 633 1626 641 613 615 595 600 598 602 595 600 613 615 614 614 591 598 636 643 611 599 729 644 611 599 636 643 729 644 637 645 634 646 637 645 729 644 636 643 637 645 635 648 634 646 635 648 637 645 638 647 637 645 636 643 511 510 511 510 636 643 639 649 607 609 511 510 639 649 511 510 607 609 510 511 638 647 637 645 512 509 637 645 511 510 512 509 512 509 525 527 638 647 525 527 512 509 514 513 635 648 638 647 525 527 636 643 591 598 639 649 639 649 591 598 592 597 644 650 622 630 645 651 641 653 645 651 646 652 645 651 641 653 644 650 645 651 627 654 646 652 627 654 630 655 646 652 630 655 653 656 647 657 630 655 647 657 646 652 640 658 646 652 647 657 646 652 640 658 641 653 642 660 647 657 648 659 647 657 642 660 640 658 651 661 650 662 649 663 651 661 649 663 648 659 642 660 649 663 643 664 649 663 642 660 648 659 563 563 1621 665 1622 666 563 563 564 667 1621 665 564 667 550 669 1620 668 564 667 1620 668 1621 665 653 656 651 661 648 659 653 656 648 659 647 657 51 671 644 650 7 670 644 650 51 671 657 623 655 674 656 624 9 672 9 672 8 673 655 674 655 674 8 673 654 676 8 673 52 675 654 676 657 623 5242 622 619 628 644 650 657 623 622 630 622 630 657 623 619 628 549 545 1105 679 658 677 1105 679 549 545 791 678 141 55 134 53 144 62 134 53 141 55 135 54 662 284 661 680 660 302 662 284 660 302 318 285 662 284 664 682 663 681 664 682 662 284 316 286 663 681 667 683 661 680 663 681 661 680 662 284 667 683 665 684 181 685 667 683 181 685 661 680 660 302 661 680 659 129 661 680 181 685 659 129 181 685 182 104 659 129 181 685 176 99 182 104 227 156 246 187 244 186 246 187 227 156 292 254 227 156 244 186 226 153 226 153 244 186 245 185 245 185 289 250 225 154 245 185 225 154 226 153 222 151 292 254 227 156 292 254 222 151 221 149 200 124 224 155 225 154 224 155 200 124 199 122 224 155 201 123 216 142 201 123 224 155 199 122 665 684 176 99 181 685 176 99 665 684 175 100 667 683 669 687 668 686 669 687 667 683 663 681 668 686 666 688 665 684 665 684 667 683 668 686 670 689 369 690 666 688 670 689 666 688 668 686 356 691 670 689 668 686 356 691 668 686 669 687 663 681 358 334 669 687 358 334 663 681 664 682 355 333 356 691 669 687 669 687 358 334 355 333 666 688 178 102 175 100 666 688 175 100 665 684 178 102 366 693 177 101 366 693 178 102 365 692 365 692 666 688 369 690 666 688 365 692 178 102 366 693 124 32 177 101 124 32 366 693 120 33 390 374 259 203 391 375 259 203 390 374 261 209 263 211 261 209 385 221 390 374 385 221 261 209 4 343 5 423 362 344 362 344 5 423 428 422 436 430 398 381 400 385 130 45 2649 46 364 348 364 348 2649 46 2650 349 401 376 400 385 395 379 400 385 401 376 405 390 413 396 43 412 39 694 43 412 413 396 422 410 492 489 545 493 319 289 492 489 319 289 321 291 491 490 321 291 671 695 321 291 491 490 492 489 677 491 671 695 672 696 671 695 677 491 491 490 672 696 322 279 323 292 322 279 672 696 671 695 672 696 327 295 673 697 327 295 672 696 323 292 675 700 674 698 676 699 674 698 675 700 673 697 673 697 328 566 674 698 328 566 673 697 327 295 674 698 565 562 566 565 565 562 674 698 328 566 676 699 674 698 566 565 566 565 632 640 676 699 676 699 632 640 521 520 521 520 632 640 523 524 520 519 676 699 521 520 676 699 520 519 675 700 677 491 673 697 675 700 673 697 677 491 672 696 677 491 520 519 494 492 520 519 677 491 675 700 671 695 321 291 320 280 671 695 320 280 322 279 542 543 664 682 316 286 316 286 543 288 542 543 327 295 555 556 328 566 555 556 327 295 326 296 53 701 10 702 560 559 560 559 10 702 559 560 678 434 54 433 11 703 678 434 11 703 679 704 679 704 53 701 560 559 53 701 679 704 11 703 680 705 560 559 561 558 560 559 680 705 679 704 682 707 680 705 683 706 680 705 682 707 681 708 682 707 418 710 681 708 418 710 682 707 417 709 678 434 418 710 419 431 418 710 678 434 681 708 681 708 678 434 679 704 679 704 680 705 681 708 561 558 683 706 680 705 683 706 561 558 325 293 559 560 50 711 556 555 50 711 559 560 10 702 424 278 417 709 311 275 311 275 417 709 682 707 310 276 683 706 325 293 310 276 325 293 309 277 682 707 310 276 311 275 310 276 682 707 683 706 493 485 494 492 519 522 519 522 494 492 520 519 524 525 518 521 522 523 524 525 522 523 633 712 524 525 633 712 525 527 525 527 633 712 635 648 516 518 507 506 506 505 507 506 516 518 532 535 505 503 502 502 508 507 690 716 686 714 685 715 686 714 690 716 689 713 687 717 476 478 686 714 472 476 686 714 476 478 686 714 472 476 474 477 689 713 687 717 686 714 687 717 689 713 688 718 159 79 688 718 161 80 688 718 159 79 687 717 1889 721 684 719 1890 720 684 719 1889 721 685 715 685 715 474 477 684 719 474 477 685 715 686 714 1889 721 690 716 685 715 690 716 691 722 692 723 691 722 690 716 1889 721 56 725 691 722 57 724 691 722 56 725 692 723 691 722 1890 720 654 676 1890 720 691 722 1889 721 620 625 474 477 624 619 474 477 620 625 684 719 1891 626 684 719 620 625 1891 626 1890 720 684 719 655 674 1890 720 1891 626 1890 720 655 674 654 676 600 603 625 631 473 475 473 475 478 481 600 603 607 609 513 512 510 511 513 512 607 609 606 516 451 451 464 469 450 452 464 469 451 451 580 578 546 544 791 678 549 545 791 678 546 544 790 726 164 83 692 723 55 727 55 727 692 723 56 725 1888 85 692 723 164 83 692 723 1888 85 690 716 691 722 654 676 57 724 57 724 654 676 52 675 614 614 597 601 595 600 597 601 614 614 616 618 628 636 523 524 632 640 523 524 628 636 631 635 549 545 693 728 548 546 693 728 549 545 658 677 652 729 548 546 693 728 548 546 652 729 643 664 629 564 563 563 1622 666 629 564 1622 666 1623 639 622 630 623 629 645 651 623 629 627 654 645 651 1891 626 656 624 655 674 656 624 1891 626 1892 621 154 74 153 73 157 77 153 73 154 74 151 72 664 682 357 335 358 334 357 335 664 682 542 543 357 335 541 542 346 315 541 542 357 335 542 543 539 313 346 315 541 542 346 315 539 313 344 310 1878 730 269 217 270 220 269 217 1878 730 1879 225 1877 731 270 220 384 224 270 220 1877 731 1878 730 1877 731 304 272 1876 271 304 272 1877 731 384 224 347 317 144 62 134 53 144 62 347 317 348 319 416 402 1873 414 423 413 1873 414 416 402 1872 404 1875 274 387 370 1874 415 387 370 1875 274 306 273 536 538 480 482 153 73 480 482 157 77 153 73 475 479 476 478 687 717 687 717 159 79 475 479 159 79 156 75 475 479 475 479 156 75 158 78 161 80 688 718 1888 85 161 80 1887 68 160 69 1887 68 161 80 1888 85 592 597 607 609 639 649 607 609 592 597 609 610 690 716 1888 85 688 718 690 716 688 718 689 713 563 563 562 561 564 667 563 563 565 562 562 561 562 561 551 548 564 667 567 732 564 667 551 548 48 553 694 734 552 551 694 734 48 553 12 733 694 734 567 732 552 551 551 548 552 551 567 732 564 667 567 732 550 669 567 732 695 735 550 669 694 734 12 733 696 737 12 733 13 736 696 737 567 732 694 734 695 735 694 734 696 737 695 735 103 7 14 6 15 340 103 7 15 340 107 12 162 82 55 727 18 84 55 727 162 82 164 83 206 132 20 131 25 157 206 132 25 157 209 134 31 189 230 160 231 159 230 160 31 189 30 169 246 187 33 256 32 188 246 187 32 188 241 182 359 338 36 342 179 103 36 342 359 338 35 341 1854 397 39 694 1853 738 39 694 1854 397 413 396 412 398 40 740 41 739 412 398 41 739 415 399 421 408 425 409 42 411 42 411 425 409 44 419 47 424 427 420 429 425 427 420 47 424 46 421 415 399 41 739 1869 741 415 399 1869 741 1870 406 556 555 49 552 553 550 49 552 556 555 50 711 1806 743 658 677 1805 742 658 677 1806 743 693 728 1804 744 1805 742 1105 679 1805 742 658 677 1105 679 1807 745 693 728 1806 743 693 728 1807 745 652 729 1808 746 652 729 1807 745 652 729 1808 746 59 747 641 653 7 670 644 650 7 670 641 653 60 748 61 749 641 653 640 658 641 653 61 749 60 748 62 750 640 658 642 660 640 658 62 750 61 749 63 751 642 660 643 664 642 660 63 751 62 750 59 747 643 664 652 729 643 664 59 747 63 751 548 546 649 663 547 547 649 663 548 546 643 664 546 544 1549 753 790 726 1549 753 546 544 700 752 547 547 700 752 546 544 700 752 547 547 701 754 701 754 547 547 650 662 650 662 547 547 649 663 1617 758 702 756 1550 757 702 756 1617 758 1618 755 703 760 702 756 1618 755 703 760 1618 755 1619 759 550 669 703 760 1619 759 550 669 1619 759 1620 668 704 761 1551 762 702 756 702 756 1551 762 1550 757 703 760 704 761 702 756 704 761 703 760 705 763 695 735 703 760 550 669 703 760 695 735 705 763 706 764 1552 765 704 761 1551 762 704 761 1552 765 707 766 704 761 705 763 704 761 707 766 706 764 696 737 705 763 695 735 705 763 696 737 707 766 65 767 706 764 707 766 706 764 65 767 64 768 13 736 707 766 696 737 707 766 13 736 65 767 710 769 127 36 126 35 127 36 710 769 709 770 711 771 126 35 128 41 126 35 711 771 710 769 712 772 128 41 129 43 128 41 712 772 711 771 130 45 712 772 129 43 712 772 130 45 713 773 714 774 130 45 364 348 130 45 714 774 713 773 363 347 715 775 364 348 364 348 715 775 714 774 367 351 715 775 363 347 715 775 367 351 716 776 368 353 716 776 367 351 716 776 368 353 717 777 370 326 717 777 368 353 717 777 370 326 718 778 370 326 719 779 718 778 719 779 370 326 352 324 720 780 352 324 350 321 352 324 720 780 719 779 350 321 351 320 721 781 350 321 721 781 720 780 722 782 721 781 351 320 351 320 353 328 722 782 336 330 723 783 353 328 353 328 723 783 722 782 724 784 336 330 335 336 336 330 724 784 723 783 724 784 337 304 725 785 337 304 724 784 335 336 725 785 338 303 726 786 338 303 725 785 337 304 339 307 726 786 338 303 726 786 339 307 727 787 340 39 727 787 339 307 727 787 340 39 728 788 340 39 127 36 728 788 728 788 127 36 709 770 728 788 709 770 708 789 728 788 708 789 727 787 727 787 708 789 726 786 726 786 708 789 725 785 708 789 724 784 725 785 724 784 708 789 723 783 723 783 708 789 722 782 722 782 708 789 721 781 721 781 708 789 720 780 720 780 708 789 719 779 718 778 719 779 708 789 718 778 708 789 717 777 717 777 708 789 716 776 708 789 715 775 716 776 715 775 708 789 714 774 708 789 713 773 714 774 713 773 708 789 712 772 712 772 708 789 711 771 711 771 708 789 710 769 710 769 708 789 709 770 1843 634 729 644 612 632 729 644 1843 634 611 599 1842 642 612 632 634 646 612 632 729 644 634 646 64 768 1552 765 706 764 1552 765 64 768 94 790 2 18 101 3 108 2 101 3 2 18 0 15 734 792 730 794 731 791 730 794 734 792 733 793 732 797 736 798 735 795 732 797 735 795 745 796 733 793 732 797 730 794 732 797 733 793 736 798 737 800 733 793 734 792 737 800 734 792 738 799 743 804 1589 802 741 803 1589 802 743 804 1588 801 1589 802 739 805 741 803 748 807 747 808 744 806 744 806 747 808 746 809 750 811 746 809 747 808 746 809 750 811 749 810 749 810 739 805 746 809 739 805 749 810 740 812 1751 815 1752 816 1755 813 1751 815 1755 813 1758 814 1754 818 1758 814 1755 813 1758 814 1754 818 1759 817 759 821 756 822 1584 819 759 821 1584 819 1585 820 757 825 764 823 763 824 764 823 757 825 758 826 769 828 767 830 766 827 767 830 769 828 768 829 774 832 772 834 771 831 772 834 774 832 773 833 775 835 768 829 769 828 768 829 775 835 770 836 778 840 1582 838 785 839 1582 838 778 840 1581 837 771 831 779 841 780 842 779 841 771 831 772 834 1582 838 765 844 785 839 765 844 1582 838 1583 843 756 822 765 844 1583 843 756 822 1583 843 1584 819 1746 846 1764 848 1765 845 1764 848 1746 846 1745 847 1817 850 796 852 1816 849 796 852 1817 850 797 851 1816 849 792 854 1815 853 792 854 1816 849 796 852 793 856 1541 857 794 855 804 858 794 855 1541 857 798 860 801 861 799 859 799 859 801 861 800 862 803 864 800 862 1793 863 800 862 803 864 799 859 747 808 1793 863 800 862 800 862 750 811 747 808 800 862 802 865 750 811 802 865 800 862 801 861 806 866 798 860 799 859 798 860 806 866 804 858 807 868 744 806 742 867 744 806 807 868 748 807 795 870 794 855 805 869 794 855 804 858 805 869 813 874 808 872 812 873 808 872 813 874 809 871 1496 876 808 872 1497 875 808 872 1496 876 812 873 1497 875 808 872 1489 878 808 872 810 877 1489 878 809 871 810 877 808 872 810 877 809 871 811 879 815 881 1494 883 814 880 1494 883 815 881 1495 882 1820 885 815 881 1819 884 815 881 1820 885 1495 882 1819 884 816 886 1818 887 816 886 1819 884 815 881 823 889 821 891 820 888 821 891 823 889 822 890 824 893 825 894 818 892 818 892 825 894 819 895 828 897 826 899 829 896 826 899 828 897 827 898 830 902 832 900 831 901 832 900 830 902 829 896 833 903 829 896 830 902 829 896 833 903 828 897 761 905 1587 907 762 904 1587 907 761 905 1586 906 761 905 1585 820 1586 906 1585 820 761 905 759 821 763 824 840 908 839 909 840 908 763 824 764 823 839 909 837 910 838 911 837 910 839 909 840 908 841 913 1516 915 817 912 1516 915 841 913 1518 914 843 919 845 917 844 918 845 917 843 919 842 916 849 921 847 923 846 920 847 923 849 921 848 922 844 918 1486 925 843 919 1486 925 844 918 1490 924 850 926 1489 878 810 877 1489 878 850 926 1488 927 71 929 72 930 852 928 852 928 72 930 853 931 72 930 73 932 853 931 853 931 73 932 854 933 864 937 1575 935 1576 936 1575 935 864 937 863 934 863 934 1574 939 1575 935 1574 939 863 934 872 938 877 941 1558 943 880 940 1558 943 877 941 1557 942 879 946 881 944 878 945 881 944 879 946 882 947 884 949 886 951 885 948 886 951 884 949 883 950 888 952 882 947 879 946 882 947 888 952 887 953 887 953 888 952 890 954 890 954 889 955 887 953 889 955 890 954 891 956 889 955 891 956 892 957 890 954 893 959 895 958 895 958 891 956 890 954 893 959 890 954 888 952 893 959 888 952 894 960 892 957 891 956 896 961 892 957 896 961 897 962 897 962 898 963 899 964 898 963 897 962 896 961 902 967 901 968 900 965 902 967 900 965 903 966 905 969 904 970 901 968 905 969 901 968 902 967 904 970 886 951 883 950 886 951 904 970 905 969 907 973 1559 974 1560 971 907 973 1560 971 906 972 909 976 906 972 1553 975 906 972 909 976 907 973 1553 975 1563 977 908 978 1563 977 1553 975 906 972 885 948 911 980 910 979 911 980 885 948 886 951 911 980 905 969 912 981 905 969 911 980 886 951 913 984 912 981 915 982 913 984 915 982 914 983 918 985 912 981 913 984 912 981 918 985 911 980 912 981 905 969 902 967 912 981 902 967 915 982 915 982 903 966 920 986 903 966 915 982 902 967 922 988 880 940 921 987 880 940 922 988 877 941 924 990 921 987 923 989 921 987 924 990 922 988 926 992 922 988 924 990 922 988 926 992 925 991 925 991 1630 993 1631 994 1630 993 925 991 926 992 1673 995 1674 996 1631 994 1631 994 1674 996 925 991 924 990 932 997 926 992 932 997 924 990 931 998 925 991 877 941 922 988 877 941 925 991 1674 996 923 989 931 998 924 990 931 998 923 989 933 999 933 999 935 1001 931 998 935 1001 933 999 934 1000 935 1001 936 1003 937 1002 936 1003 935 1001 934 1000 937 1002 938 1004 939 1005 937 1002 936 1003 938 1004 1556 1007 941 1009 940 1006 941 1009 1556 1007 942 1008 945 1010 941 1009 942 1008 941 1009 945 1010 944 1011 1554 1013 947 1015 946 1012 947 1015 1554 1013 1555 1014 1555 1014 940 1006 947 1015 940 1006 1555 1014 1556 1007 1554 1013 946 1012 909 976 909 976 1553 975 1554 1013 954 1019 1696 1017 953 1018 1696 1017 954 1019 1703 1016 1664 1021 957 1023 955 1020 957 1023 1664 1021 1665 1022 957 1023 1666 1024 954 1019 1666 1024 957 1023 1665 1022 958 1028 960 1026 959 1027 960 1026 958 1028 956 1025 959 1027 1700 1029 1701 1030 1700 1029 959 1027 960 1026 1666 1024 1703 1016 954 1019 1703 1016 1666 1024 1702 1031 957 1023 954 1019 953 1018 953 1018 955 1020 957 1023 1732 1034 1730 1032 1731 1033 1730 1032 1732 1034 1733 1035 1562 1037 964 1039 951 1036 964 1039 1562 1037 965 1038 1733 1035 1698 1041 1730 1032 1698 1041 1733 1035 1697 1040 965 1038 1663 1042 964 1039 965 1038 1261 1043 967 1044 1261 1043 965 1038 1562 1037 952 1045 1557 942 877 941 1557 942 952 1045 1668 1046 879 946 969 1047 968 1048 975 1051 972 1049 976 1050 972 1049 975 1051 974 1052 974 1052 977 1054 971 1053 974 1052 971 1053 972 1049 974 1052 1647 1056 977 1054 1647 1056 974 1052 1646 1055 1646 1055 975 1051 1645 1057 975 1051 1646 1055 974 1052 1644 1058 975 1051 976 1050 975 1051 1644 1058 1645 1057 982 1060 980 1062 981 1059 980 1062 982 1060 979 1061 979 1061 983 1063 978 1064 983 1063 979 1061 982 1060 1714 1067 1712 1065 1713 1066 1712 1065 1714 1067 1715 1068 1715 1068 1643 1070 1712 1065 1643 1070 1715 1068 973 1069 1716 1072 983 1063 982 1060 983 1063 1716 1072 984 1071 1717 1073 982 1060 981 1059 982 1060 1717 1073 1716 1072 1662 1074 879 946 968 1048 879 946 1662 1074 888 952 970 1076 969 1047 986 1075 969 1047 970 1076 968 1048 988 1078 987 1077 969 1047 987 1077 986 1075 969 1047 1680 1080 988 1078 1687 1079 988 1078 1680 1080 987 1077 991 1083 992 1084 1654 1081 1654 1081 1661 1082 991 1083 994 1085 992 1084 991 1083 992 1084 994 1085 993 1086 992 1084 1684 1087 1685 1088 1684 1087 992 1084 993 1086 997 1089 995 1090 996 1091 997 1089 996 1091 998 1092 1653 1094 997 1089 1652 1093 997 1089 1653 1094 995 1090 1686 1095 992 1084 1685 1088 992 1084 1686 1095 1654 1081 993 1086 994 1085 1000 1096 1001 1097 1000 1096 994 1085 1684 1087 993 1086 1827 1098 993 1086 1000 1096 1827 1098 1661 1082 878 945 991 1083 878 945 1661 1082 879 946 1005 1102 1660 1100 1003 1101 1660 1100 1005 1102 1659 1099 1004 1106 1006 1104 1002 1105 1006 1104 1004 1106 1007 1103 994 1085 991 1083 1006 1104 1006 1104 991 1083 1002 1105 991 1083 878 945 1002 1105 999 1110 989 1108 990 1109 989 1108 999 1110 1008 1107 1720 1113 1718 1111 1719 1112 1718 1111 1720 1113 1721 1114 998 1092 996 1091 1721 1114 998 1092 1721 1114 1720 1113 1008 1107 1723 1116 989 1108 1723 1116 1008 1107 1722 1115 1000 1096 1826 1118 1827 1098 1826 1118 1000 1096 1650 1117 1825 1119 987 1077 1680 1080 987 1077 1825 1119 1009 1120 1651 1121 997 1089 998 1092 997 1089 1651 1121 1652 1093 1009 1120 986 1075 987 1077 986 1075 1009 1120 1010 1122 1010 1122 970 1076 986 1075 970 1076 1010 1122 985 1123 1012 1127 1013 1125 966 1126 1013 1125 1012 1127 1011 1124 1015 1128 1014 1129 1011 1124 1011 1124 1012 1127 1015 1128 1014 1129 1830 1130 1831 1131 1830 1130 1014 1129 1015 1128 1012 1127 1655 1132 1015 1128 1017 1134 1006 1104 1007 1103 1006 1104 1017 1134 1018 1133 1019 1135 1012 1127 939 1005 1012 1127 1019 1135 1018 1133 938 1004 1019 1135 939 1005 1019 1135 938 1004 1020 1136 1018 1133 1019 1135 1001 1097 945 1010 1021 1138 944 1011 1021 1138 945 1010 1022 1137 1018 1133 994 1085 1006 1104 994 1085 1018 1133 1001 1097 1693 1142 1832 1140 1692 1141 1832 1140 1693 1142 1828 1139 1726 1145 1724 1143 1725 1144 1724 1143 1726 1145 1727 1146 1726 1145 1025 1147 1727 1146 1025 1147 1016 1148 1727 1146 1005 1102 1831 1131 1689 1149 1831 1131 1005 1102 1014 1129 1027 1150 1016 1148 1025 1147 1016 1148 1027 1150 1026 1151 1027 1150 1658 1153 1026 1151 1658 1153 1027 1150 1657 1152 1690 1154 1659 1099 1689 1149 1005 1102 1689 1149 1659 1099 1726 1145 1725 1144 1656 1155 1656 1155 1025 1147 1726 1145 1656 1155 1027 1150 1025 1147 1027 1150 1656 1155 1657 1152 1023 1157 1029 1159 1024 1156 1029 1159 1023 1157 1028 1158 1830 1130 1655 1132 1829 1160 1655 1132 1830 1130 1015 1128 1011 1124 1005 1102 1003 1101 1005 1102 1011 1124 1014 1129 962 1162 1013 1125 961 1161 1013 1125 962 1162 966 1126 1040 1164 1038 1166 1032 1163 1038 1166 1040 1164 1039 1165 1042 1167 1041 1168 1039 1165 1042 1167 1039 1165 1040 1164 856 1172 1045 1170 1044 1171 1045 1170 856 1172 1043 1169 1046 1174 1040 1164 1047 1173 1040 1164 1046 1174 1042 1167 1048 1176 1044 1171 1045 1170 1048 1176 1045 1170 1049 1175 1046 1174 1050 1177 1051 1178 1050 1177 1046 1174 1047 1173 1052 1180 1049 1175 1053 1179 1049 1175 1052 1180 1048 1176 1047 1173 1032 1163 1031 1181 1032 1163 1047 1173 1040 1164 1055 1182 1056 1183 1051 1178 1051 1178 1050 1177 1055 1182 1060 1186 1058 1184 1057 1185 1058 1184 1060 1186 1059 1187 1065 1191 1064 1189 1066 1190 1064 1189 1065 1191 1063 1188 866 1194 1067 1192 865 1193 1067 1192 866 1194 1068 1195 1073 1197 1072 1198 1070 1196 1071 1199 1070 1196 1072 1198 776 1203 1062 1201 777 1202 1062 1201 776 1203 1074 1200 1057 1185 1075 1204 1060 1186 1052 1180 1075 1204 1076 1205 1075 1204 1052 1180 1060 1186 1079 1208 1077 1206 1080 1207 1077 1206 1079 1208 1078 1209 1081 1210 1084 1211 1083 1212 1081 1210 1083 1212 1082 1213 1077 1206 1078 1209 1073 1197 1073 1197 1078 1209 1072 1198 1083 1212 1085 1215 1082 1213 1085 1215 1083 1212 1086 1214 1087 1217 1080 1207 1088 1216 1080 1207 1087 1217 1079 1208 1090 1218 1087 1217 1088 1216 1087 1217 1090 1218 1089 1219 1092 1221 1048 1176 1091 1220 1048 1176 1092 1221 1044 1171 1048 1176 1076 1205 1091 1220 1076 1205 1048 1176 1052 1180 1052 1180 1053 1179 1060 1186 1060 1186 1053 1179 1059 1187 773 833 1055 1182 772 834 1055 1182 773 833 1056 1183 772 834 781 1222 779 841 781 1222 772 834 1055 1182 1047 1173 1030 1223 1050 1177 1030 1223 1047 1173 1031 1181 1050 1177 781 1222 1055 1182 781 1222 1050 1177 1030 1223 1094 1224 827 898 828 897 827 898 1094 1224 1093 1225 780 842 1094 1224 1095 1226 1094 1224 780 842 779 841 1094 1224 828 897 1095 1226 833 903 1095 1226 828 897 779 841 1093 1225 1094 1224 1093 1225 779 841 781 1222 1113 1229 1112 1230 1097 1227 1113 1229 1097 1227 1096 1228 1802 1232 1098 1234 1801 1231 1098 1234 1802 1232 1099 1233 1101 1235 1100 1236 1098 1234 1101 1235 1098 1234 1099 1233 797 851 1101 1235 796 852 1101 1235 797 851 1100 1236 792 854 796 852 1103 1237 796 852 1101 1235 1103 1237 1103 1237 1099 1233 1104 1238 1099 1233 1103 1237 1101 1235 791 678 1103 1237 1105 679 1103 1237 1104 1238 1105 679 1804 744 1104 1238 1803 1239 1104 1238 1804 744 1105 679 1803 1239 1099 1233 1802 1232 1099 1233 1803 1239 1104 1238 790 726 792 854 791 678 792 854 1103 1237 791 678 814 880 816 886 815 881 816 886 814 880 1102 1240 1102 1240 1109 1242 1108 1241 1109 1242 1102 1240 814 880 814 880 1493 1243 1109 1242 1493 1243 814 880 1494 883 1110 1244 1490 924 844 918 1490 924 1110 1244 1491 1245 844 918 1111 1246 1110 1244 1111 1246 844 918 845 917 1111 1246 1115 1247 1110 1244 1110 1244 1115 1247 1114 1248 1110 1244 1114 1248 1491 1245 1491 1245 1114 1248 1492 1249 1800 1251 1109 1242 1799 1250 1109 1242 1800 1251 1108 1241 1109 1242 1798 1252 1799 1250 1798 1252 1109 1242 1493 1243 1515 1254 697 1255 1116 1253 1116 1253 697 1255 1107 1256 1117 1257 1515 1254 1116 1253 1515 1254 1117 1257 1380 1258 1380 1258 1118 1259 1517 1260 1118 1259 1380 1258 1117 1257 1122 1262 1082 1213 1121 1261 1082 1213 1122 1262 1081 1210 1121 1261 1085 1215 1120 1263 1085 1215 1121 1261 1082 1213 1130 1264 1120 1263 1085 1215 1120 1263 1130 1264 1119 1265 875 1266 1068 1195 866 1194 1068 1195 875 1266 1131 1267 1137 1269 1135 1271 1314 1268 1135 1271 1137 1269 1136 1270 1139 1274 1571 1272 1572 1273 1571 1272 1139 1274 1138 1275 1140 1279 1143 1277 1141 1278 1143 1277 1140 1279 1142 1276 1145 1283 1144 1280 1146 1282 1144 1280 1147 1281 1146 1282 1152 1286 1153 1287 1148 1284 1148 1284 1149 1285 1152 1286 1150 1291 1158 1289 1151 1290 1158 1289 1150 1291 1157 1288 1313 1293 1159 1295 1161 1292 1159 1295 1313 1293 1160 1294 1161 1292 1159 1295 1162 1296 1161 1292 1162 1296 1163 1297 1165 1298 1164 1299 1152 1286 1153 1287 1152 1286 1164 1299 1167 1303 1169 1301 1168 1302 1169 1301 1167 1303 1166 1300 1170 1304 1169 1301 1166 1300 1169 1301 1170 1304 1171 1305 1136 1270 1173 1307 1135 1271 1173 1307 1136 1270 1172 1306 1173 1307 1172 1306 1174 1308 1173 1307 1174 1308 1175 1309 1175 1309 1174 1308 1176 1310 1175 1309 1176 1310 1177 1311 1179 1315 1181 1313 1180 1314 1181 1313 1179 1315 1178 1312 1181 1313 1182 1316 1183 1317 1182 1316 1181 1313 1178 1312 1184 1319 1177 1311 1176 1310 1184 1319 1176 1310 1185 1318 1170 1304 1184 1319 1171 1305 1184 1319 1185 1318 1171 1305 1183 1317 1186 1320 1187 1321 1186 1320 1183 1317 1182 1316 1186 1320 1189 1323 1187 1321 1189 1323 1186 1320 1188 1322 1193 1325 1180 1314 1194 1324 1180 1314 1193 1325 1179 1315 1157 1288 1194 1324 1158 1289 1194 1324 1157 1288 1193 1325 1195 1326 1198 1327 1197 1328 1195 1326 1197 1328 1196 1329 1147 1281 1195 1326 1146 1282 1195 1326 1147 1281 1198 1327 1202 1331 1203 1333 1200 1330 1203 1333 1202 1331 1201 1332 1233 1335 1203 1333 1201 1332 1201 1332 1204 1334 1233 1335 1206 1337 1208 1339 1207 1336 1208 1339 1206 1337 1205 1338 1210 1343 919 1341 1209 1342 919 1341 1210 1343 917 1340 1205 1338 1212 1345 1208 1339 1212 1345 1205 1338 1211 1344 1212 1345 1213 1346 1214 1347 1213 1346 1212 1345 1211 1344 1216 1349 1215 1350 1213 1346 1213 1346 1217 1348 1216 1349 1214 1347 1215 1350 1218 1351 1215 1350 1214 1347 1213 1346 1211 1344 1217 1348 1213 1346 1217 1348 1211 1344 1219 1352 1220 1353 1211 1344 1205 1338 1211 1344 1220 1353 1219 1352 1223 1354 1205 1338 1206 1337 1205 1338 1223 1354 1220 1353 920 986 903 966 1229 1355 920 986 1229 1355 1204 1334 903 966 900 965 1230 1356 903 966 1230 1356 1229 1355 1229 1355 1232 1357 1231 1358 1232 1357 1229 1355 1230 1356 1238 1361 1237 1362 1236 1359 1236 1359 1235 1360 1238 1361 1253 1363 1237 1362 1238 1361 1237 1362 1253 1363 1252 1364 1238 1361 1234 1365 1254 1366 1234 1365 1238 1361 1235 1360 1255 1367 1238 1361 1254 1366 1238 1361 1255 1367 1253 1363 1256 1368 1253 1363 1255 1367 1253 1363 1256 1368 1257 1369 740 812 1259 1371 751 1370 1259 1371 740 812 749 810 802 865 749 810 750 811 749 810 802 865 1259 1371 766 827 758 826 757 825 758 826 766 827 767 830 79 1373 66 1374 1260 1372 1260 1372 66 1374 754 1375 1691 1376 1692 1141 1832 1140 1001 1097 1650 1117 1000 1096 1650 1117 1001 1097 1010 1122 1633 1378 927 1379 1632 1377 927 1379 1633 1378 1261 1043 1264 1381 1262 1383 930 1380 1262 1383 1264 1381 1263 1382 1670 1385 1266 1387 1265 1384 1266 1387 1670 1385 1671 1386 1672 1388 1266 1387 1671 1386 1266 1387 1672 1388 928 1389 928 1389 929 1390 1266 1387 1266 1387 929 1390 1265 1384 1738 1393 1736 1391 1737 1392 1736 1391 1738 1393 1739 1394 967 1044 1634 1396 1669 1395 1669 1395 932 997 967 1044 932 997 935 1001 967 1044 932 997 931 998 935 1001 1741 1397 1262 1383 1263 1382 1262 1383 1741 1397 1740 1398 1630 993 926 992 1635 1399 926 992 932 997 1635 1399 1670 1385 1738 1393 1737 1392 1738 1393 1670 1385 1265 1384 908 978 1564 1400 1267 1401 1564 1400 908 978 1563 977 1267 1401 1565 1402 1269 1403 1565 1402 1267 1401 1564 1400 1271 1404 1272 1405 1267 1401 1267 1401 1269 1403 1271 1404 1271 1404 1274 1407 1272 1405 1274 1407 1271 1404 1273 1406 1272 1405 948 1408 949 1409 948 1408 1272 1405 1274 1407 1273 1406 1275 1411 1274 1407 1275 1411 1273 1406 1276 1410 1257 1369 1256 1368 1277 1412 1277 1412 1278 1413 1257 1369 1274 1407 943 1414 948 1408 943 1414 1274 1407 1275 1411 1272 1405 949 1409 908 978 908 978 1267 1401 1272 1405 1280 1415 1273 1406 1271 1404 1273 1406 1280 1415 1279 1416 1282 1419 1283 1418 1279 1416 1283 1418 1282 1419 1281 1417 1284 1420 1279 1416 1280 1415 1279 1416 1284 1420 1282 1419 1269 1403 1280 1415 1271 1404 1280 1415 1269 1403 1285 1421 1284 1420 1285 1421 1286 1422 1285 1421 1284 1420 1280 1415 1288 1423 1282 1419 1284 1420 1282 1419 1288 1423 1287 1424 1210 1343 1288 1423 1289 1425 1288 1423 1210 1343 1287 1424 1287 1424 1210 1343 1209 1342 1287 1424 1209 1342 1290 1426 1287 1424 1281 1417 1282 1419 1281 1417 1287 1424 1290 1426 1279 1416 1276 1410 1273 1406 1276 1410 1279 1416 1283 1418 1277 1412 1218 1351 1278 1413 1278 1413 1218 1351 1215 1350 916 1428 1289 1425 1270 1427 1270 1427 1289 1425 1291 1429 917 1340 1289 1425 916 1428 1289 1425 917 1340 1210 1343 1288 1423 1291 1429 1289 1425 1291 1429 1288 1423 1292 1430 1292 1430 1288 1423 1286 1422 1286 1422 1288 1423 1284 1420 1566 1431 1286 1422 1285 1421 1565 1402 1285 1421 1269 1403 1285 1421 1565 1402 1566 1431 910 979 918 985 1268 1432 918 985 910 979 911 980 1036 1434 820 888 1037 1433 820 888 1036 1434 823 889 1035 1436 824 893 1034 1435 1034 1435 824 893 818 892 1293 1437 1085 1215 1086 1214 1085 1215 1293 1437 1130 1264 784 1441 869 1438 1580 1440 1580 1440 869 1438 1579 1439 867 1445 1577 1443 1578 1444 1577 1443 867 1445 868 1442 1044 1171 1092 1221 856 1172 1092 1221 855 1446 856 1172 858 1447 1089 1219 1090 1218 1089 1219 858 1447 857 1448 1295 1452 1297 1450 1296 1451 1297 1450 1295 1452 1294 1449 1081 1210 1296 1451 1084 1211 1296 1451 1297 1450 1084 1211 1123 1453 1081 1210 1122 1262 1081 1210 1123 1453 1296 1451 1124 1454 1295 1452 1123 1453 1123 1453 1295 1452 1296 1451 1301 1455 1278 1413 1215 1350 1301 1455 1215 1350 1216 1349 1112 1230 848 922 849 921 848 922 1112 1230 1113 1229 1189 1323 1305 1457 1304 1456 1305 1457 1189 1323 1188 1322 1759 817 1762 1458 1766 1459 1762 1458 1759 817 1754 818 1766 1459 1767 1460 1768 1461 1767 1460 1766 1459 1762 1458 1316 1465 1318 1463 1317 1464 1318 1463 1316 1465 1315 1462 1319 1466 1318 1463 1315 1462 1318 1463 1319 1466 1320 1467 1321 1469 1197 1328 1322 1468 1197 1328 1321 1469 1196 1329 1324 1470 1323 1471 1321 1469 1321 1469 1322 1468 1324 1470 1320 1467 1319 1466 1323 1471 1323 1471 1324 1470 1320 1467 872 938 1573 1473 1574 939 1573 1473 872 938 874 1472 876 1474 1131 1267 875 1266 1131 1267 876 1474 1132 1475 1134 1477 1119 1265 1133 1476 1119 1265 1134 1477 1120 1263 1120 1263 1129 1478 1121 1261 1129 1478 1120 1263 1134 1477 1121 1261 1127 1479 1122 1262 1127 1479 1121 1261 1129 1478 1126 1480 1122 1262 1127 1479 1122 1262 1126 1480 1123 1453 1126 1480 1124 1454 1123 1453 1124 1454 1126 1480 1128 1481 1199 1482 1125 1483 1124 1454 1199 1482 1124 1454 1128 1481 1147 1281 851 1484 1198 1327 851 1484 1199 1482 1198 1327 1144 1280 873 1485 1147 1281 873 1485 851 1484 1147 1281 1198 1327 1199 1482 1128 1481 1198 1327 1128 1481 1197 1328 1322 1468 1128 1481 1126 1480 1128 1481 1322 1468 1197 1328 1322 1468 1127 1479 1324 1470 1127 1479 1322 1468 1126 1480 1129 1478 1324 1470 1127 1479 1324 1470 1129 1478 1320 1467 1134 1477 1320 1467 1129 1478 1320 1467 1134 1477 1318 1463 1318 1463 1133 1476 1317 1464 1133 1476 1318 1463 1134 1477 1141 1278 1132 1475 876 1474 1132 1475 1141 1278 1143 1277 874 1472 1572 1273 1573 1473 1572 1273 874 1472 1139 1274 1145 1283 1136 1270 1137 1269 1136 1270 1145 1283 1146 1282 1136 1270 1146 1282 1172 1306 1146 1282 1195 1326 1172 1306 1195 1326 1174 1308 1172 1306 1174 1308 1195 1326 1196 1329 1174 1308 1196 1329 1321 1469 1174 1308 1321 1469 1176 1310 1185 1318 1321 1469 1323 1471 1321 1469 1185 1318 1176 1310 1171 1305 1185 1318 1319 1466 1185 1318 1323 1471 1319 1466 1171 1305 1315 1462 1169 1301 1315 1462 1171 1305 1319 1466 1168 1302 1315 1462 1316 1465 1315 1462 1168 1302 1169 1301 1140 1279 1161 1292 1163 1297 1140 1279 1163 1297 1142 1276 1161 1292 1627 1487 1313 1293 1627 1487 1161 1292 1628 1486 1325 1489 1135 1271 1326 1488 1135 1271 1173 1307 1326 1488 1173 1307 1327 1490 1326 1488 1327 1490 1173 1307 1175 1309 1327 1490 1175 1309 1177 1311 1327 1490 1177 1311 1328 1491 1328 1491 1184 1319 1329 1492 1184 1319 1328 1491 1177 1311 1330 1493 1329 1492 1170 1304 1329 1492 1184 1319 1170 1304 1330 1493 1166 1300 1331 1494 1166 1300 1330 1493 1170 1304 1167 1303 1332 1495 1331 1494 1167 1303 1331 1494 1166 1300 1159 1295 1334 1497 1333 1496 1159 1295 1333 1496 1162 1296 1159 1295 1335 1498 1334 1497 1335 1498 1159 1295 1160 1294 1314 1268 1325 1489 1336 1499 1325 1489 1314 1268 1135 1271 1334 1497 1335 1498 1153 1287 1335 1498 1148 1284 1153 1287 1334 1497 1153 1287 1164 1299 1334 1497 1164 1299 1333 1496 1332 1495 1305 1457 1188 1322 1332 1495 1188 1322 1331 1494 1331 1494 1186 1320 1330 1493 1186 1320 1331 1494 1188 1322 1182 1316 1330 1493 1186 1320 1330 1493 1182 1316 1329 1492 1178 1312 1329 1492 1182 1316 1329 1492 1178 1312 1328 1491 1327 1490 1178 1312 1179 1315 1178 1312 1327 1490 1328 1491 1326 1488 1179 1315 1193 1325 1179 1315 1326 1488 1327 1490 1325 1489 1193 1325 1157 1288 1193 1325 1325 1489 1326 1488 1325 1489 1157 1288 1336 1499 1150 1291 1336 1499 1157 1288 1306 1501 1152 1286 1149 1285 1149 1285 1155 1500 1306 1501 1306 1501 1165 1298 1152 1286 1165 1298 1306 1501 1307 1502 1304 1456 1309 1504 1308 1503 1304 1456 1308 1503 1189 1323 1187 1321 1308 1503 1310 1505 1308 1503 1187 1321 1189 1323 1187 1321 1310 1505 1191 1506 1191 1506 1183 1317 1187 1321 1183 1317 1191 1506 1190 1507 1190 1507 1181 1313 1183 1317 1180 1314 1190 1507 1192 1508 1190 1507 1180 1314 1181 1313 1194 1324 1192 1508 1298 1509 1192 1508 1194 1324 1180 1314 1158 1289 1298 1509 1156 1510 1298 1509 1158 1289 1194 1324 1151 1290 1156 1510 1154 1511 1156 1510 1151 1290 1158 1289 1156 1510 1226 1512 1154 1511 1251 1513 1154 1511 1226 1512 1155 1500 1249 1515 1306 1501 1249 1515 1155 1500 1250 1514 1249 1515 1307 1502 1306 1501 1307 1502 1249 1515 1241 1516 1309 1504 1243 1518 1308 1503 1243 1518 1309 1504 1242 1517 1247 1519 1308 1503 1243 1518 1308 1503 1247 1519 1310 1505 1248 1520 1310 1505 1247 1519 1310 1505 1248 1520 1191 1506 1299 1521 1191 1506 1248 1520 1191 1506 1299 1521 1190 1507 1190 1507 1299 1521 1192 1508 1300 1522 1192 1508 1299 1521 1192 1508 1300 1522 1298 1509 1227 1523 1298 1509 1300 1522 1298 1509 1227 1523 1156 1510 1226 1512 1156 1510 1227 1523 1227 1523 1222 1525 1224 1524 1222 1525 1227 1523 1300 1522 1300 1522 1221 1526 1222 1525 1221 1526 1300 1522 1299 1521 1221 1526 1248 1520 1302 1527 1248 1520 1221 1526 1299 1521 1247 1519 1302 1527 1248 1520 1302 1527 1247 1519 1246 1528 1243 1518 1246 1528 1247 1519 1246 1528 1243 1518 1245 1529 1245 1529 1242 1517 1244 1530 1242 1517 1245 1529 1243 1518 1239 1531 1241 1516 1249 1515 1241 1516 1239 1531 1240 1532 1249 1515 1258 1533 1239 1531 1258 1533 1249 1515 1250 1514 1251 1513 1225 1534 1228 1535 1225 1534 1251 1513 1226 1512 1227 1523 1224 1524 1226 1512 1225 1534 1226 1512 1224 1524 1224 1524 1220 1353 1223 1354 1220 1353 1224 1524 1222 1525 1222 1525 1219 1352 1220 1353 1219 1352 1222 1525 1221 1526 1219 1352 1302 1527 1217 1348 1302 1527 1219 1352 1221 1526 1217 1348 1246 1528 1216 1349 1246 1528 1217 1348 1302 1527 1245 1529 1301 1455 1216 1349 1245 1529 1216 1349 1246 1528 1301 1455 1244 1530 1337 1536 1244 1530 1301 1455 1245 1529 1237 1362 1240 1532 1239 1531 1240 1532 1237 1362 1252 1364 1239 1531 1236 1359 1237 1362 1236 1359 1239 1531 1258 1533 1228 1535 1202 1331 1200 1330 1202 1331 1228 1535 1225 1534 1225 1534 1223 1354 1202 1331 1223 1354 1225 1534 1224 1524 1337 1536 1278 1413 1301 1455 1278 1413 1337 1536 1257 1369 1517 1260 817 912 1516 915 817 912 1517 1260 1118 1259 1338 1537 1339 1538 842 916 1338 1537 842 916 843 919 843 919 1487 1539 1338 1537 1487 1539 843 919 1486 925 1340 1540 1518 914 841 913 1518 914 1340 1540 1519 1541 830 902 831 901 840 908 837 910 840 908 831 901 840 908 764 823 830 902 764 823 833 903 830 902 758 826 833 903 764 823 833 903 758 826 1095 1226 758 826 767 830 1095 1226 767 830 780 842 1095 1226 767 830 768 829 780 842 768 829 771 831 780 842 770 836 771 831 768 829 771 831 770 836 774 832 1069 1542 777 1202 1062 1201 777 1202 1069 1542 1061 1543 1063 1188 1071 1199 1064 1189 1071 1199 1063 1188 1070 1196 1130 1264 1293 1437 1068 1195 1067 1192 1068 1195 1293 1437 1068 1195 1119 1265 1130 1264 1119 1265 1068 1195 1131 1267 1133 1476 1131 1267 1132 1475 1131 1267 1133 1476 1119 1265 1317 1464 1132 1475 1143 1277 1132 1475 1317 1464 1133 1476 1316 1465 1317 1464 1142 1276 1143 1277 1142 1276 1317 1464 1168 1302 1316 1465 1163 1297 1142 1276 1163 1297 1316 1465 1167 1303 1163 1297 1162 1296 1163 1297 1167 1303 1168 1302 1332 1495 1162 1296 1333 1496 1162 1296 1332 1495 1167 1303 1333 1496 1305 1457 1332 1495 1305 1457 1333 1496 1164 1299 1164 1299 1304 1456 1305 1457 1304 1456 1164 1299 1165 1298 1309 1504 1165 1298 1307 1502 1165 1298 1309 1504 1304 1456 1307 1502 1241 1516 1242 1517 1307 1502 1242 1517 1309 1504 1244 1530 1241 1516 1240 1532 1241 1516 1244 1530 1242 1517 1240 1532 1252 1364 1337 1536 1240 1532 1337 1536 1244 1530 1257 1369 1252 1364 1253 1363 1252 1364 1257 1369 1337 1536 1013 1125 963 1545 961 1161 963 1545 1013 1125 1561 1544 1011 1124 1003 1101 1013 1125 1013 1125 1003 1101 1561 1544 880 940 1559 974 907 973 1559 974 880 940 1558 943 921 987 907 973 909 976 907 973 921 987 880 940 923 989 909 976 946 1012 909 976 923 989 921 987 946 1012 933 999 923 989 933 999 946 1012 947 1015 947 1015 934 1000 933 999 934 1000 947 1015 940 1006 941 1009 934 1000 940 1006 934 1000 941 1009 936 1003 941 1009 938 1004 936 1003 938 1004 941 1009 944 1011 944 1011 1020 1136 938 1004 1020 1136 944 1011 1021 1138 1230 1356 899 964 1232 1357 899 964 1230 1356 897 962 900 965 897 962 1230 1356 897 962 900 965 892 957 901 968 889 955 892 957 901 968 892 957 900 965 904 970 887 953 889 955 904 970 889 955 901 968 882 947 904 970 883 950 904 970 882 947 887 953 882 947 884 949 881 944 884 949 882 947 883 950 1209 1342 1207 1336 1208 1339 1207 1336 1209 1342 919 1341 1209 1342 1212 1345 1290 1426 1212 1345 1209 1342 1208 1339 1281 1417 1212 1345 1214 1347 1212 1345 1281 1417 1290 1426 1281 1417 1218 1351 1283 1418 1218 1351 1281 1417 1214 1347 1283 1418 1277 1412 1276 1410 1277 1412 1283 1418 1218 1351 1275 1411 1276 1410 1256 1368 1276 1410 1277 1412 1256 1368 943 1414 1275 1411 1255 1367 1275 1411 1256 1368 1255 1367 1254 1366 942 1008 1255 1367 942 1008 1254 1366 945 1010 1254 1366 1022 1137 945 1010 1022 1137 1254 1366 1234 1365 1231 1358 1233 1335 1204 1334 1204 1334 1229 1355 1231 1358 939 1005 1012 1127 966 1126 965 1038 939 1005 966 1126 939 1005 965 1038 937 1002 937 1002 965 1038 967 1044 967 1044 935 1001 937 1002 1204 1334 1341 1546 920 986 1341 1546 1204 1334 1201 1332 920 986 914 983 915 982 914 983 920 986 1341 1546 1341 1546 1201 1332 1207 1336 1207 1336 1201 1332 1206 1337 914 983 1341 1546 919 1341 919 1341 1341 1546 1207 1336 917 1340 914 983 919 1341 914 983 917 1340 913 984 918 985 917 1340 916 1428 917 1340 918 985 913 984 1268 1432 916 1428 1270 1427 916 1428 1268 1432 918 985 1201 1332 1202 1331 1206 1337 1202 1331 1223 1354 1206 1337 873 1485 871 1547 851 1484 871 1547 1342 1548 851 1484 1342 1548 1199 1482 851 1484 1199 1482 1342 1548 1125 1483 1125 1483 1343 1549 1124 1454 1343 1549 1295 1452 1124 1454 871 1547 859 1550 1342 1548 859 1550 1344 1551 1342 1548 1342 1548 1343 1549 1125 1483 1343 1549 1342 1548 1344 1551 859 1550 860 1552 1345 1553 859 1550 1345 1553 1344 1551 1344 1551 1345 1553 1346 1554 1344 1551 1346 1554 1343 1549 1346 1554 1295 1452 1343 1549 1295 1452 1346 1554 1294 1449 1090 1218 1348 1555 858 1447 1348 1555 1347 1556 858 1447 862 1558 1349 1560 861 1557 1349 1560 862 1558 1350 1559 1349 1560 1350 1559 1347 1556 1349 1560 1347 1556 1348 1555 1767 1460 1769 1562 1768 1461 1769 1562 1767 1460 1763 1561 67 1564 1352 1566 788 1563 1352 1566 67 1564 80 1565 1353 1568 1351 1569 786 1567 786 1567 1351 1569 870 1570 787 1573 783 1571 782 1572 783 1571 787 1573 1354 1574 1752 816 1770 1576 1755 813 1770 1576 1752 816 1753 1575 1770 1576 1760 1577 1755 813 1755 813 1760 1577 1754 818 1760 1577 1761 1578 1754 818 1754 818 1761 1578 1762 1458 1765 845 1763 1561 1767 1460 1763 1561 1765 845 1764 848 787 1573 788 1563 1354 1574 788 1563 1352 1566 1354 1574 1353 1568 789 1580 1351 1569 789 1580 1353 1568 1355 1579 852 928 1350 1559 1356 1581 1350 1559 852 928 1347 1556 858 1447 1347 1556 853 931 1347 1556 852 928 853 931 857 1448 858 1447 854 933 858 1447 853 931 854 933 855 1446 1054 1583 856 1172 1054 1583 855 1446 1357 1582 1358 1584 1033 1585 1039 1165 1039 1165 1033 1585 1038 1166 1362 1587 1361 1588 1359 1586 1359 1586 1361 1588 1360 1589 1363 1590 736 798 733 793 1363 1590 733 793 737 800 1364 1592 1363 1590 737 800 1364 1592 737 800 1365 1591 1365 1591 1362 1587 1364 1592 1362 1587 1365 1591 1361 1588 736 798 81 1593 1260 1372 1260 1372 81 1593 79 1373 81 1593 1363 1590 82 1594 1363 1590 81 1593 736 798 84 1595 91 1596 1359 1586 1359 1586 91 1596 1362 1587 1364 1592 91 1596 83 1597 91 1596 1364 1592 1362 1587 83 1597 1363 1590 1364 1592 1363 1590 83 1597 82 1594 819 895 834 1599 1370 1598 834 1599 819 895 825 894 829 896 1371 1600 832 900 1371 1600 829 896 826 899 822 890 1373 1602 821 891 1373 1602 822 890 1372 1601 827 898 1093 1225 1037 1433 1037 1433 820 888 827 898 820 888 826 899 827 898 826 899 820 888 821 891 821 891 1371 1600 826 899 1371 1600 821 891 1373 1602 1030 1223 1093 1225 781 1222 1093 1225 1030 1223 1037 1433 1031 1181 1037 1433 1030 1223 1037 1433 1031 1181 1036 1434 824 893 69 1604 825 894 69 1604 824 893 70 1603 77 1606 1033 1585 78 1605 1033 1585 77 1606 1035 1436 1035 1436 1038 1166 1033 1585 1036 1434 818 892 823 889 818 892 1036 1434 1034 1435 823 889 819 895 822 890 819 895 823 889 818 892 822 890 1370 1598 1372 1601 1370 1598 822 890 819 895 1367 1609 1379 1607 1366 1608 1379 1607 1367 1609 1380 1258 1031 1181 1034 1435 1036 1434 1034 1435 1031 1181 1032 1163 1032 1163 1035 1436 1034 1435 1035 1436 1032 1163 1038 1166 1761 1578 1760 1577 1743 1610 1743 1610 1744 1611 1761 1578 87 1612 71 929 1356 1581 1356 1581 71 929 852 928 69 1604 86 1613 825 894 825 894 86 1613 834 1599 1035 1436 77 1606 824 893 77 1606 70 1603 824 893 1761 1578 1746 846 1765 845 1746 846 1761 1578 1744 1611 1357 1582 76 1614 1054 1583 76 1614 1357 1582 88 1615 1033 1585 89 1616 78 1605 89 1616 1033 1585 1358 1584 1360 1589 90 1617 84 1595 1360 1589 84 1595 1359 1586 803 864 1793 863 1340 1540 1340 1540 1793 863 1519 1541 1393 1620 1391 1618 1394 1619 1391 1618 1393 1620 1392 1621 1396 1622 1393 1620 1394 1619 1393 1620 1396 1622 1395 1623 1391 1618 1398 1625 1397 1624 1398 1625 1391 1618 1392 1621 1398 1625 1399 1627 1397 1624 1399 1627 1398 1625 1400 1626 1400 1626 1401 1628 1399 1627 1401 1628 1400 1626 1402 1629 1401 1628 1402 1629 1403 1630 1404 1631 1403 1630 1402 1629 1403 1630 1404 1631 1405 1632 1406 1633 1405 1632 1404 1631 1405 1632 1406 1633 1408 1634 1405 1632 1408 1634 1407 1635 1408 1634 1409 1637 1407 1635 1409 1637 1408 1634 1410 1636 1410 1636 1396 1622 1409 1637 1396 1622 1410 1636 1395 1623 1411 1639 1381 1640 1412 1638 1382 1641 1412 1638 1381 1640 1412 1638 1382 1641 1413 1642 1383 1643 1413 1642 1382 1641 1413 1642 1390 1645 1414 1644 1390 1645 1413 1642 1383 1643 1414 1644 1389 1647 1415 1646 1389 1647 1414 1644 1390 1645 1415 1646 1388 1649 1416 1648 1388 1649 1415 1646 1389 1647 1388 1649 1417 1650 1416 1648 1417 1650 1388 1649 1387 1651 1387 1651 1418 1652 1417 1650 1418 1652 1387 1651 1386 1653 1418 1652 1386 1653 1419 1654 1385 1655 1419 1654 1386 1653 1419 1654 1385 1655 1420 1656 1384 1657 1420 1656 1385 1655 1420 1656 1384 1657 1411 1639 1381 1640 1411 1639 1384 1657 860 1552 1349 1560 1345 1553 1349 1560 860 1552 861 1557 1345 1553 1348 1555 1346 1554 1348 1555 1345 1553 1349 1560 1346 1554 1348 1555 1090 1218 1346 1554 1090 1218 1294 1449 1294 1449 1088 1216 1297 1450 1088 1216 1294 1449 1090 1218 1297 1450 1080 1207 1084 1211 1080 1207 1297 1450 1088 1216 1080 1207 1083 1212 1084 1211 1083 1212 1080 1207 1077 1206 1077 1206 1086 1214 1083 1212 1086 1214 1077 1206 1073 1197 1293 1437 1073 1197 1070 1196 1073 1197 1293 1437 1086 1214 1067 1192 1070 1196 1063 1188 1070 1196 1067 1192 1293 1437 865 1193 1063 1188 1065 1191 1063 1188 865 1193 1067 1192 868 1442 1576 936 1577 1443 1576 936 868 1442 864 937 68 1658 87 1612 789 1580 789 1580 87 1612 1356 1581 1350 1559 1351 1569 1356 1581 1356 1581 1351 1569 789 1580 1351 1569 862 1558 870 1570 862 1558 1351 1569 1350 1559 869 1438 1578 1444 1579 1439 1578 1444 869 1438 867 1445 1074 1200 1066 1190 1064 1189 1074 1200 1064 1189 1062 1201 1062 1201 1071 1199 1069 1542 1071 1199 1062 1201 1064 1189 1069 1542 1071 1199 1057 1185 1071 1199 1072 1198 1057 1185 1072 1198 1075 1204 1057 1185 1075 1204 1072 1198 1078 1209 1078 1209 1076 1205 1075 1204 1076 1205 1078 1209 1079 1208 1079 1208 1087 1217 1091 1220 1091 1220 1076 1205 1079 1208 1092 1221 1091 1220 1089 1219 1089 1219 1091 1220 1087 1217 1092 1221 1089 1219 855 1446 1089 1219 857 1448 855 1446 855 1446 857 1448 1357 1582 857 1448 854 933 1357 1582 854 933 88 1615 1357 1582 854 933 73 932 88 1615 1045 1170 1041 1168 1042 1167 1041 1168 1045 1170 1043 1169 1049 1175 1042 1167 1046 1174 1042 1167 1049 1175 1045 1170 1049 1175 1046 1174 1053 1179 1053 1179 1046 1174 1051 1178 1053 1179 1056 1183 1059 1187 1056 1183 1053 1179 1051 1178 1058 1184 1056 1183 773 833 1056 1183 1058 1184 1059 1187 1061 1543 773 833 774 832 773 833 1061 1543 1058 1184 777 1202 774 832 770 836 774 832 777 1202 1061 1543 776 1203 777 1202 775 835 775 835 777 1202 770 836 784 1441 1581 837 778 840 1581 837 784 1441 1580 1440 783 1571 1354 1574 786 1567 1354 1574 1353 1568 786 1567 1352 1566 1353 1568 1354 1574 1353 1568 1352 1566 1355 1579 1421 1660 1392 1621 1422 1659 1393 1620 1422 1659 1392 1621 1422 1659 1395 1623 1423 1661 1395 1623 1422 1659 1393 1620 1424 1662 1392 1621 1421 1660 1392 1621 1424 1662 1398 1625 1424 1662 1400 1626 1398 1625 1400 1626 1424 1662 1425 1663 1426 1664 1402 1629 1425 1663 1400 1626 1425 1663 1402 1629 1404 1631 1426 1664 1427 1665 1426 1664 1404 1631 1402 1629 1406 1633 1427 1665 1428 1666 1427 1665 1406 1633 1404 1631 1429 1668 1410 1636 1408 1634 1410 1636 1429 1668 1430 1667 1423 1661 1395 1623 1430 1667 1410 1636 1430 1667 1395 1623 1434 1670 1432 1672 1431 1669 1432 1672 1434 1670 1433 1671 1436 1676 1438 1674 1437 1675 1438 1674 1436 1676 1435 1673 1431 1669 1432 1672 1439 1677 1431 1669 1439 1677 1440 1678 1441 1680 1443 1682 1442 1679 1443 1682 1441 1680 1444 1681 1796 1684 1446 1686 1445 1683 1446 1686 1796 1684 1797 1685 1445 1683 1446 1686 1447 1687 1448 1688 1447 1687 1446 1686 1449 1690 1448 1688 1450 1689 1448 1688 1449 1690 1447 1687 1452 1693 1451 1694 1454 1691 1452 1693 1454 1691 1453 1692 1458 1696 1456 1698 1455 1695 1456 1698 1458 1696 1457 1697 1460 1699 1457 1697 1458 1696 1457 1697 1460 1699 1459 1700 1461 1702 1460 1699 1462 1701 1460 1699 1461 1702 1459 1700 1464 1703 1463 1704 1461 1702 1464 1703 1461 1702 1462 1701 1465 1708 1466 1705 1467 1707 1466 1705 1468 1706 1467 1707 1467 1707 1468 1706 1469 1710 1468 1706 1470 1709 1469 1710 1471 1712 1470 1709 1472 1711 1470 1709 1471 1712 1469 1710 1473 1714 1472 1711 1474 1713 1472 1711 1473 1714 1471 1712 1473 1714 1455 1695 1456 1698 1455 1695 1473 1714 1474 1713 1457 1697 1475 1716 1456 1698 1475 1716 1457 1697 1476 1715 1484 1720 1483 1718 1485 1719 1483 1718 1484 1720 1482 1717 1454 1691 1438 1674 1453 1692 1438 1674 1454 1691 1437 1675 1439 1677 1442 1679 1440 1678 1442 1679 1439 1677 1441 1680 1475 1716 1499 1722 1456 1698 1499 1722 1475 1716 1498 1721 1499 1722 1498 1721 1484 1720 1484 1720 1485 1719 1499 1722 1429 1668 1406 1633 1428 1666 1406 1633 1429 1668 1408 1634 1463 1704 1466 1705 1465 1708 1466 1705 1463 1704 1464 1703 1822 1724 1450 1689 1821 1723 1450 1689 1822 1724 1449 1690 1761 1578 1765 845 1762 1458 1762 1458 1765 845 1767 1460 846 920 1501 1725 1500 1726 1501 1725 846 920 847 923 1435 1673 1433 1671 1434 1670 1433 1671 1435 1673 1436 1676 1488 927 850 926 1338 1537 1488 927 1338 1537 1487 1539 850 926 1339 1538 1338 1537 1339 1538 850 926 1503 1727 1505 1728 1500 1726 1501 1725 1500 1726 1505 1728 1504 1729 1476 1715 1459 1700 1502 1730 1459 1700 1476 1715 1457 1697 811 879 850 926 810 877 850 926 811 879 1503 1727 1506 1732 1505 1728 1507 1731 1505 1728 1506 1732 1504 1729 806 866 1506 1732 1507 1731 1508 1733 799 859 803 864 799 859 1508 1733 806 866 1508 1733 1506 1732 806 866 1506 1732 1508 1733 1509 1734 1506 1732 1510 1735 1504 1729 1510 1735 1506 1732 1509 1734 1509 1734 1508 1733 803 864 803 864 1340 1540 1509 1734 1509 1734 841 913 1510 1735 841 913 1509 1734 1340 1540 1504 1729 1511 1736 1500 1726 1511 1736 1504 1729 1510 1735 1510 1735 841 913 817 912 1510 1735 817 912 1511 1736 1512 1737 1500 1726 1511 1736 1500 1726 1512 1737 846 920 1118 1259 1511 1736 817 912 1511 1736 1118 1259 1512 1737 1513 1738 846 920 1512 1737 846 920 1513 1738 849 921 1117 1257 1512 1737 1118 1259 1512 1737 1117 1257 1513 1738 1116 1253 1513 1738 1117 1257 1513 1738 1116 1253 1514 1739 1514 1739 849 921 1513 1738 849 921 1514 1739 1112 1230 1116 1253 1107 1256 1514 1739 1514 1739 1107 1256 1106 1740 1112 1230 1106 1740 1097 1227 1106 1740 1112 1230 1514 1739 1366 1608 1377 1741 1374 1742 1377 1741 1366 1608 1379 1607 1368 1744 1374 1742 1369 1743 1374 1742 1368 1744 1366 1608 85 1745 1368 1744 1369 1743 1368 1744 85 1745 74 1746 1368 1744 74 1746 1378 1748 74 1746 75 1747 1378 1748 1378 1748 1366 1608 1368 1744 1366 1608 1378 1748 1367 1609 1519 1541 748 807 1520 1749 748 807 807 868 1520 1749 807 868 836 1750 1520 1749 1520 1749 1518 914 1519 1541 1518 914 1520 1749 1521 1751 836 1750 1521 1751 1520 1749 1521 1751 836 1750 835 1752 835 1752 1375 1753 1521 1751 1521 1751 1375 1753 1522 1754 1377 1741 1379 1607 1376 1756 1379 1607 1523 1755 1376 1756 1380 1258 1523 1755 1379 1607 1523 1755 1380 1258 1517 1260 1522 1754 1375 1753 1376 1756 1522 1754 1376 1756 1523 1755 1523 1755 1516 915 1522 1754 1516 915 1523 1755 1517 1260 1518 914 1522 1754 1516 915 1522 1754 1518 914 1521 1751 1380 1258 1367 1609 1515 1254 1367 1609 1524 1757 1515 1254 1378 1748 1524 1757 1367 1609 1524 1757 1378 1748 1525 1758 75 1747 1525 1758 1378 1748 1525 1758 75 1747 92 1759 1524 1757 697 1255 1515 1254 697 1255 1524 1757 698 1760 1525 1758 698 1760 1524 1757 698 1760 1525 1758 699 1761 92 1759 699 1761 1525 1758 699 1761 92 1759 58 1762 1433 1671 1486 925 1432 1672 1486 925 1433 1671 1487 1539 1436 1676 1487 1539 1433 1671 1487 1539 1436 1676 1488 927 1437 1675 1488 927 1436 1676 1488 927 1437 1675 1489 878 1497 875 1437 1675 1454 1691 1437 1675 1497 875 1489 878 1497 875 1451 1694 1496 876 1451 1694 1497 875 1454 1691 1821 1723 1495 882 1820 885 1495 882 1821 1723 1450 1689 1448 1688 1494 883 1450 1689 1495 882 1450 1689 1494 883 1446 1686 1494 883 1448 1688 1494 883 1446 1686 1493 1243 1797 1685 1493 1243 1446 1686 1493 1243 1797 1685 1798 1252 1441 1680 1492 1249 1444 1681 1492 1249 1441 1680 1491 1245 1439 1677 1491 1245 1441 1680 1491 1245 1439 1677 1490 924 1490 924 1432 1672 1486 925 1432 1672 1490 924 1439 1677 1476 1715 1431 1669 1475 1716 1431 1669 1476 1715 1434 1670 1434 1670 1502 1730 1435 1673 1502 1730 1434 1670 1476 1715 1453 1692 1823 1763 1477 1764 1823 1763 1453 1692 1438 1674 1478 1765 1453 1692 1477 1764 1453 1692 1478 1765 1452 1693 1478 1765 1479 1766 1824 1767 1479 1766 1478 1765 1839 1768 1479 1766 1447 1687 1449 1690 1447 1687 1479 1766 1480 1769 1481 1770 1445 1683 1480 1769 1447 1687 1480 1769 1445 1683 1795 1771 1445 1683 1481 1770 1445 1683 1795 1771 1796 1684 1443 1682 1482 1717 1442 1679 1484 1720 1442 1679 1482 1717 1440 1678 1484 1720 1498 1721 1484 1720 1440 1678 1442 1679 1440 1678 1498 1721 1431 1669 1475 1716 1431 1669 1498 1721 1839 1768 1478 1765 1838 1772 1478 1765 1477 1764 1838 1772 1467 1707 1480 1769 1465 1708 1479 1766 1465 1708 1480 1769 1467 1707 1481 1770 1480 1769 1481 1770 1467 1707 1469 1710 1469 1710 1471 1712 1483 1718 1469 1710 1483 1718 1794 1773 1473 1714 1485 1719 1471 1712 1485 1719 1483 1718 1471 1712 1485 1719 1456 1698 1499 1722 1456 1698 1485 1719 1473 1714 1422 1659 1455 1695 1421 1660 1455 1695 1422 1659 1458 1696 1423 1661 1458 1696 1422 1659 1458 1696 1423 1661 1460 1699 1462 1701 1423 1661 1430 1667 1423 1661 1462 1701 1460 1699 1429 1668 1462 1701 1430 1667 1462 1701 1429 1668 1464 1703 1466 1705 1464 1703 1428 1666 1428 1666 1464 1703 1429 1668 1466 1705 1428 1666 1468 1706 1428 1666 1427 1665 1468 1706 1468 1706 1427 1665 1470 1709 1427 1665 1426 1664 1470 1709 1472 1711 1426 1664 1425 1663 1426 1664 1472 1711 1470 1709 1424 1662 1474 1713 1425 1663 1474 1713 1472 1711 1425 1663 1421 1660 1474 1713 1424 1662 1474 1713 1421 1660 1455 1695 1394 1619 1411 1639 1412 1638 1411 1639 1394 1619 1391 1618 1396 1622 1412 1638 1413 1642 1412 1638 1396 1622 1394 1619 1409 1637 1413 1642 1414 1644 1413 1642 1409 1637 1396 1622 1409 1637 1414 1644 1407 1635 1415 1646 1407 1635 1414 1644 1415 1646 1405 1632 1407 1635 1405 1632 1415 1646 1416 1648 1416 1648 1403 1630 1405 1632 1403 1630 1416 1648 1417 1650 1403 1630 1417 1650 1418 1652 1403 1630 1418 1652 1401 1628 1399 1627 1418 1652 1419 1654 1418 1652 1399 1627 1401 1628 1399 1627 1419 1654 1397 1624 1420 1656 1397 1624 1419 1654 1391 1618 1420 1656 1411 1639 1420 1656 1391 1618 1397 1624 1365 1591 1526 1774 1361 1588 1361 1588 1526 1774 1527 1775 1365 1591 737 800 738 799 1365 1591 738 799 1526 1774 1361 1588 1527 1775 1360 1589 1360 1589 1527 1775 1528 1776 1360 1589 1528 1776 90 1617 1528 1776 93 1777 90 1617 1526 1774 1530 1779 1529 1778 1530 1779 1526 1774 738 799 735 795 752 1780 745 796 1303 1781 745 796 752 1780 735 795 754 1375 752 1780 754 1375 735 795 1260 1372 1530 1779 734 792 731 791 734 792 1530 1779 738 799 751 1370 1533 1783 1531 1782 1533 1783 751 1370 1259 1371 802 865 1534 1784 1259 1371 1533 1783 1259 1371 1534 1784 801 861 1534 1784 802 865 1534 1784 801 861 1535 1785 1535 1785 1536 1786 1534 1784 1536 1786 1533 1783 1534 1784 1536 1786 1532 1787 1533 1783 1532 1787 1531 1782 1533 1783 1537 1788 1526 1774 1529 1778 1526 1774 1537 1788 1527 1775 1539 1789 801 861 798 860 801 861 1539 1789 1535 1785 1540 1790 1535 1785 1539 1789 1535 1785 1540 1790 1536 1786 1536 1786 1540 1790 1538 1791 1538 1791 1532 1787 1536 1786 1541 857 798 860 804 858 798 860 1541 857 1539 1789 1542 1792 1539 1789 1541 857 1539 1789 1542 1792 1540 1790 793 856 1545 1793 1542 1792 793 856 1542 1792 1541 857 1540 1790 1542 1792 1543 1794 1540 1790 1543 1794 1538 1791 1545 1793 1543 1794 1542 1792 1543 1794 1545 1793 1546 1795 1616 1798 1547 1799 1544 1796 1544 1796 1615 1797 1616 1798 1548 1800 96 1801 93 1777 1548 1800 93 1777 1528 1776 1547 1799 1548 1800 1528 1776 1528 1776 1544 1796 1547 1799 792 854 1814 1802 1815 853 1814 1802 792 854 790 726 1814 1802 790 726 1549 753 1814 1802 1549 753 1813 1803 1617 758 1550 757 1811 1804 1811 1804 1812 1805 1617 758 1550 757 1551 762 1810 1806 1810 1806 1811 1804 1550 757 1537 1788 1544 1796 1527 1775 1527 1775 1544 1796 1528 1776 1020 1136 898 963 1019 1135 898 963 1020 1136 899 964 1021 1138 1232 1357 1020 1136 1232 1357 899 964 1020 1136 1022 1137 1231 1358 1021 1138 1231 1358 1232 1357 1021 1138 1022 1137 1234 1365 1233 1335 1233 1335 1231 1358 1022 1137 1234 1365 1235 1360 1203 1333 1203 1333 1233 1335 1234 1365 1235 1360 1236 1359 1200 1330 1200 1330 1203 1333 1235 1360 1236 1359 1258 1533 1228 1535 1228 1535 1200 1330 1236 1359 1250 1514 1228 1535 1258 1533 1228 1535 1250 1514 1251 1513 1155 1500 1251 1513 1250 1514 1251 1513 1155 1500 1154 1511 1149 1285 1154 1511 1155 1500 1154 1511 1149 1285 1151 1290 1148 1284 1151 1290 1149 1285 1151 1290 1148 1284 1150 1291 1335 1498 1150 1291 1148 1284 1150 1291 1335 1498 1336 1499 1160 1294 1336 1499 1335 1498 1336 1499 1160 1294 1314 1268 1137 1269 1314 1268 1313 1293 1313 1293 1314 1268 1160 1294 1627 1487 1137 1269 1313 1293 1137 1269 1627 1487 1629 1807 1144 1280 1590 1808 1591 1809 1590 1808 1144 1280 1145 1283 1592 1810 1144 1280 1591 1809 1144 1280 1592 1810 873 1485 1593 1811 873 1485 1592 1810 873 1485 1593 1811 871 1547 1594 1812 871 1547 1593 1811 871 1547 1594 1812 859 1550 1595 1813 859 1550 1594 1812 859 1550 1595 1813 860 1552 1596 1814 860 1552 1595 1813 860 1552 1596 1814 861 1557 1597 1815 861 1557 1596 1814 861 1557 1597 1815 862 1558 870 1570 1597 1815 1598 1816 1597 1815 870 1570 862 1558 786 1567 1598 1816 1599 1817 1598 1816 786 1567 870 1570 783 1571 1599 1817 1600 1818 1599 1817 783 1571 786 1567 1601 1819 783 1571 1600 1818 783 1571 1601 1819 782 1572 1602 1820 782 1572 1601 1819 782 1572 1602 1820 1312 1821 1312 1821 1603 1822 1311 1823 1603 1822 1312 1821 1602 1820 1311 1823 1604 1824 760 1825 1604 1824 1311 1823 1603 1822 760 1825 1605 1826 755 1827 1605 1826 760 1825 1604 1824 755 1827 1606 1829 753 1828 1606 1829 755 1827 1605 1826 1608 1831 1303 1781 1607 1830 1303 1781 1608 1831 745 796 1609 1832 745 796 1608 1831 745 796 1609 1832 732 797 1610 1833 730 794 1609 1832 730 794 732 797 1609 1832 731 791 1610 1833 1611 1834 1610 1833 731 791 730 794 1530 1779 1611 1834 1612 1835 1611 1834 1530 1779 731 791 1529 1778 1530 1779 1612 1835 1529 1778 1612 1835 1613 1836 1614 1837 1529 1778 1613 1836 1529 1778 1614 1837 1537 1788 1649 1838 985 1123 896 961 985 1123 898 963 896 961 898 963 1001 1097 1019 1135 1001 1097 898 963 1010 1122 1010 1122 898 963 985 1123 895 958 1649 1838 896 961 896 961 891 956 895 958 1615 1797 1537 1788 1614 1837 1537 1788 1615 1797 1544 1796 1770 1576 1772 1839 1773 1840 1772 1839 1770 1576 1753 1575 1753 1575 1748 1842 1772 1839 1748 1842 1753 1575 1742 1841 1770 1576 1774 1843 1760 1577 1774 1843 1770 1576 1773 1840 1743 1610 1774 1843 1749 1844 1774 1843 1743 1610 1760 1577 1750 1845 1772 1839 1748 1842 1772 1839 1750 1845 1773 1840 1750 1845 1774 1843 1773 1840 1774 1843 1750 1845 1749 1844 80 1565 1355 1579 1352 1566 1355 1579 80 1565 95 1846 95 1846 789 1580 1355 1579 789 1580 95 1846 68 1658 1507 1731 811 879 805 869 809 871 805 869 811 879 811 879 1505 1728 1503 1727 1505 1728 811 879 1507 1731 1503 1727 1505 1728 1501 1725 1503 1727 1501 1725 1339 1538 1339 1538 847 923 842 916 847 923 1339 1538 1501 1725 842 916 847 923 848 922 842 916 848 922 845 917 845 917 848 922 1113 1229 845 917 1113 1229 1111 1246 1111 1246 1096 1228 1115 1247 1096 1228 1111 1246 1113 1229 1801 1231 1108 1241 1800 1251 1108 1241 1801 1231 1098 1234 1100 1236 1108 1241 1098 1234 1108 1241 1100 1236 1102 1240 816 886 1100 1236 797 851 1100 1236 816 886 1102 1240 1818 887 797 851 1817 850 797 851 1818 887 816 886 795 870 809 871 813 874 809 871 795 870 805 869 1678 1849 1679 1850 1636 1847 1636 1847 1637 1848 1678 1849 1677 1852 1678 1849 1637 1848 1677 1852 1637 1848 1642 1851 1676 1856 1639 1854 1675 1855 1639 1854 1676 1856 1638 1853 1675 1855 1640 1857 978 1064 1640 1857 1675 1855 1639 1854 977 1054 1647 1056 1641 1859 1647 1056 1648 1858 1641 1859 1679 1850 977 1054 1641 1859 1641 1859 1636 1847 1679 1850 1551 762 97 1860 1810 1806 97 1860 1809 1861 1810 1806 97 1860 1552 765 94 790 1552 765 97 1860 1551 762 949 1409 1554 1013 1553 975 1553 975 908 978 949 1409 949 1409 1555 1014 1554 1013 1555 1014 949 1409 948 1408 948 1408 1556 1007 1555 1014 1556 1007 948 1408 943 1414 1003 1101 878 945 1557 942 878 945 1003 1101 1660 1100 1557 942 881 944 1558 943 881 944 1557 942 878 945 1558 943 884 949 1559 974 884 949 1558 943 881 944 1559 974 885 948 1560 971 885 948 1559 974 884 949 1003 1101 1557 942 1561 1544 950 1863 1668 1046 952 1045 1668 1046 950 1863 1667 1862 952 1045 951 1036 950 1863 951 1036 952 1045 1562 1037 877 941 927 1379 952 1045 1634 1396 1261 1043 1633 1378 1634 1396 967 1044 1261 1043 1562 1037 927 1379 1261 1043 927 1379 1562 1037 952 1045 1560 971 1567 1864 906 972 906 972 1567 1864 1563 977 1563 977 1568 1865 1564 1400 1568 1865 1563 977 1567 1864 1564 1400 1569 1866 1565 1402 1569 1866 1564 1400 1568 1865 1569 1866 1566 1431 1565 1402 1566 1431 1569 1866 1570 1867 1566 1431 1570 1867 1286 1422 1570 1867 1292 1430 1286 1422 1560 971 910 979 1567 1864 910 979 1560 971 885 948 1567 1864 1268 1432 1568 1865 1268 1432 1567 1864 910 979 1569 1866 1568 1865 1268 1432 1268 1432 1270 1427 1569 1866 1270 1427 1570 1867 1569 1866 1570 1867 1270 1427 1291 1429 1291 1429 1292 1430 1570 1867 943 1414 942 1008 1556 1007 942 1008 943 1414 1255 1367 1571 1272 1141 1278 1572 1273 1141 1278 1571 1272 1140 1279 1141 1278 876 1474 1572 1273 1573 1473 1572 1273 876 1474 876 1474 875 1266 1573 1473 1574 939 1573 1473 875 1266 1574 939 866 1194 1575 935 866 1194 1574 939 875 1266 1575 935 865 1193 1576 936 865 1193 1575 935 866 1194 1576 936 1065 1191 1577 1443 1065 1191 1576 936 865 1193 1577 1443 1066 1190 1578 1444 1066 1190 1577 1443 1065 1191 1578 1444 1066 1190 1579 1439 1579 1439 1066 1190 1074 1200 1580 1440 1074 1200 776 1203 1074 1200 1580 1440 1579 1439 1581 837 776 1203 775 835 776 1203 1581 837 1580 1440 1582 838 1581 837 775 835 1582 838 775 835 769 828 1583 843 769 828 766 827 769 828 1583 843 1582 838 1583 843 766 827 1584 819 1584 819 766 827 757 825 1585 820 1584 819 757 825 1585 820 757 825 763 824 1585 820 763 824 1586 906 1586 906 763 824 839 909 1586 906 838 911 1587 907 838 911 1586 906 839 909 744 806 1588 801 742 867 1588 801 744 806 1589 802 1589 802 746 809 739 805 746 809 1589 802 744 806 1139 1274 1590 1808 1138 1275 1590 1808 1139 1274 1591 1809 874 1472 1591 1809 1139 1274 1591 1809 874 1472 1592 1810 872 938 1592 1810 874 1472 1592 1810 872 938 1593 1811 863 934 1593 1811 872 938 1593 1811 863 934 1594 1812 1595 1813 863 934 864 937 863 934 1595 1813 1594 1812 1596 1814 864 937 868 1442 864 937 1596 1814 1595 1813 1597 1815 868 1442 867 1445 868 1442 1597 1815 1596 1814 1598 1816 867 1445 869 1438 867 1445 1598 1816 1597 1815 1599 1817 869 1438 784 1441 869 1438 1599 1817 1598 1816 1599 1817 778 840 1600 1818 778 840 1599 1817 784 1441 1600 1818 785 839 1601 1819 785 839 1600 1818 778 840 1601 1819 765 844 1602 1820 765 844 1601 1819 785 839 1602 1820 756 822 1603 1822 756 822 1602 1820 765 844 1603 1822 759 821 1604 1824 759 821 1603 1822 756 822 1604 1824 761 905 1605 1826 761 905 1604 1824 759 821 762 904 1605 1826 761 905 1605 1826 762 904 1606 1829 741 803 1607 1830 743 804 1607 1830 741 803 1608 1831 739 805 1609 1832 741 803 1609 1832 1608 1831 741 803 740 812 1609 1832 739 805 1609 1832 740 812 1610 1833 1611 1834 740 812 751 1370 740 812 1611 1834 1610 1833 1612 1835 751 1370 1531 1782 751 1370 1612 1835 1611 1834 1612 1835 1532 1787 1613 1836 1532 1787 1612 1835 1531 1782 1614 1837 1532 1787 1538 1791 1532 1787 1614 1837 1613 1836 1615 1797 1538 1791 1543 1794 1538 1791 1615 1797 1614 1837 1615 1797 1546 1795 1616 1798 1546 1795 1615 1797 1543 1794 1813 1803 1549 753 1617 758 1813 1803 1617 758 1812 1805 700 752 1617 758 1549 753 1617 758 700 752 1618 755 1618 755 701 754 1619 759 701 754 1618 755 700 752 1620 668 1619 759 701 754 1620 668 701 754 650 662 1621 665 650 662 651 661 650 662 1621 665 1620 668 1622 666 1621 665 651 661 1622 666 651 661 653 656 1623 639 1622 666 653 656 1623 639 653 656 630 655 627 654 1624 637 630 655 1624 637 1623 639 630 655 1624 637 627 654 1625 638 1625 638 627 654 623 629 1625 638 623 629 1626 641 1626 641 623 629 621 627 615 616 1626 641 621 627 1138 1275 1628 1486 1571 1272 1628 1486 1138 1275 1627 1487 1138 1275 1629 1807 1627 1487 1629 1807 1138 1275 1590 1808 1628 1486 1140 1279 1571 1272 1140 1279 1628 1486 1161 1292 1145 1283 1629 1807 1590 1808 1629 1807 1145 1283 1137 1269 928 1389 1704 1869 929 1390 1704 1869 928 1389 1711 1868 928 1389 1672 1388 1711 1868 1672 1388 1710 1870 1711 1868 1262 1383 1709 1872 930 1380 1709 1872 1262 1383 1708 1871 1262 1383 1740 1398 1707 1873 1262 1383 1707 1873 1708 1871 1739 1394 1706 1875 1736 1391 1706 1875 1739 1394 1705 1874 1704 1869 1739 1394 929 1390 1739 1394 1704 1869 1705 1874 970 1076 1637 1848 1636 1847 1637 1848 970 1076 985 1123 1642 1851 985 1123 1649 1838 985 1123 1642 1851 1637 1848 1638 1853 893 959 1639 1854 893 959 1638 1853 895 958 1639 1854 894 960 1640 1857 894 960 1639 1854 893 959 1641 1859 1648 1858 968 1048 1648 1858 1662 1074 968 1048 970 1076 1641 1859 968 1048 1641 1859 970 1076 1636 1847 1677 1852 1642 1851 1676 1856 1676 1856 1642 1851 1638 1853 1643 1070 1716 1072 1712 1065 1716 1072 1643 1070 984 1071 1712 1065 1717 1073 1713 1066 1717 1073 1712 1065 1716 1072 1644 1058 980 1062 1645 1057 980 1062 1644 1058 981 1059 980 1062 1646 1055 1645 1057 1646 1055 980 1062 979 1061 979 1061 1647 1056 1646 1055 1647 1056 979 1061 978 1064 1647 1056 978 1064 1640 1857 1647 1056 1640 1857 1648 1858 1649 1838 1638 1853 1642 1851 1638 1853 1649 1838 895 958 1010 1122 1009 1120 1650 1117 1650 1117 1825 1119 1826 1118 1825 1119 1650 1117 1009 1120 1722 1115 1718 1111 1723 1116 1718 1111 1722 1115 1719 1112 999 1110 1651 1121 1008 1107 1651 1121 999 1110 1652 1093 999 1110 1653 1094 1652 1093 1653 1094 999 1110 990 1109 1686 1095 988 1078 1654 1081 988 1078 1686 1095 1687 1079 1829 1160 1017 1134 1828 1139 1017 1134 1829 1160 1655 1132 1724 1143 1729 1877 1725 1144 1729 1877 1724 1143 1728 1876 1729 1877 1656 1155 1725 1144 1656 1155 1729 1877 1024 1156 1656 1155 1029 1159 1657 1152 1029 1159 1656 1155 1024 1156 1658 1153 1657 1152 1029 1159 1029 1159 1028 1158 1658 1153 1691 1376 1004 1106 1690 1154 1690 1154 1004 1106 1659 1099 1659 1099 1002 1105 1660 1100 1002 1105 1659 1099 1004 1106 1002 1105 878 945 1660 1100 988 1078 1661 1082 1654 1081 1661 1082 988 1078 969 1047 879 946 1661 1082 969 1047 1640 1857 1662 1074 1648 1858 1662 1074 1640 1857 894 960 888 952 1662 1074 894 960 1698 1041 1734 1879 1730 1032 1734 1879 1698 1041 1699 1878 1730 1032 1735 1880 1731 1033 1735 1880 1730 1032 1734 1879 1664 1021 958 1028 1665 1022 958 1028 1664 1021 956 1025 958 1028 1666 1024 1665 1022 1666 1024 958 1028 959 1027 1701 1030 1666 1024 959 1027 1666 1024 1701 1030 1702 1031 1667 1862 1561 1544 1668 1046 1561 1544 1667 1862 963 1545 1557 942 1668 1046 1561 1544 1740 1398 1706 1875 1707 1873 1706 1875 1740 1398 1736 1391 1741 1397 1736 1391 1740 1398 1736 1391 1741 1397 1737 1392 1741 1397 1670 1385 1737 1392 1670 1385 1741 1397 1263 1382 1670 1385 1264 1381 1671 1386 1264 1381 1670 1385 1263 1382 1671 1386 1264 1381 1672 1388 1264 1381 930 1380 1672 1388 1672 1388 930 1380 1710 1870 930 1380 1709 1872 1710 1870 1673 995 927 1379 1674 996 927 1379 1673 995 1632 1377 927 1379 877 941 1674 996 983 1063 1675 1855 978 1064 984 1071 1675 1855 983 1063 1675 1855 984 1071 1676 1856 1677 1852 984 1071 1643 1070 984 1071 1677 1852 1676 1856 973 1069 1677 1852 1643 1070 1677 1852 973 1069 1678 1849 971 1053 1679 1850 973 1069 1679 1850 1678 1849 973 1069 977 1054 1679 1850 971 1053 989 1108 1681 1881 1680 1080 1681 1881 989 1108 1723 1116 1723 1116 1718 1111 1682 1882 1682 1882 1681 1881 1723 1116 1721 1114 1682 1882 1718 1111 1682 1882 1721 1114 1683 1883 995 1090 1684 1087 996 1091 1684 1087 995 1090 1685 1088 1653 1094 1685 1088 995 1090 1685 1088 1653 1094 1686 1095 1653 1094 990 1109 1687 1079 1653 1094 1687 1079 1686 1095 990 1109 1680 1080 1687 1079 1680 1080 990 1109 989 1108 1026 1151 1688 1884 1016 1148 1688 1884 1026 1151 1689 1149 1689 1149 1026 1151 1658 1153 1658 1153 1690 1154 1689 1149 1658 1153 1691 1376 1690 1154 1691 1376 1658 1153 1028 1158 1028 1158 1692 1141 1691 1376 1692 1141 1028 1158 1023 1157 1728 1876 1724 1143 1694 1885 1694 1885 1693 1142 1728 1876 1727 1146 1694 1885 1724 1143 1694 1885 1727 1146 1695 1886 1696 1017 1834 1888 1697 1040 1834 1888 1696 1017 1833 1887 1697 1040 1835 1889 1698 1041 1835 1889 1697 1040 1834 1888 1698 1041 1836 1890 1699 1878 1836 1890 1698 1041 1835 1889 1700 1029 1699 1878 1836 1890 1700 1029 1836 1890 1837 1891 1701 1030 1700 1029 1837 1891 1702 1031 963 1545 1667 1862 963 1545 1702 1031 1701 1030 1702 1031 1667 1862 1703 1016 1703 1016 1667 1862 950 1863 1703 1016 1833 1887 1696 1017 1705 1874 1704 1869 1630 993 1630 993 1635 1399 1705 1874 1705 1874 1669 1395 1706 1875 1669 1395 1705 1874 1635 1399 1706 1875 1634 1396 1707 1873 1634 1396 1706 1875 1669 1395 1707 1873 1633 1378 1708 1871 1633 1378 1707 1873 1634 1396 1708 1871 1632 1377 1709 1872 1632 1377 1708 1871 1633 1378 1709 1872 1632 1377 1710 1870 1710 1870 1632 1377 1673 995 1673 995 1711 1868 1710 1870 1711 1868 1673 995 1631 994 1711 1868 1630 993 1704 1869 1630 993 1711 1868 1631 994 1644 1058 1714 1067 1713 1066 1714 1067 1644 1058 976 1050 1714 1067 976 1050 972 1049 1714 1067 972 1049 1715 1068 972 1049 971 1053 973 1069 972 1049 973 1069 1715 1068 1717 1073 1644 1058 1713 1066 1644 1058 1717 1073 981 1059 1651 1121 1720 1113 1719 1112 1720 1113 1651 1121 998 1092 1722 1115 1651 1121 1719 1112 1651 1121 1722 1115 1008 1107 996 1091 1684 1087 1683 1883 996 1091 1683 1883 1721 1114 1729 1877 1023 1157 1024 1156 1023 1157 1729 1877 1728 1876 1693 1142 1023 1157 1728 1876 1692 1141 1023 1157 1693 1142 1016 1148 1688 1884 1695 1886 1016 1148 1695 1886 1727 1146 1664 1021 1732 1034 1731 1033 1732 1034 1664 1021 955 1020 955 1020 1733 1035 1732 1034 1733 1035 955 1020 953 1018 953 1018 1696 1017 1697 1040 953 1018 1697 1040 1733 1035 1700 1029 960 1026 1699 1878 960 1026 1734 1879 1699 1878 1735 1880 960 1026 956 1025 960 1026 1735 1880 1734 1879 1735 1880 1664 1021 1731 1033 1664 1021 1735 1880 956 1025 1739 1394 1265 1384 929 1390 1265 1384 1739 1394 1738 1393 1756 1893 1303 1781 1757 1892 1303 1781 752 1780 1757 1892 755 1827 1751 815 1758 814 1751 815 755 1827 753 1828 1759 817 755 1827 1758 814 755 1827 1759 817 760 1825 1745 847 788 1563 1764 848 788 1563 1745 847 67 1564 1766 1459 760 1825 1759 817 760 1825 1766 1459 1311 1823 1311 1823 1768 1461 1312 1821 1768 1461 1311 1823 1766 1459 1763 1561 787 1573 1769 1562 787 1573 782 1572 1769 1562 1312 1821 1769 1562 782 1572 1769 1562 1312 1821 1768 1461 788 1563 787 1573 1764 848 1764 848 787 1573 1763 1561 66 1374 1747 1894 754 1375 754 1375 1747 1894 1771 1895 752 1780 754 1375 1771 1895 752 1780 1771 1895 1757 1892 1775 1897 1369 1743 1776 1896 1369 1743 1775 1897 85 1745 1776 1896 1369 1743 1792 1898 1369 1743 1374 1742 1792 1898 1374 1742 1777 1899 1792 1898 1777 1899 1374 1742 1377 1741 1777 1899 1377 1741 1791 1900 1377 1741 1376 1756 1791 1900 1375 1753 1791 1900 1376 1756 1791 1900 1375 1753 1778 1901 835 1752 1778 1901 1375 1753 1778 1901 835 1752 1779 1902 1790 1903 835 1752 836 1750 835 1752 1790 1903 1779 1902 1789 1904 836 1750 807 868 836 1750 1789 1904 1790 1903 1789 1904 807 868 1788 1905 742 867 1788 1905 807 868 1788 1905 742 867 1787 1906 1588 801 1787 1906 742 867 1787 1906 1588 801 1780 1907 743 804 1780 1907 1588 801 1607 1830 1780 1907 743 804 1780 1907 1607 1830 1786 1908 1303 1781 1781 1909 1607 1830 1607 1830 1781 1909 1786 1908 1781 1909 1756 1893 1782 1910 1756 1893 1781 1909 1303 1781 1757 1892 1785 1911 1756 1893 1756 1893 1785 1911 1782 1910 1757 1892 1783 1912 1785 1911 1783 1912 1757 1892 1771 1895 1747 1894 1784 1913 1771 1895 1771 1895 1784 1913 1783 1912 1783 1912 1742 1841 1753 1575 1742 1841 1783 1912 1784 1913 1783 1912 1752 816 1785 1911 1752 816 1783 1912 1753 1575 1785 1911 1751 815 1782 1910 1751 815 1785 1911 1752 816 1782 1910 753 1828 1781 1909 753 1828 1782 1910 1751 815 1781 1909 1606 1829 1786 1908 1606 1829 1781 1909 753 1828 1786 1908 762 904 1780 1907 762 904 1786 1908 1606 1829 762 904 1787 1906 1780 1907 1787 1906 762 904 1587 907 1587 907 1788 1905 1787 1906 1788 1905 1587 907 838 911 837 910 1789 1904 838 911 1788 1905 838 911 1789 1904 837 910 1790 1903 1789 1904 1790 1903 837 910 831 901 831 901 1779 1902 1790 1903 1779 1902 831 901 832 900 832 900 1778 1901 1779 1902 1778 1901 832 900 1371 1600 1791 1900 1371 1600 1373 1602 1371 1600 1791 1900 1778 1901 1372 1601 1777 1899 1373 1602 1777 1899 1791 1900 1373 1602 1792 1898 1372 1601 1370 1598 1372 1601 1792 1898 1777 1899 834 1599 1776 1896 1370 1598 1370 1598 1776 1896 1792 1898 834 1599 86 1613 1776 1896 86 1613 1775 1897 1776 1896 1519 1541 747 808 748 807 747 808 1519 1541 1793 863 1794 1773 1481 1770 1469 1710 1481 1770 1794 1773 1795 1771 1482 1717 1794 1773 1483 1718 1794 1773 1482 1717 1795 1771 1443 1682 1795 1771 1482 1717 1795 1771 1443 1682 1796 1684 1443 1682 1444 1681 1797 1685 1443 1682 1797 1685 1796 1684 1492 1249 1797 1685 1444 1681 1797 1685 1492 1249 1798 1252 1492 1249 1114 1248 1799 1250 1492 1249 1799 1250 1798 1252 1114 1248 1800 1251 1799 1250 1800 1251 1114 1248 1115 1247 1115 1247 1096 1228 1801 1231 1115 1247 1801 1231 1800 1251 1096 1228 1802 1232 1801 1231 1802 1232 1096 1228 1097 1227 1106 1740 1802 1232 1097 1227 1802 1232 1106 1740 1803 1239 1107 1256 1803 1239 1106 1740 1803 1239 1107 1256 1804 744 697 1255 1804 744 1107 1256 1804 744 697 1255 1805 742 698 1760 1805 742 697 1255 1805 742 698 1760 1806 743 698 1760 699 1761 1806 743 699 1761 1807 745 1806 743 699 1761 58 1762 1807 745 58 1762 1808 746 1807 745 96 1801 1810 1806 1809 1861 1810 1806 96 1801 1548 1800 1811 1804 1810 1806 1548 1800 1548 1800 1547 1799 1811 1804 1812 1805 1811 1804 1547 1799 1547 1799 1616 1798 1812 1805 1616 1798 1813 1803 1812 1805 1813 1803 1616 1798 1546 1795 1546 1795 1814 1802 1813 1803 1814 1802 1546 1795 1545 1793 1815 853 1814 1802 1545 1793 1815 853 1545 1793 793 856 1815 853 794 855 1816 849 794 855 1815 853 793 856 1816 849 795 870 1817 850 795 870 1816 849 794 855 1818 887 1817 850 795 870 1818 887 795 870 813 874 1818 887 813 874 1819 884 1819 884 813 874 812 873 1820 885 1819 884 812 873 1820 885 812 873 1496 876 1821 1723 1820 885 1496 876 1821 1723 1496 876 1451 1694 1822 1724 1821 1723 1451 1694 1822 1724 1451 1694 1452 1693 1502 1730 1838 1772 1477 1764 1502 1730 1477 1764 1823 1763 1435 1673 1823 1763 1438 1674 1823 1763 1435 1673 1502 1730 1452 1693 1824 1767 1822 1724 1824 1767 1452 1693 1478 1765 1479 1766 1449 1690 1824 1767 1822 1724 1824 1767 1449 1690 1680 1080 1681 1881 1825 1119 1682 1882 1826 1118 1681 1881 1826 1118 1825 1119 1681 1881 1683 1883 1827 1098 1682 1882 1827 1098 1826 1118 1682 1882 1684 1087 1827 1098 1683 1883 1694 1885 1829 1160 1693 1142 1829 1160 1828 1139 1693 1142 1695 1886 1829 1160 1694 1885 1829 1160 1695 1886 1830 1130 1830 1130 1688 1884 1831 1131 1688 1884 1830 1130 1695 1886 1689 1149 1831 1131 1688 1884 1828 1139 1007 1103 1832 1140 1007 1103 1828 1139 1017 1134 1832 1140 1004 1106 1691 1376 1004 1106 1832 1140 1007 1103 950 1863 1833 1887 1703 1016 1833 1887 950 1863 951 1036 1833 1887 951 1036 1834 1888 951 1036 964 1039 1834 1888 1834 1888 1663 1042 1835 1889 1663 1042 1834 1888 964 1039 1835 1889 962 1162 1836 1890 962 1162 1835 1889 1663 1042 1836 1890 961 1161 1837 1891 961 1161 1836 1890 962 1162 1837 1891 963 1545 1701 1030 963 1545 1837 1891 961 1161 962 1162 1663 1042 966 1126 1663 1042 965 1038 966 1126 932 997 1669 1395 1635 1399 1018 1133 1017 1134 1655 1132 1655 1132 1012 1127 1018 1133 1061 1543 1069 1542 1058 1184 1069 1542 1057 1185 1058 1184 1461 1702 1838 1772 1459 1700 1838 1772 1502 1730 1459 1700 1463 1704 1838 1772 1461 1702 1838 1772 1463 1704 1839 1768 1839 1768 1465 1708 1479 1766 1465 1708 1839 1768 1463 1704 805 869 806 866 1507 1731 806 866 805 869 804 858 1840 582 1841 586 579 577 580 578 579 577 1841 586 461 463 464 469 465 585 464 469 461 463 459 460 465 585 580 578 1841 586 580 578 465 585 464 469 633 712 634 646 635 648 634 646 633 712 1842 642 522 523 626 633 1842 642 522 523 1842 642 633 712 613 615 1843 634 626 633 1843 634 613 615 598 602 1843 634 598 602 611 599 594 595 611 599 598 602 533 536 1845 575 576 573 1845 575 533 536 1844 579 1845 575 1844 579 568 608 1844 579 604 517 568 608 569 569 1845 575 568 608 1845 575 569 569 573 568 569 569 1847 604 571 570 1847 604 569 569 570 607 602 612 601 605 570 607 1847 604 570 607 601 605 571 570 1847 604 1846 580 1846 580 579 577 571 570 579 577 578 576 571 570 482 440 485 529 484 457 281 253 1849 247 1850 239 1849 247 281 253 280 242 283 240 193 117 1848 241 193 117 282 246 1848 241 1849 247 1848 241 282 246 1848 241 1849 247 280 242 281 253 243 183 280 242 280 242 243 183 279 237 1853 738 412 398 1854 397 412 398 1853 738 40 740 412 398 1855 394 1854 397 1855 394 412 398 411 401 1855 394 411 401 1856 395 1856 395 411 401 410 405 1857 362 410 405 406 416 410 405 1857 362 1856 395 1857 362 376 371 1858 361 376 371 1857 362 406 416 1858 361 381 369 1859 365 381 369 1858 361 376 371 1859 365 382 368 1860 366 382 368 1859 365 381 369 383 223 1861 222 1860 366 383 223 1862 216 1861 222 383 223 268 219 1862 216 268 219 267 218 1863 215 1863 215 1862 216 268 219 1864 197 267 218 251 194 267 218 1864 197 1863 215 251 194 252 195 1865 198 1865 198 1864 197 251 194 252 195 237 178 1866 174 1866 174 1865 198 252 195 237 178 236 173 1867 175 237 178 1867 175 1866 174 236 173 28 172 1852 179 236 173 1852 179 1867 175 2647 1914 2648 1915 6 432 6 432 419 431 2647 1914 2647 1914 418 710 2646 1916 418 710 2647 1914 419 431 2646 1916 417 709 2645 1917 417 709 2646 1916 418 710 424 278 2645 1917 417 709 2645 1917 424 278 2644 1918 303 269 2644 1918 424 278 2644 1918 303 269 2643 1919 302 268 2643 1919 303 269 2643 1919 302 268 2642 1920 305 260 2641 1921 2642 1920 305 260 2642 1920 302 268 2641 1921 307 258 2640 1922 307 258 2641 1921 305 260 307 258 272 232 2640 1922 2640 1922 272 232 2639 1923 271 230 2638 1924 272 232 272 232 2638 1924 2639 1923 250 227 2637 1925 271 230 271 230 2637 1925 2638 1924 247 226 2636 1926 250 227 2637 1925 250 227 2636 1926 247 226 232 163 2635 1927 247 226 2635 1927 2636 1926 232 163 233 162 2634 1928 232 163 2634 1928 2635 1927 26 168 2634 1928 233 162 2634 1928 26 168 2633 1929 1908 1931 1905 1933 1906 1930 1905 1933 1908 1931 1907 1932 1910 1935 1906 1930 1909 1934 1906 1930 1910 1935 1908 1931 1907 1932 1908 1931 1912 1936 1912 1936 1911 1937 1907 1932 1913 1938 1908 1931 1910 1935 1913 1938 1912 1936 1908 1931 1913 1938 1915 1939 1914 1940 1915 1939 1913 1938 1910 1935 1915 1939 1910 1935 1916 1941 1916 1941 1910 1935 1909 1934 1896 1945 1894 1943 1893 1944 1894 1943 1896 1945 1895 1942 1904 1947 1895 1942 1896 1945 1895 1942 1904 1947 1901 1946 1898 1949 1893 1944 1897 1948 1893 1944 1898 1949 1896 1945 1897 1948 2397 1950 1898 1949 2397 1950 2609 1951 1898 1949 1899 1952 1904 1947 1896 1945 1899 1952 1896 1945 1898 1949 1902 1954 1899 1952 1900 1953 1899 1952 1902 1954 1904 1947 2610 1955 1898 1949 2609 1951 1898 1949 2610 1955 1899 1952 2389 1957 2610 1955 2609 1951 2389 1957 2609 1951 2402 1956 1900 1953 2610 1955 2385 1958 2610 1955 1900 1953 1899 1952 1902 1954 1903 1959 1904 1947 1903 1959 1901 1946 1904 1947 1894 1943 1906 1930 1905 1933 1906 1930 1894 1943 1895 1942 1907 1932 1894 1943 1905 1933 1894 1943 1907 1932 1893 1944 1909 1934 1895 1942 1901 1946 1895 1942 1909 1934 1906 1930 1911 1937 1893 1944 1907 1932 1893 1944 1911 1937 1897 1948 1914 1940 1902 1954 1900 1953 1902 1954 1914 1940 1915 1939 1916 1941 1909 1934 1903 1959 1903 1959 1909 1934 1901 1946 1903 1959 1915 1939 1916 1941 1915 1939 1903 1959 1902 1954 1942 1962 1943 1963 1934 1960 1934 1960 1933 1961 1942 1962 1944 1964 1934 1960 1943 1963 1934 1960 1944 1964 1935 1965 1944 1964 1945 1966 1935 1965 1936 1967 1935 1965 1945 1966 1920 1971 1917 1969 1921 1970 1917 1969 1920 1971 1918 1968 1927 1973 1918 1968 1920 1971 1918 1968 1927 1973 1919 1972 1922 1974 1927 1973 1920 1971 1927 1973 1922 1974 1924 1975 1923 1976 1922 1974 1920 1971 1923 1976 1920 1971 1921 1970 1932 1977 1926 1978 1922 1974 1922 1974 1923 1976 1932 1977 1924 1975 1926 1978 1925 1979 1926 1978 1924 1975 1922 1974 1948 1980 1941 1981 1927 1973 1927 1973 1941 1981 1919 1972 1924 1975 1948 1980 1927 1973 1948 1980 1924 1975 1947 1982 1946 1983 1924 1975 1925 1979 1924 1975 1946 1983 1947 1982 1937 1985 1928 1987 1929 1984 1928 1987 1937 1985 1938 1986 1933 1961 1941 1981 1942 1962 1941 1981 1933 1961 1919 1972 1937 1985 1931 1988 1939 1989 1931 1988 1937 1985 1929 1984 1936 1967 1946 1983 1925 1979 1946 1983 1936 1967 1945 1966 1939 1989 1930 1990 1940 1991 1930 1990 1939 1989 1931 1988 1942 1962 1928 1987 1938 1986 1928 1987 1942 1962 1941 1981 1938 1986 1937 1985 1943 1963 1943 1963 1942 1962 1938 1986 1944 1964 1937 1985 1939 1989 1937 1985 1944 1964 1943 1963 1944 1964 1940 1991 1945 1966 1940 1991 1944 1964 1939 1989 1930 1990 1945 1966 1940 1991 1945 1966 1930 1990 1946 1983 1930 1990 1947 1982 1946 1983 1947 1982 1930 1990 1931 1988 1947 1982 1929 1984 1948 1980 1929 1984 1947 1982 1931 1988 1928 1987 1948 1980 1929 1984 1948 1980 1928 1987 1941 1981 1974 1995 1976 1993 1975 1994 1976 1993 1974 1995 1973 1992 1978 1999 1977 1996 1979 1998 1977 1996 1980 1997 1979 1998 1977 1996 1975 1994 1980 1997 1975 1994 1977 1996 1974 1995 1970 2000 1971 2001 1974 1995 1970 2000 1974 1995 1977 1996 1973 1992 1971 2001 1972 2002 1971 2001 1973 1992 1974 1995 1978 1999 1970 2000 1977 1996 1970 2000 1978 1999 1969 2003 1962 2007 1951 2005 1963 2006 1951 2005 1962 2007 1950 2004 1963 2006 1956 2008 1964 2009 1956 2008 1963 2006 1951 2005 1958 2011 1964 2009 1957 2010 1964 2009 1958 2011 1963 2006 1959 2012 1963 2006 1958 2011 1963 2006 1959 2012 1962 2007 1959 2012 1961 2014 1962 2007 1961 2014 1959 2012 1960 2013 1952 2018 1966 2016 1953 2017 1966 2016 1952 2018 1965 2015 1955 2021 1954 2022 1967 2019 1967 2019 1968 2020 1955 2021 1953 2017 1967 2019 1954 2022 1967 2019 1953 2017 1966 2016 1967 2019 1966 2016 1958 2011 1966 2016 1959 2012 1958 2011 1962 2007 1949 2023 1950 2004 1949 2023 1962 2007 1961 2014 1965 2015 1959 2012 1966 2016 1959 2012 1965 2015 1960 2013 1957 2010 1967 2019 1958 2011 1967 2019 1957 2010 1968 2020 1952 2018 1975 1994 1976 1993 1975 1994 1952 2018 1953 2017 1965 2015 1976 1993 1973 1992 1976 1993 1965 2015 1952 2018 1978 1999 1955 2021 1968 2020 1955 2021 1978 1999 1979 1998 1979 1998 1980 1997 1955 2021 1955 2021 1980 1997 1954 2022 1953 2017 1954 2022 1975 1994 1954 2022 1980 1997 1975 1994 1960 2013 1965 2015 1972 2002 1965 2015 1973 1992 1972 2002 1968 2020 1957 2010 1969 2003 1969 2003 1978 1999 1968 2020 1983 2026 1982 2027 2542 2024 1983 2026 2542 2024 2543 2025 1971 2001 1986 2029 1985 2028 1986 2029 1971 2001 1970 2000 2542 2024 1949 2023 1961 2014 1949 2023 2542 2024 1982 2027 1950 2004 1949 2023 1988 2030 1949 2023 1982 2027 1988 2030 1988 2030 1951 2005 1950 2004 1951 2005 1988 2030 1989 2031 1989 2031 1956 2008 1951 2005 1956 2008 1989 2031 1990 2032 1989 2031 1992 2033 1991 2034 1989 2031 1991 2034 1990 2032 1991 2034 1993 2036 1994 2035 1991 2034 1994 2035 1990 2032 1994 2035 2547 2038 1990 2032 2547 2038 1994 2035 2546 2037 1964 2009 1956 2008 2547 2038 1956 2008 1990 2032 2547 2038 1987 2040 1996 2039 1986 2029 1996 2039 1987 2040 1995 2041 1996 2039 1985 2028 1986 2029 1985 2028 1996 2039 1997 2042 1999 2044 2544 2045 1998 2043 1998 2043 2544 2045 2545 2046 1998 2043 2546 2037 1994 2035 2546 2037 1998 2043 2545 2046 1999 2044 1983 2026 2543 2025 1999 2044 2543 2025 2544 2045 1981 2048 1997 2042 1984 2047 1997 2042 1981 2048 1985 2028 2000 2050 1983 2026 1999 2044 2000 2050 1999 2044 2001 2049 2002 2052 2000 2050 2001 2049 2002 2052 2001 2049 2003 2051 2005 2054 2000 2050 2004 2053 2004 2053 2000 2050 2002 2052 2006 2055 1999 2044 1998 2043 1999 2044 2006 2055 2001 2049 2005 2054 1983 2026 2000 2050 1983 2026 2005 2054 1982 2027 2006 2055 1994 2035 1993 2036 1994 2035 2006 2055 1998 2043 2008 2059 2010 2057 2009 2058 2010 2057 2008 2059 2007 2056 2011 2062 2013 2060 2012 2061 2013 2060 2011 2062 2009 2058 2014 2064 2011 2062 2012 2061 2014 2064 2012 2061 2015 2063 2012 2061 2013 2060 2016 2066 2013 2060 2017 2065 2016 2066 2009 2058 2010 2057 2018 2067 2009 2058 2018 2067 2013 2060 2021 2068 2019 2070 2018 2067 2019 2070 2021 2068 2020 2069 2023 2071 2022 2072 2020 2069 2019 2070 2020 2069 2022 2072 2442 2073 2020 2069 2021 2068 2020 2069 2442 2073 2441 2074 2024 2075 2018 2067 2010 2057 2018 2067 2024 2075 2021 2068 2007 2056 2024 2075 2010 2057 2024 2075 2007 2056 2025 2076 2026 2077 2021 2068 2024 2075 2021 2068 2026 2077 2442 2073 2027 2079 2441 2074 2028 2078 2441 2074 2027 2079 2020 2069 2029 2081 2028 2078 2057 2080 2028 2078 2029 2081 2027 2079 2056 2082 2030 2083 2029 2081 2056 2082 2029 2081 2057 2080 2020 2069 2027 2079 2031 2084 2020 2069 2031 2084 2023 2071 2032 2085 2022 2072 2023 2071 2022 2072 2032 2085 2033 2086 2022 2072 2017 2065 2019 2070 2017 2065 2022 2072 2034 2087 2016 2066 2017 2065 2034 2087 2034 2087 2035 2088 2016 2066 2033 2086 2034 2087 2022 2072 2034 2087 2033 2086 2036 2089 2038 2090 2037 2091 2033 2086 2036 2089 2033 2086 2037 2091 2036 2089 2040 2093 2039 2092 2040 2093 2036 2089 2037 2091 2036 2089 2035 2088 2034 2087 2035 2088 2036 2089 2039 2092 2035 2088 2015 2063 2012 2061 2035 2088 2012 2061 2016 2066 2015 2063 2035 2088 2039 2092 2039 2092 2041 2094 2015 2063 2018 2067 2017 2065 2013 2060 2017 2065 2018 2067 2019 2070 2044 2095 2011 2062 2014 2064 2011 2062 2044 2095 2043 2096 2046 2097 2008 2059 2043 2096 2008 2059 2046 2097 2045 2098 2049 2100 2044 2095 2047 2099 2048 2101 2047 2099 2044 2095 2051 2103 2049 2100 2050 2102 2050 2102 2049 2100 2047 2099 2049 2100 2043 2096 2044 2095 2043 2096 2049 2100 2046 2097 2049 2100 2051 2103 2046 2097 2046 2097 2051 2103 2052 2104 2008 2059 2045 2098 2007 2056 2045 2098 2053 2105 2007 2056 2030 2083 2054 2106 2055 2107 2054 2106 2030 2083 2056 2082 2055 2107 2058 2108 2025 2076 2058 2108 2055 2107 2054 2106 2053 2105 2025 2076 2007 2056 2025 2076 2053 2105 2055 2107 2011 2062 2043 2096 2009 2058 2009 2058 2043 2096 2008 2059 2063 2111 2067 2109 2062 2110 2067 2109 2063 2111 2003 2051 2067 2109 2001 2049 2006 2055 2001 2049 2067 2109 2003 2051 2067 2109 1993 2036 2068 2112 1993 2036 2067 2109 2006 2055 2065 2115 2068 2112 2066 2114 2068 2112 2065 2115 2064 2113 2062 2110 2068 2112 2064 2113 2068 2112 2062 2110 2067 2109 2060 2118 2063 2111 2061 2117 2063 2111 2060 2118 2059 2116 2002 2052 2069 2119 2550 2120 2059 2116 2003 2051 2063 2111 2003 2051 2059 2116 2002 2052 2059 2116 2070 2121 2069 2119 2059 2116 2069 2119 2002 2052 2072 2123 2066 2114 2071 2122 2066 2114 2072 2123 2065 2115 2073 2124 2074 2125 2072 2123 2073 2124 2072 2123 2071 2122 2549 2127 2071 2122 2548 2126 2071 2122 2549 2127 2073 2124 2075 2130 1992 2033 2077 2129 1992 2033 2075 2130 2076 2128 2066 2114 2548 2126 2071 2122 1992 2033 2076 2128 1991 2034 2076 2128 2066 2114 1991 2034 2077 2129 2005 2054 2004 2053 2077 2129 2004 2053 2075 2130 2077 2129 1989 2031 1988 2030 1989 2031 2077 2129 1992 2033 1988 2030 2005 2054 2077 2129 2005 2054 1988 2030 1982 2027 2549 2127 2550 2120 2069 2119 2549 2127 2069 2119 2073 2124 2073 2124 2069 2119 2070 2121 2073 2124 2070 2121 2074 2125 5244 2131 2072 2123 2074 2125 2072 2123 5244 2131 5245 2132 5245 2132 2065 2115 2072 2123 2065 2115 5245 2132 2097 2133 5243 2134 2070 2121 2060 2118 2070 2121 2059 2116 2060 2118 2070 2121 5243 2134 2074 2125 2074 2125 5243 2134 5244 2131 2078 2136 2062 2110 2064 2113 2064 2113 2079 2135 2078 2136 2081 2140 2083 2138 2082 2139 2083 2138 2081 2140 2080 2137 2080 2137 2084 2142 2083 2138 2084 2142 2080 2137 2085 2141 2087 2143 2086 2144 2080 2137 2085 2141 2080 2137 2086 2144 2086 2144 2087 2143 2088 2145 2088 2145 2089 2146 2086 2144 2089 2146 2091 2148 2086 2144 2091 2148 2089 2146 2090 2147 2092 2149 2060 2118 5246 2150 2094 2152 2061 2117 2095 2151 2061 2117 2094 2152 2060 2118 2095 2151 2078 2136 2096 2153 2078 2136 2095 2151 2061 2117 2061 2117 2062 2110 2078 2136 2062 2110 2061 2117 2063 2111 2079 2135 2065 2115 2097 2133 2065 2115 2079 2135 2064 2113 5248 2154 2097 2133 2099 2155 5247 2157 5248 2154 2100 2156 2100 2156 5248 2154 2099 2155 2101 2161 2103 2159 2098 2160 2103 2159 2101 2161 2102 2158 2103 2159 2084 2142 2098 2160 2084 2142 2103 2159 2083 2138 2107 2164 2106 2165 2105 2162 2107 2164 2105 2162 2108 2163 2105 2162 2041 2094 2109 2166 2041 2094 2105 2162 2106 2165 2111 2168 2109 2166 2110 2167 2109 2166 2111 2168 2105 2162 2037 2091 2038 2090 2112 2169 2037 2091 2112 2169 2110 2167 2114 2171 2038 2090 2113 2170 2038 2090 2114 2171 2112 2169 2113 2170 2033 2086 2032 2085 2033 2086 2113 2170 2038 2090 2115 2173 2032 2085 2116 2172 2032 2085 2115 2173 2113 2170 2117 2175 2115 2173 2118 2174 2116 2172 2118 2174 2115 2173 2118 2174 2119 2177 2120 2176 2119 2177 2118 2174 2116 2172 2562 2180 2121 2178 2561 2179 2121 2178 2117 2175 2561 2179 2560 2181 2117 2175 2118 2174 2117 2175 2560 2181 2561 2179 2115 2173 2117 2175 2125 2182 2121 2178 2125 2182 2117 2175 2116 2172 2023 2071 2119 2177 2023 2071 2116 2172 2032 2085 2031 2084 2119 2177 2023 2071 2119 2177 2031 2084 2127 2183 2113 2170 2115 2173 2114 2171 2125 2182 2114 2171 2115 2173 2129 2186 2132 2185 2114 2171 2132 2185 2129 2186 2131 2184 2112 2169 2114 2171 2132 2185 2132 2185 2133 2187 2112 2169 2133 2187 2132 2185 2135 2188 2133 2187 2135 2188 2134 2189 2111 2168 2133 2187 2134 2189 2111 2168 2134 2189 2136 2190 2110 2167 2112 2169 2133 2187 2110 2167 2133 2187 2111 2168 2129 2186 2125 2182 2126 2191 2125 2182 2129 2186 2114 2171 2110 2167 2040 2093 2037 2091 2040 2093 2110 2167 2109 2166 2109 2166 2041 2094 2039 2092 2109 2166 2039 2092 2040 2093 2136 2190 2108 2163 2111 2168 2105 2162 2111 2168 2108 2163 2108 2163 2136 2190 2137 2192 2137 2192 2107 2164 2108 2163 2139 2193 2107 2164 2137 2192 2107 2164 2139 2193 2138 2194 2138 2194 2106 2165 2107 2164 2106 2165 2138 2194 2140 2195 2141 2197 2138 2194 2142 2196 2138 2194 2141 2197 2140 2195 2140 2195 2143 2198 2144 2199 2143 2198 2140 2195 2141 2197 2141 2197 2146 2201 2143 2198 2146 2201 2141 2197 2145 2200 2140 2195 2148 2203 2106 2165 2148 2203 2140 2195 2147 2202 2150 2205 2147 2202 2149 2204 2147 2202 2150 2205 2148 2203 2151 2206 2042 2207 2148 2203 2151 2206 2148 2203 2150 2205 2042 2207 2041 2094 2106 2165 2106 2165 2148 2203 2042 2207 2153 2209 2149 2204 2152 2208 2152 2208 2149 2204 2147 2202 2154 2210 2145 2200 2142 2196 2145 2200 2141 2197 2142 2196 2154 2210 2142 2196 2139 2193 2138 2194 2139 2193 2142 2196 2156 2212 2139 2193 2155 2211 2139 2193 2156 2212 2154 2210 2155 2211 2137 2192 2157 2213 2137 2192 2155 2211 2139 2193 2157 2213 2158 2215 2155 2211 2158 2215 2157 2213 2159 2214 2155 2211 2160 2216 2156 2212 2155 2211 2158 2215 2160 2216 2157 2213 2136 2190 2134 2189 2136 2190 2157 2213 2137 2192 2164 2220 2161 2218 2162 2219 2161 2218 2164 2220 2163 2217 2165 2221 2081 2140 2163 2217 2163 2217 2081 2140 2082 2139 2104 2222 2161 2218 2163 2217 2163 2217 2082 2139 2104 2222 2536 2223 2537 2224 2162 2219 2536 2223 2162 2219 2161 2218 2090 2147 2167 2226 2166 2225 2167 2226 2090 2147 2089 2146 2051 2103 2166 2225 2052 2104 2166 2225 2051 2103 2090 2147 2152 2208 2169 2227 2168 2228 2169 2227 2152 2208 2144 2199 2171 2232 2170 2229 2172 2231 2170 2229 2173 2230 2172 2231 2175 2236 2174 2233 2176 2235 2174 2233 2177 2234 2176 2235 2177 2234 2169 2227 2176 2235 2169 2227 2177 2234 2168 2228 2178 2237 2180 2238 2179 2239 2174 2233 2181 2240 2177 2234 2181 2240 2179 2239 2177 2234 2183 2242 2175 2236 2182 2241 2175 2236 2183 2242 2174 2233 2186 2244 2160 2216 2158 2215 2160 2216 2186 2244 2185 2243 2190 2247 2188 2245 2191 2246 2188 2245 2190 2247 2189 2248 2190 2247 2191 2246 2165 2221 2081 2140 2165 2221 2191 2246 2191 2246 2088 2145 2087 2143 2088 2145 2191 2246 2188 2245 2191 2246 2087 2143 2081 2140 2081 2140 2087 2143 2080 2137 2193 2252 2192 2249 2194 2251 2192 2249 2195 2250 2194 2251 2192 2249 2585 2254 2586 2255 2585 2254 2192 2249 2196 2253 2201 2256 2202 2257 2583 2258 2203 2260 2202 2257 2201 2256 2201 2256 2204 2259 2203 2260 2202 2257 2206 2262 2205 2261 2206 2262 2202 2257 2203 2260 2207 2264 2206 2262 2203 2260 2207 2264 2203 2260 2208 2263 2194 2251 2195 2250 2209 2266 2195 2250 2210 2265 2209 2266 2212 2267 2210 2265 2195 2250 2210 2265 2212 2267 2211 2268 2205 2261 2243 2270 2202 2257 2243 2270 2205 2261 2245 2269 2204 2259 2208 2263 2203 2260 2208 2263 2204 2259 2213 2271 2215 2274 2213 2271 2214 2272 2214 2272 2216 2273 2215 2274 2204 2259 2218 2275 2213 2271 2218 2275 2214 2272 2213 2271 2220 2277 2215 2274 2216 2273 2220 2277 2216 2273 2219 2276 2220 2277 2222 2279 2215 2274 2222 2279 2220 2277 2221 2278 2213 2271 2222 2279 2208 2263 2222 2279 2213 2271 2215 2274 2204 2259 2224 2281 2223 2280 2224 2281 2204 2259 2201 2256 2204 2259 2223 2280 2218 2275 2218 2275 2223 2280 2217 2282 2192 2249 2193 2252 2196 2253 2193 2252 2225 2283 2196 2253 2225 2283 2193 2252 2227 2284 2225 2283 2227 2284 2226 2285 2584 2286 2201 2256 2583 2258 2201 2256 2584 2286 2224 2281 2228 2288 2199 2290 2229 2287 2199 2290 2228 2288 2200 2289 2576 2294 2233 2292 2575 2293 2233 2292 2576 2294 2230 2291 2234 2295 2575 2293 2233 2292 2232 2297 2212 2267 2197 2296 2212 2267 2232 2297 2234 2295 2237 2301 2240 2298 2238 2300 2240 2298 2239 2299 2238 2300 2241 2303 2242 2302 2237 2301 2242 2302 2240 2298 2237 2301 2237 2301 2577 2304 2578 2305 2577 2304 2237 2301 2238 2300 2230 2291 2235 2307 2233 2292 2235 2307 2230 2291 2236 2306 2229 2287 2243 2270 2241 2303 2243 2270 2229 2287 2199 2290 2241 2303 2237 2301 2578 2305 2244 2308 2243 2270 2245 2269 2243 2270 2244 2308 2241 2303 2198 2309 2231 2310 2197 2296 2232 2297 2197 2296 2231 2310 2192 2249 2586 2255 2195 2250 2193 2252 2247 2312 2246 2311 2247 2312 2193 2252 2194 2251 2248 2314 2246 2311 2249 2313 2246 2311 2247 2312 2249 2313 2251 2317 2250 2315 2252 2316 2250 2315 2251 2317 2248 2314 2248 2314 2253 2318 2246 2311 2253 2318 2248 2314 2251 2317 2246 2311 2227 2284 2193 2252 2227 2284 2246 2311 2253 2318 2250 2315 2249 2313 2254 2319 2250 2315 2248 2314 2249 2313 2247 2312 2254 2319 2249 2313 2254 2319 2247 2312 2255 2320 2194 2251 2255 2320 2247 2312 2255 2320 2194 2251 2209 2266 2257 2324 2259 2322 2258 2323 2259 2322 2257 2324 2256 2321 1932 1977 2257 2324 1926 1978 2257 2324 1932 1977 2256 2321 1917 1969 2261 2325 2260 2326 2261 2325 1917 1969 1918 1968 2261 2325 1933 1961 2262 2327 1933 1961 2261 2325 1918 1968 2264 2329 2261 2325 2263 2328 2263 2328 2261 2325 2262 2327 2266 2331 2263 2328 2265 2330 2262 2327 2265 2330 2263 2328 2265 2330 2268 2333 2267 2332 2267 2332 2266 2331 2265 2330 2268 2333 2270 2335 2267 2332 2270 2335 2268 2333 2269 2334 2270 2335 2258 2323 2271 2336 2271 2336 2267 2332 2270 2335 2267 2332 2271 2336 2272 2337 2267 2332 2272 2337 2266 2331 2265 2330 1933 1961 1934 1960 1933 1961 2265 2330 2262 2327 1935 1965 2265 2330 1934 1960 2265 2330 1935 1965 2268 2333 2266 2331 2272 2337 2263 2328 2272 2337 2264 2329 2263 2328 2273 2338 2261 2325 2264 2329 2261 2325 2273 2338 2260 2326 2273 2338 2274 2340 2260 2326 2274 2340 2273 2338 2275 2339 2274 2340 2276 2341 2260 2326 2276 2341 2274 2340 2277 2342 2276 2341 1917 1969 2260 2326 1917 1969 2276 2341 1921 1970 2278 2343 2264 2329 2272 2337 2264 2329 2278 2343 2273 2338 2279 2344 2273 2338 2278 2343 2273 2338 2279 2344 2275 2339 2280 2345 2272 2337 2271 2336 2272 2337 2280 2345 2278 2343 2281 2346 2278 2343 2280 2345 2278 2343 2281 2346 2279 2344 2282 2347 1921 1970 2276 2341 1921 1970 2282 2347 1923 1976 2282 2347 1932 1977 1923 1976 1932 1977 2282 2347 2256 2321 2283 2348 2276 2341 2277 2342 2276 2341 2283 2348 2282 2347 2284 2350 2277 2342 2285 2349 2277 2342 2284 2350 2283 2348 2286 2354 2557 2352 2287 2353 2557 2352 2286 2354 2556 2351 2285 2349 2274 2340 2288 2355 2274 2340 2285 2349 2277 2342 2275 2339 2288 2355 2274 2340 2288 2355 2275 2339 2289 2356 2558 2357 2289 2356 2291 2358 2290 2359 2275 2339 2279 2344 2275 2339 2290 2359 2289 2356 2291 2358 2557 2352 2558 2357 2557 2352 2291 2358 2287 2353 2293 2361 2287 2353 2291 2358 2287 2353 2293 2361 2292 2360 2301 2362 2286 2354 2287 2353 2301 2362 2287 2353 2292 2360 2295 2364 2556 2351 2286 2354 2556 2351 2295 2364 2555 2363 2296 2366 2284 2350 2294 2365 2284 2350 2296 2366 2283 2348 2296 2366 2282 2347 2283 2348 2282 2347 2296 2366 2256 2321 2294 2365 2297 2368 2296 2366 2297 2368 2294 2365 2298 2367 2297 2368 2298 2367 2299 2369 2297 2368 2299 2369 2281 2346 2281 2346 2259 2322 2297 2368 2259 2322 2281 2346 2280 2345 2296 2366 2259 2322 2256 2321 2259 2322 2296 2366 2297 2368 2295 2364 2298 2367 2555 2363 2300 2370 2295 2364 2286 2354 2300 2370 2286 2354 2301 2362 2302 2371 2295 2364 2300 2370 2295 2364 2302 2371 2298 2367 1936 1967 1926 1978 2269 2334 1926 1978 2257 2324 2269 2334 1935 1965 1936 1967 2269 2334 1935 1965 2269 2334 2268 2333 2257 2324 2270 2335 2269 2334 2270 2335 2257 2324 2258 2323 2304 2375 2306 2373 2305 2374 2306 2373 2304 2375 2303 2372 2303 2372 2307 2376 2308 2378 2307 2376 2309 2377 2308 2378 2307 2376 2563 2379 2310 2380 2313 2381 2312 2382 2310 2380 2310 2380 2312 2382 2307 2376 2313 2381 2314 2383 2315 2384 2314 2383 2313 2381 2310 2380 2316 2386 2313 2381 2124 2385 2313 2381 2315 2384 2124 2385 2316 2386 2312 2382 2313 2381 2312 2382 2316 2386 2317 2387 2312 2382 2320 2389 2318 2388 2320 2389 2312 2382 2317 2387 2317 2387 2559 2390 2120 2176 2321 2391 2319 2392 2320 2389 2318 2388 2320 2389 2319 2392 2560 2181 2120 2176 2559 2390 2120 2176 2560 2181 2118 2174 2124 2385 2322 2393 2123 2394 2322 2393 2124 2385 2315 2384 2315 2384 2323 2395 2322 2393 2323 2395 2315 2384 2314 2383 2564 2396 2310 2380 2563 2379 2310 2380 2564 2396 2314 2383 2314 2383 2565 2397 2323 2395 2565 2397 2314 2383 2564 2396 2327 2399 2326 2398 2323 2395 2326 2398 2322 2393 2323 2395 2329 2401 2328 2400 2327 2399 2328 2400 2326 2398 2327 2399 2123 2394 2326 2398 2122 2402 2326 2398 2123 2394 2322 2393 2312 2382 2309 2377 2307 2376 2309 2377 2312 2382 2318 2388 2318 2388 2330 2403 2309 2377 2330 2403 2318 2388 2319 2392 2332 2405 2329 2401 2331 2404 2329 2401 2332 2405 2330 2403 2334 2406 2331 2404 2329 2401 2331 2404 2334 2406 2333 2407 2333 2407 2335 2408 2331 2404 2335 2408 2333 2407 2336 2409 2337 2411 2335 2408 2336 2409 2336 2409 2338 2410 2337 2411 2338 2410 2340 2412 2339 2413 2340 2412 2338 2410 2336 2409 2333 2407 2341 2415 2336 2409 2341 2415 2333 2407 2342 2414 2340 2412 2336 2409 2341 2415 2340 2412 2341 2415 2343 2416 2344 2418 2337 2411 2338 2410 2338 2410 2345 2417 2344 2418 2347 2420 2346 2419 2344 2418 2346 2419 2337 2411 2344 2418 2335 2408 2346 2419 2348 2421 2346 2419 2335 2408 2337 2411 2348 2421 2331 2404 2335 2408 2331 2404 2348 2421 2332 2405 2309 2377 2332 2405 2308 2378 2332 2405 2309 2377 2330 2403 2308 2378 2348 2421 2349 2422 2348 2421 2308 2378 2332 2405 2325 2423 2333 2407 2334 2406 2333 2407 2325 2423 2342 2414 2327 2399 2565 2397 2566 2424 2565 2397 2327 2399 2323 2395 2329 2401 2327 2399 2566 2424 2304 2375 2311 2425 2303 2372 2311 2425 2307 2376 2303 2372 2304 2375 2351 2426 2350 2427 2351 2426 2304 2375 2305 2374 2350 2427 2341 2415 2342 2414 2341 2415 2350 2427 2351 2426 2351 2426 2353 2428 2352 2429 2353 2428 2351 2426 2305 2374 2343 2416 2351 2426 2352 2429 2351 2426 2343 2416 2341 2415 2353 2428 2355 2430 2354 2431 2355 2430 2353 2428 2305 2374 2356 2433 2354 2431 2357 2432 2354 2431 2355 2430 2357 2432 2356 2433 2359 2435 2358 2434 2359 2435 2356 2433 2357 2432 2359 2435 2361 2437 2358 2434 2361 2437 2359 2435 2360 2436 2357 2432 2355 2430 2362 2438 2362 2438 2355 2430 2363 2439 2362 2438 2359 2435 2357 2432 2359 2435 2362 2438 2364 2440 2324 2441 2342 2414 2325 2423 2342 2414 2324 2441 2350 2427 2311 2425 2304 2375 2324 2441 2304 2375 2350 2427 2324 2441 2303 2372 2349 2422 2306 2373 2349 2422 2303 2372 2308 2378 2363 2439 2306 2373 2365 2442 2306 2373 2349 2422 2365 2442 2349 2422 2346 2419 2365 2442 2346 2419 2349 2422 2348 2421 2365 2442 2347 2420 2364 2440 2347 2420 2365 2442 2346 2419 2362 2438 2363 2439 2365 2442 2362 2438 2365 2442 2364 2440 2305 2374 2363 2439 2355 2430 2363 2439 2305 2374 2306 2373 2367 2446 2369 2444 2368 2445 2369 2444 2367 2446 2366 2443 2372 2447 2370 2449 2366 2443 2370 2449 2372 2447 2371 2448 2371 2448 2374 2451 2370 2449 2374 2451 2371 2448 2373 2450 2376 2452 2374 2451 2373 2450 2374 2451 2376 2452 2375 2453 2377 2455 2375 2453 2378 2454 2375 2453 2377 2455 2374 2451 2370 2449 2377 2455 2379 2456 2377 2455 2370 2449 2374 2451 2366 2443 2379 2456 2369 2444 2379 2456 2366 2443 2370 2449 2380 2458 2369 2444 2381 2457 2369 2444 2379 2456 2381 2457 2382 2461 2384 2459 2383 2460 2384 2459 2382 2461 2380 2458 2382 2461 2368 2445 2380 2458 2368 2445 2369 2444 2380 2458 1914 1940 2382 2461 2383 2460 2382 2461 1914 1940 2385 1958 2384 2459 2386 2463 2383 2460 2386 2463 2384 2459 2387 2462 1914 1940 2386 2463 1913 1938 2386 2463 1914 1940 2383 2460 2368 2445 2382 2461 2388 2464 2388 2464 2382 2461 2385 1958 2384 2459 2380 2458 2381 2457 2381 2457 2387 2462 2384 2459 2379 2456 2390 2465 2381 2457 2390 2465 2379 2456 2377 2455 2387 2462 2390 2465 2391 2466 2390 2465 2387 2462 2381 2457 2377 2455 2392 2467 2390 2465 2392 2467 2377 2455 2378 2454 2391 2466 2390 2465 2393 2468 2390 2465 2392 2467 2393 2468 2395 2469 2375 2453 2376 2452 2375 2453 2395 2469 2394 2470 2394 2470 2378 2454 2375 2453 2378 2454 2394 2470 2396 2471 2398 2473 2399 2472 2396 2471 2399 2472 2398 2473 2397 1950 2400 2474 2397 1950 1911 1937 2397 1950 2400 2474 2399 2472 2386 2463 1912 1936 1913 1938 1912 1936 2386 2463 2401 2475 2401 2475 1911 1937 1912 1936 1911 1937 2401 2475 2400 2474 2392 2467 2399 2472 2393 2468 2393 2468 2399 2472 2400 2474 2396 2471 2392 2467 2378 2454 2392 2467 2396 2471 2399 2472 2403 2476 2398 2473 2396 2471 2398 2473 2403 2476 2402 1956 2394 2470 2403 2476 2396 2471 2403 2476 2394 2470 2404 2477 2403 2476 2405 2478 2406 2479 2405 2478 2403 2476 2404 2477 2402 1956 2406 2479 2389 1957 2406 2479 2402 1956 2403 2476 2394 2470 2407 2480 2404 2477 2407 2480 2394 2470 2395 2469 2376 2452 2571 2481 2395 2469 2410 2483 2408 2484 2409 2482 2376 2452 2409 2482 2408 2484 2373 2450 2409 2482 2376 2452 2409 2482 2373 2450 2412 2485 2412 2485 2373 2450 2411 2486 2371 2448 2411 2486 2373 2450 2414 2488 2409 2482 2413 2487 2412 2485 2413 2487 2409 2482 2415 2489 2409 2482 2414 2488 2409 2482 2415 2489 2410 2483 2572 2490 2395 2469 2571 2481 2395 2469 2572 2490 2407 2480 2573 2491 2407 2480 2572 2490 2407 2480 2573 2491 2417 2492 2417 2492 2405 2478 2404 2477 2417 2492 2404 2477 2407 2480 2410 2483 2416 2494 2408 2484 2416 2494 2410 2483 2419 2493 2420 2495 2418 2496 2416 2494 2420 2495 2416 2494 2419 2493 2421 2497 2574 2498 2372 2447 2574 2498 2421 2497 2573 2491 2421 2497 2417 2492 2573 2491 2418 2496 2424 2500 2422 2499 2424 2500 2418 2496 2420 2495 2422 2499 2424 2500 2423 2501 2422 2499 2423 2501 2372 2447 2423 2501 2371 2448 2372 2447 2371 2448 2423 2501 2411 2486 2426 2503 2423 2501 2424 2500 2423 2501 2426 2503 2425 2502 2425 2502 2567 2504 2427 2505 2568 2507 2427 2505 2567 2504 2427 2505 2568 2507 2429 2506 2424 2500 2430 2508 2426 2503 2430 2508 2424 2500 2420 2495 2425 2502 2411 2486 2423 2501 2411 2486 2425 2502 2428 2509 2428 2509 2412 2485 2411 2486 2412 2485 2428 2509 2413 2487 2367 2446 2421 2497 2366 2443 2421 2497 2372 2447 2366 2443 2421 2497 2367 2446 2417 2492 2367 2446 2405 2478 2417 2492 2367 2446 2406 2479 2405 2478 2406 2479 2367 2446 2368 2445 2406 2479 2368 2445 2388 2464 2406 2479 2388 2464 2389 1957 2431 2510 2127 2183 2031 2084 2127 2183 2431 2510 2128 2511 2026 2077 2024 2075 2025 2076 2026 2077 2025 2076 2058 2108 2432 2512 2058 2108 2054 2106 2432 2512 2054 2106 2433 2513 2552 2515 2432 2512 2551 2514 2432 2512 2552 2515 2434 2516 2434 2516 2552 2515 2438 2518 2552 2515 2553 2517 2438 2518 2439 2520 2553 2517 2554 2519 2553 2517 2439 2520 2438 2518 2442 2073 2438 2518 2441 2074 2439 2520 2441 2074 2438 2518 2028 2078 2439 2520 2443 2521 2439 2520 2028 2078 2441 2074 2434 2516 2442 2073 2026 2077 2442 2073 2434 2516 2438 2518 2444 2522 2028 2078 2443 2521 2028 2078 2444 2522 2057 2080 2446 2524 2443 2521 2445 2523 2443 2521 2446 2524 2444 2522 2445 2523 2443 2521 2440 2525 2445 2523 2440 2525 2293 2361 2444 2522 2446 2524 2447 2526 2473 2527 2447 2526 2446 2524 2554 2519 2443 2521 2439 2520 2057 2080 2447 2526 2056 2082 2447 2526 2057 2080 2444 2522 2435 2529 2301 2362 2437 2528 2301 2362 2292 2360 2437 2528 2300 2370 2435 2529 2436 2530 2435 2529 2300 2370 2301 2362 2433 2513 2551 2514 2432 2512 2054 2106 2447 2526 2433 2513 2447 2526 2054 2106 2056 2082 2302 2371 2433 2513 2447 2526 2302 2371 2447 2526 2473 2527 2436 2530 2302 2371 2300 2370 2302 2371 2436 2530 2433 2513 2437 2528 2293 2361 2440 2525 2293 2361 2437 2528 2292 2360 2058 2108 2434 2516 2026 2077 2434 2516 2058 2108 2432 2512 2051 2103 2091 2148 2090 2147 2091 2148 2051 2103 2050 2102 2100 2156 2092 2149 5246 2150 2100 2156 5246 2150 5247 2157 2454 2532 2451 2531 2429 2506 2451 2531 2454 2532 2452 2533 2569 2534 2429 2506 2568 2507 2429 2506 2569 2534 2454 2532 2430 2508 2419 2493 2455 2535 2419 2493 2430 2508 2420 2495 2455 2535 2410 2483 2415 2489 2410 2483 2455 2535 2419 2493 2570 2537 2456 2536 2569 2534 2456 2536 2454 2532 2569 2534 2456 2536 2570 2537 2414 2488 2453 2538 2454 2532 2456 2536 2454 2532 2453 2538 2452 2533 2429 2506 2449 2539 2427 2505 2449 2539 2429 2506 2451 2531 2186 2244 2453 2538 2457 2540 2453 2538 2186 2244 2158 2215 2453 2538 2456 2536 2457 2540 2414 2488 2457 2540 2456 2536 2458 2542 2187 2541 2457 2540 2187 2541 2186 2244 2457 2540 2451 2531 2452 2533 2135 2188 2135 2188 2452 2533 2159 2214 2159 2214 2453 2538 2158 2215 2453 2538 2159 2214 2452 2533 2451 2531 2132 2185 2449 2539 2132 2185 2451 2531 2135 2188 2450 2543 2427 2505 2449 2539 2427 2505 2450 2543 2425 2502 2450 2543 2428 2509 2425 2502 2428 2509 2450 2543 2459 2544 2460 2545 2459 2544 2131 2184 2450 2543 2131 2184 2459 2544 2132 2185 2131 2184 2449 2539 2449 2539 2131 2184 2450 2543 2460 2545 2458 2542 2459 2544 2458 2542 2460 2545 2187 2541 2130 2547 2126 2191 2461 2546 2126 2191 2130 2547 2129 2186 2128 2511 2321 2391 2320 2389 2321 2391 2128 2511 2461 2546 2128 2511 2431 2510 2130 2547 2128 2511 2130 2547 2461 2546 2159 2214 2134 2189 2135 2188 2134 2189 2159 2214 2157 2213 2104 2222 2083 2138 2103 2159 2083 2138 2104 2222 2082 2139 2459 2544 2413 2487 2428 2509 2413 2487 2459 2544 2458 2542 2458 2542 2414 2488 2413 2487 2414 2488 2458 2542 2457 2540 2172 2231 2240 2298 2171 2232 2242 2302 2171 2232 2240 2298 2463 2549 2462 2548 2242 2302 2462 2548 2171 2232 2242 2302 2244 2308 2463 2549 2241 2303 2463 2549 2242 2302 2241 2303 2185 2243 2464 2550 2465 2551 2464 2550 2185 2243 2184 2552 2233 2292 2235 2307 2465 2551 2465 2551 2234 2295 2233 2292 2235 2307 2160 2216 2185 2243 2185 2243 2465 2551 2235 2307 2466 2553 2239 2299 2172 2231 2240 2298 2172 2231 2239 2299 2172 2231 2467 2554 2466 2553 2467 2554 2172 2231 2173 2230 2469 2555 2156 2212 2160 2216 2156 2212 2469 2555 2468 2556 2236 2306 2160 2216 2235 2307 2160 2216 2236 2306 2469 2555 2280 2345 2258 2323 2259 2322 2258 2323 2280 2345 2271 2336 2299 2369 2279 2344 2281 2346 2279 2344 2299 2369 2290 2359 2289 2356 2445 2523 2291 2358 2445 2523 2293 2361 2291 2358 2338 2410 2339 2413 2345 2417 2339 2413 2470 2557 2345 2417 2470 2557 2360 2436 2345 2417 2360 2436 2470 2557 2361 2437 2386 2463 2391 2466 2401 2475 2391 2466 2386 2463 2387 2462 2401 2475 2393 2468 2400 2474 2393 2468 2401 2475 2391 2466 2068 2112 1991 2034 2066 2114 1991 2034 2068 2112 1993 2036 2128 2511 2320 2389 2127 2183 2317 2387 2127 2183 2320 2389 2120 2176 2119 2177 2127 2183 2127 2183 2317 2387 2120 2176 2121 2178 2562 2180 2471 2558 2328 2400 2122 2402 2326 2398 2122 2402 2328 2400 2471 2558 2321 2391 2328 2400 2319 2392 2328 2400 2321 2391 2471 2558 2461 2546 2471 2558 2321 2391 2471 2558 2461 2546 2126 2191 2126 2191 2121 2178 2471 2558 2121 2178 2126 2191 2125 2182 2221 2278 2207 2264 2222 2279 2207 2264 2208 2263 2222 2279 2212 2267 2472 2559 2211 2268 2472 2559 2212 2267 2234 2295 2465 2551 2472 2559 2234 2295 2472 2559 2465 2551 2464 2550 2302 2371 2299 2369 2298 2367 2299 2369 2302 2371 2473 2527 2473 2527 2290 2359 2299 2369 2290 2359 2473 2527 2446 2524 2445 2523 2290 2359 2446 2524 2290 2359 2445 2523 2289 2356 2364 2440 2360 2436 2359 2435 2360 2436 2364 2440 2347 2420 2347 2420 2345 2417 2360 2436 2345 2417 2347 2420 2344 2418 2330 2403 2319 2392 2328 2400 2330 2403 2328 2400 2329 2401 2147 2202 2144 2199 2152 2208 2144 2199 2147 2202 2140 2195 2468 2556 2466 2553 2467 2554 2466 2553 2468 2556 2469 2555 2239 2299 2469 2555 2236 2306 2469 2555 2239 2299 2466 2553 2238 2300 2236 2306 2230 2291 2236 2306 2238 2300 2239 2299 2577 2304 2230 2291 2576 2294 2230 2291 2577 2304 2238 2300 2200 2289 2231 2310 2198 2309 2231 2310 2200 2289 2228 2288 2224 2281 2585 2254 2196 2253 2585 2254 2224 2281 2584 2286 2223 2280 2196 2253 2225 2283 2196 2253 2223 2280 2224 2281 2217 2282 2225 2283 2226 2285 2225 2283 2217 2282 2223 2280 2252 2316 2220 2277 2219 2276 2220 2277 2252 2316 2250 2315 2250 2315 2221 2278 2220 2277 2221 2278 2250 2315 2254 2319 2254 2319 2207 2264 2221 2278 2207 2264 2254 2319 2255 2320 2255 2320 2209 2266 2207 2264 2209 2266 2206 2262 2207 2264 2205 2261 2206 2262 2210 2265 2209 2266 2210 2265 2206 2262 2245 2269 2205 2261 2211 2268 2210 2265 2211 2268 2205 2261 2244 2308 2245 2269 2472 2559 2211 2268 2472 2559 2245 2269 2464 2550 2244 2308 2472 2559 2244 2308 2464 2550 2463 2549 2184 2552 2463 2549 2464 2550 2463 2549 2184 2552 2462 2548 2179 2239 2168 2228 2177 2234 2168 2228 2179 2239 2180 2238 2476 2562 2474 2560 2477 2561 2474 2560 2476 2562 2475 2563 2476 2562 2479 2565 2478 2564 2479 2565 2476 2562 2477 2561 2475 2563 2481 2567 2474 2560 2481 2567 2475 2563 2480 2566 2485 2569 2484 2570 2482 2568 2483 2571 2482 2568 2484 2570 2483 2571 2479 2565 2482 2568 2479 2565 2483 2571 2478 2564 2487 2573 2484 2570 2485 2569 2484 2570 2487 2573 2486 2572 2486 2572 2489 2574 2488 2575 2489 2574 2486 2572 2487 2573 2492 2578 2490 2576 2493 2577 2491 2579 2490 2576 2492 2578 2492 2578 2495 2580 2494 2581 2495 2580 2492 2578 2493 2577 2494 2581 2053 2105 2045 2098 2053 2105 2494 2581 2495 2580 2490 2576 2491 2579 2488 2575 2490 2576 2488 2575 2489 2574 2481 2567 2480 2566 2496 2582 2496 2582 2480 2566 2497 2583 2496 2582 2499 2585 2498 2584 2499 2585 2496 2582 2497 2583 2498 2584 2499 2585 2500 2586 2500 2586 2499 2585 2501 2587 2488 2575 2484 2570 2486 2572 2484 2570 2488 2575 2483 2571 2185 2243 2496 2582 2184 2552 2184 2552 2496 2582 2498 2584 2186 2244 2481 2567 2185 2243 2185 2243 2481 2567 2496 2582 2187 2541 2474 2560 2186 2244 2474 2560 2481 2567 2186 2244 2477 2561 2187 2541 2460 2545 2187 2541 2477 2561 2474 2560 2131 2184 2477 2561 2460 2545 2477 2561 2131 2184 2479 2565 2482 2568 2131 2184 2129 2186 2131 2184 2482 2568 2479 2565 2485 2569 2129 2186 2130 2547 2129 2186 2485 2569 2482 2568 2431 2510 2485 2569 2130 2547 2485 2569 2431 2510 2487 2573 2031 2084 2489 2574 2487 2573 2031 2084 2487 2573 2431 2510 2027 2079 2489 2574 2031 2084 2489 2574 2027 2079 2490 2576 2029 2081 2490 2576 2027 2079 2490 2576 2029 2081 2493 2577 2030 2083 2493 2577 2029 2081 2493 2577 2030 2083 2495 2580 2495 2580 2055 2107 2053 2105 2055 2107 2495 2580 2030 2083 2478 2564 2480 2566 2475 2563 2478 2564 2475 2563 2476 2562 2497 2583 2502 2588 2501 2587 2497 2583 2501 2587 2499 2585 2498 2584 2462 2548 2184 2552 2462 2548 2498 2584 2500 2586 2500 2586 2171 2232 2462 2548 2171 2232 2500 2586 2170 2229 2500 2586 2501 2587 2170 2229 2502 2588 2170 2229 2501 2587 2491 2579 2494 2581 2045 2098 2494 2581 2491 2579 2492 2578 2052 2104 2045 2098 2046 2097 2045 2098 2052 2104 2491 2579 2491 2579 2166 2225 2488 2575 2166 2225 2491 2579 2052 2104 2488 2575 2166 2225 2483 2571 2166 2225 2167 2226 2483 2571 2478 2564 2504 2589 2480 2566 2480 2566 2504 2589 2503 2590 2167 2226 2478 2564 2483 2571 2478 2564 2167 2226 2504 2589 2154 2210 2156 2212 2468 2556 2468 2556 2145 2200 2154 2210 2467 2554 2146 2201 2145 2200 2145 2200 2468 2556 2467 2554 2167 2226 2089 2146 2504 2589 2089 2146 2505 2591 2504 2589 2088 2145 2505 2591 2089 2146 2505 2591 2088 2145 2506 2592 2188 2245 2189 2248 2507 2593 2188 2245 2507 2593 2508 2594 2188 2245 2506 2592 2088 2145 2506 2592 2188 2245 2508 2594 2505 2591 2503 2590 2504 2589 2503 2590 2505 2591 2182 2241 2507 2593 2510 2596 2508 2594 2510 2596 2507 2593 2509 2595 2508 2594 2183 2242 2506 2592 2183 2242 2508 2594 2510 2596 2506 2592 2182 2241 2505 2591 2182 2241 2506 2592 2183 2242 2511 2597 2179 2239 2181 2240 2179 2239 2511 2597 2178 2237 2509 2595 2181 2240 2510 2596 2181 2240 2509 2595 2511 2597 2510 2596 2174 2233 2183 2242 2174 2233 2510 2596 2181 2240 2513 2598 2178 2237 2511 2597 2178 2237 2513 2598 2512 2599 2515 2600 2189 2248 2190 2247 2189 2248 2515 2600 2514 2601 2516 2602 2189 2248 2514 2601 2189 2248 2516 2602 2507 2593 2516 2602 2509 2595 2507 2593 2509 2595 2516 2602 2517 2603 2509 2595 2517 2603 2511 2597 2513 2598 2511 2597 2517 2603 2514 2601 2517 2603 2516 2602 2517 2603 2514 2601 2513 2598 2512 2599 2518 2605 2178 2237 2518 2605 2512 2599 2519 2604 2480 2566 2503 2590 2497 2583 2503 2590 2520 2606 2497 2583 2182 2241 2520 2606 2503 2590 2520 2606 2182 2241 2175 2236 2520 2606 2175 2236 2521 2607 2175 2236 2176 2235 2521 2607 2497 2583 2520 2606 2502 2588 2520 2606 2521 2607 2502 2588 2173 2230 2146 2201 2467 2554 2146 2201 2173 2230 2522 2608 2502 2588 2173 2230 2170 2229 2173 2230 2502 2588 2522 2608 2522 2608 2143 2198 2146 2201 2143 2198 2522 2608 2523 2609 2144 2199 2523 2609 2169 2227 2523 2609 2144 2199 2143 2198 2176 2235 2523 2609 2521 2607 2523 2609 2176 2235 2169 2227 2502 2588 2521 2607 2522 2608 2522 2608 2521 2607 2523 2609 2041 2094 2524 2610 2015 2063 2524 2610 2041 2094 2042 2207 2525 2611 2153 2209 2518 2605 2153 2209 2525 2611 2149 2204 2149 2204 2526 2612 2150 2205 2526 2612 2149 2204 2525 2611 2527 2613 2150 2205 2526 2612 2150 2205 2527 2613 2151 2206 2518 2605 2180 2238 2178 2237 2180 2238 2518 2605 2153 2209 2168 2228 2180 2238 2153 2209 2168 2228 2153 2209 2152 2208 2528 2614 2524 2610 2042 2207 2528 2614 2042 2207 2151 2206 2102 2158 2529 2615 2104 2222 2102 2158 2104 2222 2103 2159 2536 2223 2529 2615 2528 2614 2102 2158 2101 2161 2448 2616 2532 2618 2524 2610 2531 2617 2531 2617 2524 2610 2528 2614 2533 2620 2526 2612 2534 2619 2526 2612 2525 2611 2534 2619 2535 2621 2527 2613 2533 2620 2527 2613 2526 2612 2533 2620 2518 2605 2534 2619 2525 2611 2534 2619 2518 2605 2519 2604 2537 2224 2536 2223 2527 2613 2537 2224 2527 2613 2535 2621 2538 2622 2163 2217 2164 2220 2163 2217 2538 2622 2165 2221 2538 2622 2190 2247 2165 2221 2190 2247 2538 2622 2515 2600 2536 2223 2528 2614 2151 2206 2536 2223 2151 2206 2527 2613 2102 2158 2539 2624 2529 2615 2539 2624 2102 2158 2540 2623 2532 2618 2014 2064 2524 2610 2014 2064 2532 2618 2541 2625 2540 2623 2448 2616 2530 2626 2448 2616 2540 2623 2102 2158 2014 2064 2048 2101 2044 2095 2048 2101 2014 2064 2541 2625 2091 2148 2050 2102 2096 2153 2096 2153 2050 2102 2095 2151 2050 2102 2047 2099 2095 2151 2047 2099 2094 2152 2095 2151 2047 2099 2093 2627 2094 2152 2093 2627 2047 2099 2048 2101 2048 2101 2541 2625 2093 2627 2093 2627 2541 2625 2530 2626 2530 2626 2532 2618 2540 2623 2532 2618 2530 2626 2541 2625 2540 2623 2531 2617 2539 2624 2531 2617 2540 2623 2532 2618 2079 2135 2096 2153 2078 2136 2096 2153 2079 2135 2085 2141 2085 2141 2091 2148 2096 2153 2091 2148 2085 2141 2086 2144 2529 2615 2531 2617 2528 2614 2531 2617 2529 2615 2539 2624 2162 2219 2515 2600 2164 2220 2164 2220 2515 2600 2538 2622 2015 2063 2524 2610 2014 2064 2542 2024 1984 2047 2543 2025 1984 2047 2542 2024 1981 2048 2544 2045 1984 2047 1997 2042 1984 2047 2544 2045 2543 2025 1997 2042 1996 2039 2545 2046 2545 2046 2544 2045 1997 2042 2545 2046 1995 2041 2546 2037 1995 2041 2545 2046 1996 2039 2546 2037 1995 2041 2547 2038 2547 2038 1995 2041 1987 2040 2547 2038 1969 2003 1964 2009 1969 2003 2547 2038 1987 2040 2542 2024 1972 2002 1981 2048 1972 2002 2542 2024 1961 2014 2076 2128 2548 2126 2066 2114 2076 2128 2075 2130 2549 2127 2076 2128 2549 2127 2548 2126 2550 2120 2075 2130 2004 2053 2075 2130 2550 2120 2549 2127 2002 2052 2550 2120 2004 2053 2436 2530 2551 2514 2433 2513 2436 2530 2552 2515 2551 2514 2552 2515 2436 2530 2435 2529 2435 2529 2553 2517 2552 2515 2553 2517 2435 2529 2437 2528 2437 2528 2554 2519 2553 2517 2554 2519 2437 2528 2440 2525 2440 2525 2443 2521 2554 2519 2555 2363 2298 2367 2294 2365 2555 2363 2294 2365 2556 2351 2294 2365 2284 2350 2556 2351 2284 2350 2285 2349 2556 2351 2556 2351 2285 2349 2557 2352 2557 2352 2288 2355 2558 2357 2288 2355 2557 2352 2285 2349 2288 2355 2289 2356 2558 2357 2317 2387 2316 2386 2559 2390 2316 2386 2560 2181 2559 2390 2560 2181 2316 2386 2124 2385 2560 2181 2123 2394 2561 2179 2123 2394 2560 2181 2124 2385 2561 2179 2122 2402 2562 2180 2122 2402 2561 2179 2123 2394 2471 2558 2562 2180 2122 2402 2307 2376 2311 2425 2563 2379 2311 2425 2564 2396 2563 2379 2564 2396 2311 2425 2324 2441 2564 2396 2325 2423 2565 2397 2325 2423 2564 2396 2324 2441 2565 2397 2334 2406 2566 2424 2334 2406 2565 2397 2325 2423 2329 2401 2566 2424 2334 2406 2425 2502 2426 2503 2567 2504 2426 2503 2568 2507 2567 2504 2568 2507 2426 2503 2430 2508 2568 2507 2455 2535 2569 2534 2455 2535 2568 2507 2430 2508 2569 2534 2415 2489 2570 2537 2415 2489 2569 2534 2455 2535 2414 2488 2570 2537 2415 2489 2376 2452 2408 2484 2571 2481 2571 2481 2408 2484 2572 2490 2408 2484 2416 2494 2572 2490 2418 2496 2572 2490 2416 2494 2572 2490 2418 2496 2573 2491 2574 2498 2573 2491 2418 2496 2574 2498 2418 2496 2422 2499 2372 2447 2574 2498 2422 2499 2232 2297 2575 2293 2234 2295 2576 2294 2232 2297 2231 2310 2232 2297 2576 2294 2575 2293 2228 2288 2576 2294 2231 2310 2576 2294 2228 2288 2577 2304 2578 2305 2577 2304 2228 2288 2578 2305 2228 2288 2229 2287 2241 2303 2578 2305 2229 2287 2202 2257 2243 2270 2579 2628 2579 2628 2243 2270 2199 2290 2199 2290 2580 2629 2579 2628 2580 2629 2199 2290 2200 2289 2580 2629 2198 2309 2581 2630 2198 2309 2580 2629 2200 2289 2581 2630 2198 2309 2582 2631 2197 2296 2582 2631 2198 2309 2212 2267 2582 2631 2197 2296 2582 2631 2212 2267 2195 2250 2583 2258 2202 2257 2579 2628 2580 2629 2583 2258 2579 2628 2583 2258 2580 2629 2584 2286 2584 2286 2581 2630 2585 2254 2581 2630 2584 2286 2580 2629 2586 2255 2585 2254 2581 2630 2586 2255 2581 2630 2582 2631 2195 2250 2586 2255 2582 2631 1972 2002 1961 2014 1960 2013 1987 2040 1970 2000 1969 2003 1987 2040 1986 2029 1970 2000 1971 2001 1981 2048 1972 2002 1981 2048 1971 2001 1985 2028 1969 2003 1957 2010 1964 2009 1919 1972 1933 1961 1918 1968 1925 1979 1926 1978 1936 1967 2604 2633 2603 2634 2601 2632 2601 2632 2603 2634 2602 2635 2605 2637 2604 2633 2606 2636 2604 2633 2605 2637 2603 2634 2605 2637 2607 2639 2608 2638 2607 2639 2605 2637 2606 2636 2602 2635 2603 2634 2361 2437 2361 2437 2470 2557 2602 2635 2358 2434 2603 2634 2605 2637 2603 2634 2358 2434 2361 2437 2605 2637 2608 2638 2358 2434 2356 2433 2358 2434 2608 2638 2598 2642 2587 2640 2597 2641 2587 2640 2598 2642 2590 2643 2599 2644 2589 2645 2590 2643 2599 2644 2590 2643 2598 2642 2588 2647 2599 2644 2600 2646 2599 2644 2588 2647 2589 2645 2340 2412 2591 2648 2339 2413 2591 2648 2340 2412 2343 2416 2352 2429 2591 2648 2343 2416 2591 2648 2352 2429 2592 2649 2353 2428 2592 2649 2352 2429 2592 2649 2353 2428 2354 2431 2591 2648 2593 2651 2339 2413 2593 2651 2591 2648 2594 2650 2592 2649 2594 2650 2591 2648 2594 2650 2592 2649 2595 2652 2354 2431 2596 2653 2592 2649 2596 2653 2595 2652 2592 2649 2594 2650 2597 2641 2593 2651 2597 2641 2594 2650 2598 2642 2595 2652 2598 2642 2594 2650 2598 2642 2595 2652 2599 2644 2600 2646 2595 2652 2596 2653 2595 2652 2600 2646 2599 2644 2597 2641 2601 2632 2602 2635 2601 2632 2597 2641 2587 2640 2587 2640 2590 2643 2601 2632 2590 2643 2604 2633 2601 2632 2604 2633 2589 2645 2606 2636 2590 2643 2589 2645 2604 2633 2588 2647 2608 2638 2607 2639 2608 2638 2588 2647 2600 2646 2606 2636 2588 2647 2607 2639 2588 2647 2606 2636 2589 2645 2470 2557 2597 2641 2602 2635 2597 2641 2470 2557 2593 2651 2600 2646 2356 2433 2608 2638 2356 2433 2600 2646 2596 2653 2356 2433 2596 2653 2354 2431 2470 2557 2339 2413 2593 2651 2398 2473 2609 1951 2397 1950 2609 1951 2398 2473 2402 1956 2610 1955 2388 2464 2385 1958 2388 2464 2610 1955 2389 1957 2385 1958 1914 1940 1900 1953 1911 1937 2397 1950 1897 1948 2628 2655 2626 2657 2625 2654 2626 2657 2628 2655 2627 2656 2630 2659 2628 2655 2629 2658 2625 2654 2629 2658 2628 2655 2630 2659 2631 2661 2632 2660 2631 2661 2630 2659 2629 2658 2252 2316 2632 2660 2251 2317 2632 2660 2252 2316 2630 2659 2252 2316 2219 2276 2630 2659 2630 2659 2219 2276 2628 2655 2627 2656 2628 2655 2219 2276 2219 2276 2216 2273 2627 2656 2214 2272 2615 2663 2620 2662 2620 2662 2615 2663 2619 2664 2617 2667 2616 2666 2253 2318 2616 2666 2617 2667 2618 2665 2619 2664 2616 2666 2618 2665 2616 2666 2619 2664 2615 2663 2622 2671 2611 2669 2621 2670 2611 2669 2622 2671 2612 2668 2612 2668 2623 2673 2613 2672 2623 2673 2612 2668 2622 2671 2614 2675 2623 2673 2624 2674 2623 2673 2614 2675 2613 2672 2218 2275 2615 2663 2214 2272 2615 2663 2218 2275 2217 2282 2615 2663 2226 2285 2616 2666 2226 2285 2615 2663 2217 2282 2616 2666 2227 2284 2253 2318 2227 2284 2616 2666 2226 2285 2624 2674 2618 2665 2617 2667 2618 2665 2624 2674 2623 2673 2622 2671 2618 2665 2623 2673 2618 2665 2622 2671 2619 2664 2621 2670 2620 2662 2619 2664 2619 2664 2622 2671 2621 2670 2611 2669 2625 2654 2626 2657 2625 2654 2611 2669 2612 2668 2627 2656 2611 2669 2626 2657 2611 2669 2627 2656 2621 2670 2612 2668 2613 2672 2625 2654 2613 2672 2629 2658 2625 2654 2614 2675 2632 2660 2631 2661 2632 2660 2614 2675 2624 2674 2613 2672 2614 2675 2629 2658 2614 2675 2631 2661 2629 2658 2617 2667 2632 2660 2624 2674 2632 2660 2617 2667 2251 2317 2216 2273 2621 2670 2627 2656 2621 2670 2216 2273 2620 2662 2214 2272 2620 2662 2216 2273 2251 2317 2617 2667 2253 2318 1389 1647 2535 2621 1388 1649 2535 2621 1389 1647 2537 2224 1390 1645 2537 2224 1389 1647 2537 2224 1390 1645 2162 2219 1383 1643 2162 2219 1390 1645 2162 2219 1383 1643 2515 2600 1382 1641 2514 2601 1383 1643 2515 2600 1383 1643 2514 2601 1381 1640 2513 2598 1382 1641 2514 2601 1382 1641 2513 2598 1384 1657 2512 2599 1381 1640 2513 2598 1381 1640 2512 2599 1384 1657 2519 2604 2512 2599 2519 2604 1384 1657 1385 1655 1386 1653 2534 2619 1385 1655 2519 2604 1385 1655 2534 2619 2533 2620 1386 1653 1387 1651 1386 1653 2533 2620 2534 2619 1388 1649 2533 2620 1387 1651 2533 2620 1388 1649 2535 2621 2633 1929 1883 165 2634 1928 1883 165 2633 1929 1868 170 2634 1928 1883 165 2635 1927 2635 1927 1883 165 1882 164 2636 1926 2635 1927 1882 164 2636 1926 1882 164 1881 190 2636 1926 1881 190 2637 1925 1880 193 2637 1925 1881 190 2637 1925 1880 193 2638 1924 2638 1924 1880 193 1879 225 2639 1923 2638 1924 1879 225 2639 1923 1879 225 1878 730 2639 1923 1877 731 2640 1922 1877 731 2639 1923 1878 730 2640 1922 1876 271 2641 1921 1876 271 2640 1922 1877 731 2641 1921 1875 274 2642 1920 1875 274 2641 1921 1876 271 2642 1920 1874 415 2643 1919 1874 415 2642 1920 1875 274 2643 1919 1873 414 2644 1918 1873 414 2643 1919 1874 415 1872 404 2644 1918 1873 414 2644 1918 1872 404 2645 1917 1871 403 2646 1916 1872 404 2646 1916 2645 1917 1872 404 1870 406 2647 1914 1871 403 2647 1914 2646 1916 1871 403 1870 406 1869 741 2648 1915 2648 1915 2647 1914 1870 406 486 483 504 504 483 487 504 504 486 483 487 500 120 33 2650 349 2649 46 2650 349 120 33 366 693 365 692 2650 349 366 693 2650 349 365 692 2651 350 2651 350 369 690 2652 352 369 690 2651 350 365 692 2653 354 2652 352 369 690 2653 354 369 690 670 689 2654 327 2653 354 670 689 2654 327 670 689 356 691 2655 325 2654 327 356 691 2655 325 356 691 355 333 355 333 2656 322 2655 325 2656 322 355 333 354 332 354 332 2657 323 2656 322 2657 323 354 332 345 316 2658 329 345 316 342 309 345 316 2658 329 2657 323 342 309 2659 331 2658 329 2659 331 342 309 341 312 341 312 136 318 2660 337 341 312 2660 337 2659 331 2661 305 136 318 137 52 136 318 2661 305 2660 337 2661 305 138 51 2662 306 138 51 2661 305 137 52 139 47 2662 306 138 51 2662 306 139 47 2663 308 2664 40 2663 308 131 50 139 47 131 50 2663 308 125 27 2664 40 131 50 2664 40 125 27 2665 37 2666 38 125 27 116 26 125 27 2666 38 2665 37 2667 42 116 26 118 29 116 26 2667 42 2666 38 2668 44 2667 42 118 29 118 29 119 31 2668 44 2649 46 2668 44 119 31 119 31 120 33 2649 46 496 486 495 494 486 483 2681 2679 2671 2677 2672 2678 2671 2677 2681 2679 2670 2676 1 5 2673 2680 14 6 2673 2680 2674 2681 14 6 2676 2683 2674 2681 2673 2680 2674 2681 2676 2683 2675 2682 2675 2682 2684 2684 2694 2685 2684 2684 2675 2682 2676 2683 2674 2681 2675 2682 2678 2687 2675 2682 2677 2686 2678 2687 2694 2685 2677 2686 2675 2682 2677 2686 2694 2685 2693 2688 2670 2676 2676 2683 2673 2680 2670 2676 2673 2680 2671 2677 0 15 2673 2680 1 5 2673 2680 0 15 2671 2677 16 17 2672 2678 2 18 2672 2678 16 17 2679 2689 2681 2679 2679 2689 2680 2690 2679 2689 2681 2679 2672 2678 2683 2692 2680 2690 2682 2691 2680 2690 2679 2689 2682 2691 17 22 2679 2689 16 17 2679 2689 17 22 2682 2691 2684 2684 2670 2676 2669 2693 2670 2676 2684 2684 2676 2683 2669 2693 2686 2695 2684 2684 2686 2695 2669 2693 2685 2694 2686 2695 2685 2694 2687 2697 2685 2694 2696 2696 2687 2697 2686 2695 2689 2698 2688 2699 2689 2698 2686 2695 2687 2697 2690 2700 2688 2699 2689 2698 2688 2699 2690 2700 2692 2701 2693 2688 2688 2699 2692 2701 2688 2699 2693 2688 2694 2685 2695 2703 2690 2700 2691 2702 2690 2700 2695 2703 2692 2701 2932 2704 2692 2701 2695 2703 2692 2701 2932 2704 2693 2688 2684 2684 2688 2699 2694 2685 2688 2699 2684 2684 2686 2695 5232 2706 5231 2707 2697 2705 2697 2705 5231 2707 2698 2708 5231 2707 2911 2710 2698 2708 2911 2710 5231 2707 5230 2709 5233 2712 5232 2706 2699 2711 2699 2711 5232 2706 2697 2705 5234 2714 2699 2711 2700 2713 2699 2711 5234 2714 5233 2712 2701 2715 5215 2716 5234 2714 2701 2715 5234 2714 2700 2713 2703 2719 2704 2720 2710 2717 2710 2717 2702 2718 2703 2719 2705 2723 2709 2721 2706 2722 2709 2721 2705 2723 2708 2724 2709 2721 2704 2720 2706 2722 2704 2720 2709 2721 2710 2717 2711 2725 2712 2726 2706 2722 2711 2725 2706 2722 2704 2720 2723 2728 2712 2726 2713 2727 2711 2725 2713 2727 2712 2726 2713 2727 2711 2725 2714 2730 2711 2725 2717 2729 2714 2730 2715 2732 2723 2728 2716 2731 2723 2728 2715 2732 2712 2726 2704 2720 2717 2729 2711 2725 2717 2729 2704 2720 2703 2719 2669 2693 2703 2719 2685 2694 2703 2719 2669 2693 2717 2729 2685 2694 2702 2718 2696 2696 2702 2718 2685 2694 2703 2719 4438 2733 2669 2693 2681 2679 2669 2693 2670 2676 2681 2679 2714 2730 4439 2735 2718 2734 4439 2735 2714 2730 4438 2733 2718 2734 4439 2735 2719 2736 2719 2736 4439 2735 4440 2737 2719 2736 4441 2739 2731 2738 4441 2739 2719 2736 4440 2737 2719 2736 2721 2741 2720 2740 2719 2736 2720 2740 2718 2734 2720 2740 2723 2728 2713 2727 2723 2728 2720 2740 2722 2742 2716 2731 2722 2742 2724 2743 2722 2742 2716 2731 2723 2728 2718 2734 2713 2727 2714 2730 2713 2727 2718 2734 2720 2740 2722 2742 2721 2741 2725 2744 2721 2741 2722 2742 2720 2740 2727 2746 2725 2744 2726 2745 2725 2744 2721 2741 2726 2745 2729 2748 2725 2744 2727 2746 2725 2744 2729 2748 2728 2747 2726 2745 2732 2750 2730 2749 2732 2750 2726 2745 2731 2738 2721 2741 2731 2738 2726 2745 2731 2738 2721 2741 2719 2736 2730 2749 2727 2746 2726 2745 4441 2739 2683 2692 2734 2751 2683 2692 4441 2739 4440 2737 2734 2751 2682 2691 2733 2752 2682 2691 2734 2751 2683 2692 2733 2752 3263 2753 2734 2751 18 84 2682 2691 17 22 2682 2691 18 84 2733 2752 4441 2739 3263 2753 4442 2754 3263 2753 4441 2739 2734 2751 4440 2737 4439 2735 2683 2692 4439 2735 2680 2690 2683 2692 4438 2733 2680 2690 4439 2735 2680 2690 4438 2733 2681 2679 2717 2729 4438 2733 2714 2730 4438 2733 2717 2729 2669 2693 2739 2758 2736 2756 2737 2757 2736 2756 2739 2758 2735 2755 2738 2759 2742 2760 2737 2757 2737 2757 2736 2756 2738 2759 2737 2757 2740 2762 2743 2761 2743 2761 2739 2758 2737 2757 2740 2762 2742 2760 2741 2763 2740 2762 2737 2757 2742 2760 2741 2763 19 96 37 95 19 96 2741 2763 2742 2760 2740 2762 2745 2765 2744 2764 2744 2764 2743 2761 2740 2762 2743 2761 2746 2766 2750 2767 2746 2766 2743 2761 2744 2764 2744 2764 2748 2769 2746 2766 2748 2769 2744 2764 2747 2768 2741 2763 2749 2770 2745 2765 2745 2765 2740 2762 2741 2763 2743 2761 2750 2767 2739 2758 2750 2767 2752 2771 2739 2758 2752 2771 2735 2755 2739 2758 2735 2755 2752 2771 2753 2772 2753 2772 2755 2774 2735 2755 2755 2774 2753 2772 2754 2773 2755 2774 2754 2773 2757 2776 2754 2773 2756 2775 2757 2776 2757 2776 2756 2775 2759 2778 2756 2775 2758 2777 2759 2778 2761 2781 2760 2780 2758 2777 2760 2780 2761 2781 2762 2779 2905 2782 2758 2777 2756 2775 2758 2777 2905 2782 2761 2781 2760 2780 2762 2779 2764 2784 2762 2779 2763 2783 2764 2784 2767 2786 2766 2785 2764 2784 2766 2785 2760 2780 2764 2784 2768 2788 2764 2784 2765 2787 2764 2784 2768 2788 2767 2786 2758 2777 2766 2785 2759 2778 2766 2785 2758 2777 2760 2780 2771 2790 2759 2778 2769 2789 2769 2789 2759 2778 2766 2785 2767 2786 2770 2791 2769 2789 2769 2789 2766 2785 2767 2786 2772 2792 2759 2778 2771 2790 2759 2778 2772 2792 2757 2776 2773 2793 2757 2776 2772 2792 2757 2776 2773 2793 2755 2774 2774 2794 2754 2773 2753 2772 2754 2773 2774 2794 2775 2795 3228 2796 2774 2794 2753 2772 3228 2796 2753 2772 2752 2771 2775 2795 2756 2775 2754 2773 2756 2775 2775 2795 2905 2782 21 130 2738 2759 20 131 2738 2759 2776 2797 20 131 2778 2799 2776 2797 2777 2798 2776 2797 2778 2799 2779 2800 2780 2802 2777 2798 2781 2801 2777 2798 2780 2802 2778 2799 2781 2801 2736 2756 2735 2755 2736 2756 2781 2801 2777 2798 2781 2801 2755 2774 2773 2793 2755 2774 2781 2801 2735 2755 2777 2798 2738 2759 2736 2756 2738 2759 2777 2798 2776 2797 2781 2801 2782 2803 2780 2802 2782 2803 2781 2801 2773 2793 2778 2799 2780 2802 2783 2804 2778 2799 2783 2804 2784 2805 2782 2803 2783 2804 2780 2802 2783 2804 2782 2803 2785 2806 2785 2806 2782 2803 2772 2792 2782 2803 2773 2793 2772 2792 2787 2808 2785 2806 2786 2807 2785 2806 2787 2808 2783 2804 2785 2806 2771 2790 2786 2807 2771 2790 2785 2806 2772 2792 2783 2804 2788 2809 2784 2805 2788 2809 2783 2804 2787 2808 2784 2805 2789 2810 2790 2811 2789 2810 2784 2805 2788 2809 2790 2811 22 148 23 147 22 148 2790 2811 2789 2810 22 148 2789 2810 2791 2812 22 148 2791 2812 24 150 2792 2813 2789 2810 2788 2809 2789 2810 2792 2813 2791 2812 2778 2799 2790 2811 2779 2800 2790 2811 2778 2799 2784 2805 2792 2813 2788 2809 2787 2808 2792 2813 2787 2808 2793 2814 2796 2817 2794 2815 2795 2816 2794 2815 2796 2817 2793 2814 2793 2814 2787 2808 2786 2807 2793 2814 2786 2807 2794 2815 2797 2818 2793 2814 2796 2817 2793 2814 2797 2818 2792 2813 19 96 2742 2760 21 130 2742 2760 2738 2759 21 130 2779 2800 23 147 25 157 23 147 2779 2800 2790 2811 2800 2821 2801 2822 2798 2819 2798 2819 2799 2820 2800 2821 2799 2820 2803 2824 2800 2821 2803 2824 2799 2820 2802 2823 2804 2826 2805 2827 4436 2825 4437 2828 4436 2825 2805 2827 30 169 2803 2824 26 168 2803 2824 30 169 2800 2821 2805 2827 27 171 4437 2828 1868 170 4437 2828 27 171 27 171 2805 2827 28 172 2805 2827 2806 2829 28 172 4423 2833 4422 2830 2809 2832 4422 2830 2808 2831 2809 2832 2804 2826 2806 2829 2805 2827 2806 2829 2804 2826 2807 2834 2809 2832 29 180 4423 2833 1852 179 4423 2833 29 180 2811 2836 2798 2819 2801 2822 2798 2819 2811 2836 2810 2835 2812 2837 2813 2838 2810 2835 2810 2835 2813 2838 2798 2819 2812 2837 2814 2839 2815 2840 2814 2839 2812 2837 2810 2835 2814 2839 2810 2835 2811 2836 2814 2839 2811 2836 2816 2841 32 188 2801 2822 31 189 2801 2822 32 188 2811 2836 2818 2843 2804 2826 4435 2842 4436 2825 4435 2842 2804 2826 2818 2843 4434 2845 2819 2844 4434 2845 2818 2843 4435 2842 2819 2844 2822 2847 2818 2843 2822 2847 2819 2844 2821 2846 4420 2851 2824 2849 4421 2850 2824 2849 4420 2851 2823 2848 2826 2853 2823 2848 2825 2852 2823 2848 2826 2853 2824 2849 2828 2855 2829 2856 2827 2854 2827 2854 2825 2852 2828 2855 3008 2859 2827 2854 3005 2858 2827 2854 3008 2859 2830 2857 2829 2856 3005 2858 2827 2854 3005 2858 2829 2856 3006 2860 2830 2857 2825 2852 2827 2854 2825 2852 2830 2857 2826 2853 2828 2855 2831 2861 2829 2856 2828 2855 2832 2862 2833 2863 2833 2863 2831 2861 2828 2855 2832 2862 2828 2855 2825 2852 2825 2852 2823 2848 2832 2862 2834 2864 2824 2849 2826 2853 2824 2849 2834 2864 2808 2831 2808 2831 2835 2865 2809 2832 2835 2865 2808 2831 2834 2864 2835 2865 2830 2857 2836 2866 2830 2857 2835 2865 2834 2864 2830 2857 2834 2864 2826 2853 4421 2850 2808 2831 4422 2830 2808 2831 4421 2850 2824 2849 2818 2843 2807 2834 2804 2826 2818 2843 2822 2847 2807 2834 2832 2862 2823 2848 4419 2867 4420 2851 4419 2867 2823 2848 4418 2868 2832 2862 4419 2867 2832 2862 4418 2868 2833 2863 2837 2872 2840 2870 2838 2871 2840 2870 2837 2872 2839 2869 4417 2873 2956 2874 2833 2863 2833 2863 4418 2868 4417 2873 2955 2875 2954 2876 2838 2871 2838 2871 2840 2870 2955 2875 2821 2846 2839 2869 2837 2872 2839 2869 2821 2846 2819 2844 2839 2869 2819 2844 4433 2877 4433 2877 2819 2844 4434 2845 2843 2881 2817 2879 2844 2880 2817 2879 2843 2881 2820 2878 2845 2883 2820 2878 2843 2881 2820 2878 2845 2883 2841 2882 2863 2885 2841 2882 2845 2883 2841 2882 2863 2885 2842 2884 2847 2887 2843 2881 2846 2886 2843 2881 2847 2887 2845 2883 2846 2886 2844 2880 2848 2888 2844 2880 2846 2886 2843 2881 2799 2820 2844 2880 2802 2823 2802 2823 2844 2880 2817 2879 2799 2820 2798 2819 2848 2888 2848 2888 2844 2880 2799 2820 2849 2889 2798 2819 2813 2838 2798 2819 2849 2889 2848 2888 4409 2891 2765 2787 4408 2890 2765 2787 4409 2891 2768 2788 4406 2893 2849 2889 2850 2892 2849 2889 4406 2893 2853 2894 2853 2894 2848 2888 2849 2889 2848 2888 2853 2894 2846 2886 2846 2886 2853 2894 2854 2895 2854 2895 2847 2887 2846 2886 2854 2895 2763 2783 2762 2779 2763 2783 2854 2895 2853 2894 2847 2887 2854 2895 2855 2896 2855 2896 2856 2897 2847 2887 2761 2781 2855 2896 2854 2895 2761 2781 2854 2895 2762 2779 2852 2898 2764 2784 2763 2783 2764 2784 2852 2898 2765 2787 4408 2890 2765 2787 4407 2899 2765 2787 2852 2898 4407 2899 4409 2891 2858 2901 2857 2900 4409 2891 2857 2900 2768 2788 2857 2900 2858 2901 2859 2902 4409 2891 2861 2904 2858 2901 2861 2904 4409 2891 2860 2903 2860 2903 2815 2840 2861 2904 2815 2840 2860 2903 2812 2837 2851 2905 2812 2837 2860 2903 2812 2837 2851 2905 2813 2838 2858 2901 2861 2904 2859 2902 2815 2840 2859 2902 2861 2904 4408 2890 2860 2903 4409 2891 2860 2903 4408 2890 2851 2905 2857 2900 2795 2816 2770 2791 2795 2816 2857 2900 2859 2902 2857 2900 2770 2791 2767 2786 2767 2786 2768 2788 2857 2900 2862 2906 33 256 34 255 33 256 2862 2906 2816 2841 2791 2812 34 255 24 150 34 255 2791 2812 2862 2906 2856 2897 2845 2883 2847 2887 2845 2883 2856 2897 2863 2885 2864 2907 2877 2908 2842 2884 2842 2884 2863 2885 2864 2907 2864 2907 2875 2910 2877 2908 2875 2910 2864 2907 2865 2909 2871 2913 2866 2911 2868 2912 2866 2911 2871 2913 2865 2909 2868 2912 2866 2911 2867 2914 2885 2915 2867 2914 2866 2911 2870 2917 2867 2914 2869 2916 2867 2914 2870 2917 2868 2912 2875 2910 2871 2913 2872 2918 2871 2913 2875 2910 2865 2909 2878 2920 2872 2918 2871 2913 2872 2918 2878 2920 2873 2919 4430 2922 2876 2924 2874 2921 2876 2924 4430 2922 4429 2923 2870 2917 2881 2926 2878 2920 2881 2926 2870 2917 2880 2925 2880 2925 2869 2916 2879 2927 2869 2916 2880 2925 2870 2917 2878 2920 2868 2912 2870 2917 2868 2912 2878 2920 2871 2913 2878 2920 2995 2928 2873 2919 2995 2928 2878 2920 2881 2926 2893 2930 2869 2916 2867 2914 2893 2930 2867 2914 2891 2929 2867 2914 2885 2915 2891 2929 2882 2931 2891 2929 2885 2915 2882 2931 2884 2932 2883 2933 2884 2932 2882 2931 2885 2915 3234 2936 2887 2934 3231 2935 2887 2934 3234 2936 2883 2933 2883 2933 2884 2932 2886 2937 2883 2933 2886 2937 2887 2934 2883 2933 3234 2936 2888 2938 2888 2938 2882 2931 2883 2933 2889 2940 2888 2938 2890 2939 2888 2938 2889 2940 2882 2931 2891 2929 2882 2931 2892 2941 2892 2941 2882 2931 2889 2940 2894 2942 2879 2927 2893 2930 2879 2927 2869 2916 2893 2930 2879 2927 2895 2944 2896 2943 2895 2944 2879 2927 2894 2942 2894 2942 2897 2946 2895 2944 2897 2946 2894 2942 2898 2945 2866 2911 2864 2907 2900 2947 2864 2907 2866 2911 2865 2909 2900 2947 2886 2937 2884 2932 2886 2937 2900 2947 2901 2948 2900 2947 2864 2907 2901 2948 2864 2907 2863 2885 2901 2948 2901 2948 2903 2950 2886 2937 2903 2950 2901 2948 2902 2949 2903 2950 2902 2949 2904 2951 2903 2950 2904 2951 2774 2794 2856 2897 2904 2951 2902 2949 2904 2951 2856 2897 2855 2896 2774 2794 2905 2782 2775 2795 2905 2782 2774 2794 2904 2951 2904 2951 2761 2781 2905 2782 2761 2781 2904 2951 2855 2896 2886 2937 3229 2952 2887 2934 3229 2952 2886 2937 2903 2950 2903 2950 3228 2796 3229 2952 3228 2796 2903 2950 2774 2794 2863 2885 2902 2949 2901 2948 2902 2949 2863 2885 2856 2897 2885 2915 2900 2947 2884 2932 2900 2947 2885 2915 2866 2911 2908 2956 5228 2954 5227 2955 5228 2954 2908 2956 2909 2953 2909 2953 5229 2958 5228 2954 5229 2958 2909 2953 2910 2957 2910 2957 5230 2709 5229 2958 5230 2709 2910 2957 2911 2710 2912 2960 2915 2962 2913 2959 2915 2962 2912 2960 2914 2961 2920 2963 2915 2962 2914 2961 2915 2962 2920 2963 3111 2964 2915 2962 2917 2965 2913 2959 2917 2965 2916 2966 2913 2959 2707 2967 2914 2961 2912 2960 2914 2961 2707 2967 2918 2968 2918 2968 2708 2724 2705 2723 2708 2724 2918 2968 2707 2967 2914 2961 2918 2968 2919 2969 2914 2961 2919 2969 2920 2963 2921 2973 2922 2970 5222 2972 2922 2970 5223 2971 5222 2972 5222 2972 5221 2974 2921 2973 2923 2975 2921 2973 5221 2974 5221 2974 5220 2976 2923 2975 2941 2977 2923 2975 5220 2976 5223 2971 2924 2978 5224 2979 5223 2971 2922 2970 2924 2978 5225 2981 5224 2979 2907 2980 2907 2980 5224 2979 2924 2978 2926 2985 2925 2982 2929 2984 2925 2982 2928 2983 2929 2984 2928 2983 2916 2966 2917 2965 2916 2966 2928 2983 2925 2982 5227 2955 2906 2987 2908 2956 2906 2987 5227 2955 5226 2986 5226 2986 5225 2981 2906 2987 2906 2987 5225 2981 2907 2980 2931 2989 2749 2770 2930 2988 2749 2770 2931 2989 2745 2765 2932 2704 2747 2768 2744 2764 2747 2768 2932 2704 2695 2703 2931 2989 2677 2686 2693 2688 2693 2688 2932 2704 2931 2989 2745 2765 2931 2989 2932 2704 2932 2704 2744 2764 2745 2765 2930 2988 2678 2687 2677 2686 2677 2686 2931 2989 2930 2988 35 341 15 340 2678 2687 2678 2687 2930 2988 35 341 37 95 36 342 2749 2770 2749 2770 2741 2763 37 95 2836 2866 4 343 3 345 4 343 2836 2866 2933 2990 38 346 2836 2866 3 345 2836 2866 38 346 2835 2865 2809 2832 38 346 29 180 38 346 2809 2832 2835 2865 5216 2993 2934 2991 5217 2992 2934 2991 5216 2993 2935 2994 2934 2991 5218 2996 5217 2992 5218 2996 2934 2991 2938 2995 5219 2998 2938 2995 2939 2997 2938 2995 5219 2998 5218 2996 5220 2976 5219 2998 2941 2977 2939 2997 2941 2977 5219 2998 2942 3000 2948 3002 2943 2999 2948 3002 2942 3000 2949 3001 2943 2999 2946 3004 2945 3003 2946 3004 2943 2999 2948 3002 4414 3005 4413 3006 2945 3003 2945 3003 2946 3004 4414 3005 2948 3002 2949 3001 2950 3007 2948 3002 2951 3008 2946 3004 2951 3008 2948 3002 2950 3007 2951 3008 4416 3011 4415 3009 4416 3011 2951 3008 2957 3010 2874 2921 2876 2924 2953 3012 2876 2924 2952 3013 2953 3012 2955 2875 2953 3012 2954 2876 2953 3012 2955 2875 2874 2921 4416 3011 2956 2874 4417 2873 2956 2874 4416 3011 2957 3010 2946 3004 4415 3009 4414 3005 4415 3009 2946 3004 2951 3008 2947 3015 2952 3013 2958 3014 2876 2924 2958 3014 2952 3013 2951 3008 2950 3007 2957 3010 2959 3016 2957 3010 2950 3007 2959 3016 2949 3001 2960 3017 2949 3001 2959 3016 2950 3007 2961 3018 2956 2874 2957 3010 2957 3010 2959 3016 2961 3018 2959 3016 2962 3019 2961 3018 2962 3019 2959 3016 2960 3017 2949 3001 2972 3021 2960 3017 2972 3021 2949 3001 2963 3020 2963 3020 2964 3022 2966 3023 2963 3020 2966 3023 2972 3021 2965 3024 2966 3023 2964 3022 2967 3025 2969 3027 2965 3024 2969 3027 2967 3025 2968 3026 2970 3028 2965 3024 2964 3022 2965 3024 2970 3028 2967 3025 2966 3023 2965 3024 2969 3027 2966 3023 2969 3027 2971 3029 2964 3022 2973 3030 2970 3028 2973 3030 2964 3022 2963 3020 2975 3032 2970 3028 2974 3031 2974 3031 2970 3028 2973 3030 2944 3033 2973 3030 2942 3000 2973 3030 2944 3033 2974 3031 2963 3020 2942 3000 2973 3030 2942 3000 2963 3020 2949 3001 2960 3017 2976 3034 2962 3019 2976 3034 2960 3017 2972 3021 3006 2860 2829 2856 2962 3019 2962 3019 2976 3034 3006 2860 2979 3036 2945 3003 2978 3035 2945 3003 2979 3036 2943 2999 4412 3038 2980 3037 2978 3035 4412 3038 4411 3039 2980 3037 4411 3039 2984 3041 2980 3037 2984 3041 4411 3039 4410 3040 2982 3043 2986 3045 2983 3042 2986 3045 2982 3043 2985 3044 2985 3044 2987 3046 4425 3048 2987 3046 4426 3047 4425 3048 2981 3049 2985 3044 2982 3043 2985 3044 2981 3049 2987 3046 2985 3044 4424 3050 2986 3045 4424 3050 2985 3044 4425 3048 2980 3037 2991 3051 2978 3035 2991 3051 2979 3036 2978 3035 2991 3051 2992 3052 2979 3036 2992 3052 2944 3033 2979 3036 2996 3053 2944 3033 2992 3052 2944 3033 2996 3053 2974 3031 43 412 2992 3052 2993 3054 2992 3052 43 412 42 411 2992 3052 2991 3051 2993 3054 2979 3036 2944 3033 2943 2999 2944 3033 2942 3000 2943 2999 2984 3041 2993 3054 2980 3037 2993 3054 2991 3051 2980 3037 4413 3006 2978 3035 2945 3003 2978 3035 4413 3006 4412 3038 2994 3056 4428 3057 4427 3055 4428 3057 2994 3056 2958 3014 2977 3058 2947 3015 2994 3056 2994 3056 2947 3015 2958 3014 2987 3046 2981 3049 2977 3058 2987 3046 2977 3058 2994 3056 44 419 2997 3059 2996 3053 2997 3059 44 419 45 418 2996 3053 2997 3059 2975 3032 2996 3053 2975 3032 2974 3031 46 421 2998 3060 2997 3059 46 421 2997 3059 45 418 5 423 3000 3062 47 424 3000 3062 5 423 2999 3061 2975 3032 2998 3060 3001 3063 2998 3060 2975 3032 2997 3059 3002 3064 2968 3026 3001 3063 3001 3063 2968 3026 2967 3025 2998 3060 3000 3062 3001 3063 3000 3062 3002 3064 3001 3063 3004 3066 2968 3026 3002 3064 2968 3026 3004 3066 3003 3065 3007 3067 3005 2858 3006 2860 3005 2858 3007 3067 3003 3065 3008 2859 2836 2866 2830 2857 2836 2866 3008 2859 2933 2990 2999 3061 2933 2990 3008 2859 3008 2859 3004 3066 2999 3061 3003 3065 3008 2859 3005 2858 3008 2859 3003 3065 3004 3066 2976 3034 3007 3067 3006 2860 3007 3067 2976 3034 2971 3029 2968 3026 3003 3065 2969 3027 3003 3065 3007 3067 2969 3027 3004 3066 3002 3064 2999 3061 2999 3061 3002 3064 3000 3062 2967 3025 2970 3028 2975 3032 2975 3032 3001 3063 2967 3025 6 432 3248 3069 54 433 3248 3069 6 432 2990 3068 3061 3073 3009 3070 3052 3072 3009 3070 3010 3071 3052 3072 3052 3072 3011 3074 3053 3075 3011 3074 3052 3072 3010 3071 3013 3078 3011 3074 3014 3077 3011 3074 3013 3078 3012 3076 3027 3080 3013 3078 3015 3079 3013 3078 3027 3080 3012 3076 3018 3082 3027 3080 3015 3079 3015 3079 3016 3081 3018 3082 3016 3081 3019 3084 3017 3083 3017 3083 3018 3082 3016 3081 3019 3084 3020 3085 3017 3083 3020 3085 3021 3086 3022 3087 3021 3086 3020 3085 3019 3084 3019 3084 3023 3088 3021 3086 3023 3088 3019 3084 3016 3081 3017 3083 3020 3085 3024 3089 3025 3090 3024 3089 3020 3085 3018 3082 3017 3083 3026 3091 3024 3089 3026 3091 3017 3083 3012 3076 3055 3092 3011 3074 3053 3075 3011 3074 3055 3092 3106 3093 3055 3092 3012 3076 3012 3076 3027 3080 3106 3093 3026 3091 3106 3093 3027 3080 3026 3091 3027 3080 3018 3082 3016 3081 3028 3094 3023 3088 3028 3094 3016 3081 3015 3079 3023 3088 3029 3095 3030 3096 3029 3095 3023 3088 3028 3094 3030 3096 3029 3095 3031 3097 3031 3097 3032 3098 3030 3096 3050 3100 3033 3099 3031 3097 3050 3100 3168 3101 3033 3099 3029 3095 3050 3100 3031 3097 3050 3100 3029 3095 3038 3102 3031 3097 3033 3099 3032 3098 3032 3098 3033 3099 3034 3103 3021 3086 3023 3088 3030 3096 3030 3096 3035 3104 3021 3086 3028 3094 3038 3102 3029 3095 3038 3102 3028 3094 3037 3105 3028 3094 3015 3079 3037 3105 3015 3079 3013 3078 3037 3105 3037 3105 3013 3078 3014 3077 3039 3107 3041 3108 3040 3106 3040 3106 3041 3108 3042 3109 3044 3111 3040 3106 3042 3109 3044 3111 3042 3109 3043 3110 3044 3111 3043 3110 3045 3112 3042 3109 3046 3113 3043 3110 3043 3110 3046 3113 3047 3114 3042 3109 2729 2748 3046 3113 2729 2748 3042 3109 3041 3108 3048 3115 3014 3077 3039 3107 3039 3107 3040 3106 3048 3115 3014 3077 3048 3115 3037 3105 3038 3102 3037 3105 3048 3115 3050 3100 3038 3102 3048 3115 3048 3115 3049 3116 3050 3100 3040 3106 3049 3116 3048 3115 3049 3116 3040 3106 3044 3111 3051 3117 3039 3107 3010 3071 3039 3107 3051 3117 3041 3108 3041 3108 3051 3117 2728 2747 3041 3108 2728 2747 2729 2748 3014 3077 3011 3074 3010 3071 3014 3077 3010 3071 3039 3107 3054 3118 3057 3119 3059 3120 3052 3072 3054 3118 3059 3120 3054 3118 3052 3072 3053 3075 3059 3120 3061 3073 3052 3072 3061 3073 3059 3120 3060 3121 3062 3122 3063 3123 3060 3121 3061 3073 3060 3121 3063 3123 3065 3124 3062 3122 3060 3121 3062 3122 3065 3124 3247 3125 3061 3073 3114 3126 3009 3070 3114 3126 3061 3073 3063 3123 3064 3127 3060 3121 3059 3120 3060 3121 3064 3127 3065 3124 3067 3131 3068 3129 3069 3130 3068 3129 3067 3131 3066 3128 3068 3129 3070 3132 3072 3134 3070 3132 3071 3133 3072 3134 3074 3137 3058 3135 3073 3136 3058 3135 3074 3137 3070 3132 3058 3135 3070 3132 3066 3128 3066 3128 3070 3132 3068 3129 3058 3135 3075 3138 3073 3136 3073 3136 3075 3138 3076 3139 3058 3135 3066 3128 3057 3119 3070 3132 3074 3137 3071 3133 3074 3137 3077 3140 3071 3133 3074 3137 3078 3141 3077 3140 3073 3136 3079 3142 3078 3141 3078 3141 3074 3137 3073 3136 3069 3130 3068 3129 3080 3143 3080 3143 3068 3129 3072 3134 3082 3145 3080 3143 3081 3144 3080 3143 3082 3145 3083 3146 3081 3144 3072 3134 3084 3147 3072 3134 3081 3144 3080 3143 3083 3146 3085 3148 3069 3130 3083 3146 3069 3130 3080 3143 3084 3147 3072 3134 3071 3133 3084 3147 3071 3133 3086 3149 3175 3151 3086 3149 3174 3150 3086 3149 3175 3151 3084 3147 3087 3153 3174 3150 3086 3149 3174 3150 3087 3153 3173 3152 3086 3149 3071 3133 3077 3140 3077 3140 3087 3153 3086 3149 3090 3155 3092 3157 3091 3154 3092 3157 3090 3155 3089 3156 3089 3156 3094 3159 3092 3157 3094 3159 3089 3156 3093 3158 3089 3156 3088 3160 3095 3161 3088 3160 3089 3156 3090 3155 3095 3161 3085 3148 3096 3162 3085 3148 3095 3161 3088 3160 3088 3160 3069 3130 3085 3148 3069 3130 3088 3160 3067 3131 3067 3131 3088 3160 3090 3155 3067 3131 3090 3155 3064 3127 3075 3138 3054 3118 3097 3163 3053 3075 3097 3163 3054 3118 3097 3163 3053 3075 3056 3164 3098 3165 3097 3163 3056 3164 3097 3163 3098 3165 3099 3166 3055 3092 3100 3167 3056 3164 3100 3167 3098 3165 3056 3164 3101 3168 3098 3165 3100 3167 3098 3165 3101 3168 3099 3166 3075 3138 3097 3163 3076 3139 3076 3139 3097 3163 3099 3166 3099 3166 3079 3142 3076 3139 3079 3142 3099 3166 3101 3168 3102 3169 3101 3168 3100 3167 3102 3169 3078 3141 3079 3142 3102 3169 3079 3142 3101 3168 3078 3141 3102 3169 3103 3170 3104 3171 3103 3170 3102 3169 3104 3171 3100 3167 3105 3172 3104 3171 3102 3169 3100 3167 3105 3172 3055 3092 3106 3093 3105 3172 3100 3167 3055 3092 3009 3070 3107 3173 3010 3071 3010 3071 3107 3173 3051 3117 2716 2731 3107 3173 3109 3174 3107 3173 2716 2731 2724 2743 3109 3174 2920 2963 2919 2969 2920 2963 3109 3174 3108 3175 3109 3174 2919 2969 2716 2731 2919 2969 2715 2732 2716 2731 3111 2964 2920 2963 3108 3175 3108 3175 3110 3176 3111 2964 3110 3176 3112 3177 3111 2964 3112 3177 3110 3176 2890 2939 2888 2938 3113 3178 2890 2939 2890 2939 3113 3178 3112 3177 3110 3176 3114 3126 2890 2939 3114 3126 2889 2940 2890 2939 3108 3175 3009 3070 3110 3176 3009 3070 3114 3126 3110 3176 3107 3173 3108 3175 3109 3174 3108 3175 3107 3173 3009 3070 3116 3180 3118 3182 3115 3179 3118 3182 3116 3180 3117 3181 3122 3185 3120 3183 3121 3184 3120 3183 3122 3185 3123 3186 49 552 3122 3185 3121 3184 49 552 3121 3184 48 553 3126 3188 3122 3185 3125 3187 3122 3185 3126 3188 3123 3186 3124 3189 3123 3186 2897 2946 3126 3188 2897 2946 3123 3186 2897 2946 3126 3188 2895 2944 3127 3190 2895 2944 3126 3188 3130 3193 3128 3191 3129 3192 3128 3191 3130 3193 3127 3190 3128 3191 3127 3190 3125 3187 3127 3190 3126 3188 3125 3187 2896 2943 3127 3190 3130 3193 3127 3190 2896 2943 2895 2944 3131 3194 3123 3186 3124 3189 3123 3186 3131 3194 3120 3183 3135 3196 3132 3198 3134 3195 3132 3198 3135 3196 3198 3197 3134 3195 3131 3194 2899 3199 2899 3199 3131 3194 3124 3189 3140 3201 3142 3203 3141 3200 3142 3203 3140 3201 3138 3202 3142 3203 3144 3205 3141 3200 3144 3205 3142 3203 3143 3204 3143 3204 3142 3203 3145 3206 3145 3206 3146 3207 3143 3204 3145 3206 3142 3203 4403 3208 3145 3206 3105 3172 3146 3207 3105 3172 3145 3206 3104 3171 3146 3207 3024 3089 3143 3204 3024 3089 3146 3207 3026 3091 3144 3205 3143 3204 3025 3090 3025 3090 3143 3204 3024 3089 3025 3090 3147 3209 3144 3205 3147 3209 3141 3200 3144 3205 3022 3087 3149 3210 3147 3209 3148 3211 3147 3209 3149 3210 3020 3085 3022 3087 3025 3090 3147 3209 3025 3090 3022 3087 3140 3201 3141 3200 3147 3209 3105 3172 3026 3091 3146 3207 3026 3091 3105 3172 3106 3093 4402 3212 3103 3170 3104 3171 4398 3213 4404 3215 3148 3211 4404 3215 4398 3213 3150 3214 3150 3214 4398 3213 3151 3216 3151 3216 3152 3217 3150 3214 3032 3098 3034 3103 3036 3218 3036 3218 3034 3103 3151 3216 4398 3213 3036 3218 3151 3216 3036 3218 4398 3213 4399 3219 3033 3099 3168 3101 3153 3220 3165 3221 3153 3220 3168 3101 3162 3223 3154 3222 3165 3221 3154 3222 3153 3220 3165 3221 3033 3099 3155 3224 3034 3103 3155 3224 3033 3099 3153 3220 3153 3220 3154 3222 3156 3225 3156 3225 3155 3224 3153 3220 3034 3103 3152 3217 3151 3216 3152 3217 3034 3103 3155 3224 3157 3226 3155 3224 3156 3225 3155 3224 3157 3226 3152 3217 3162 3223 3163 3228 3158 3227 3158 3227 3154 3222 3162 3223 3159 3229 3154 3222 3158 3227 3154 3222 3159 3229 3156 3225 3161 3231 3158 3227 3160 3230 3161 3231 3159 3229 3158 3227 3163 3228 3180 3232 3160 3230 3160 3230 3158 3227 3163 3228 3166 3234 3162 3223 3165 3221 3162 3223 3166 3234 3164 3233 3163 3228 3164 3233 3167 3235 3163 3228 3162 3223 3164 3233 3165 3221 3169 3236 3166 3234 3169 3236 3165 3221 3168 3101 3168 3101 3049 3116 3169 3236 3049 3116 3168 3101 3050 3100 4405 3237 4404 3215 3150 3214 4405 3237 3150 3214 3170 3238 3139 3241 3172 3239 3137 3240 3137 3240 3138 3202 3139 3241 3172 3239 3174 3150 3173 3152 3173 3152 3137 3240 3172 3239 3178 3243 3176 3244 3175 3151 3175 3151 3177 3242 3178 3243 3177 3242 3175 3151 3174 3150 3174 3150 3172 3239 3177 3242 3171 3245 3177 3242 3172 3239 3172 3239 3139 3241 3171 3245 3179 3246 3177 3242 3171 3245 3179 3246 3178 3243 3177 3242 3157 3226 3171 3245 3170 3238 3171 3245 3157 3226 3179 3246 3170 3238 3150 3214 3152 3217 3152 3217 3157 3226 3170 3238 3159 3229 3178 3243 3179 3246 3178 3243 3159 3229 3161 3231 3179 3246 3157 3226 3156 3225 3156 3225 3159 3229 3179 3246 3103 3170 4402 3212 3173 3152 3173 3152 3087 3153 3103 3170 3183 3249 3184 3247 3182 3248 3183 3249 3187 3250 3184 3247 3185 3251 3187 3250 3183 3249 3187 3250 3185 3251 3186 3252 3184 3247 3187 3250 3188 3253 5241 3256 3188 3253 4446 3255 3188 3253 5241 3256 3189 3254 4446 3255 3190 3257 4445 3258 3190 3257 4446 3255 3188 3253 3186 3252 3188 3253 3187 3250 3188 3253 3186 3252 3190 3257 3184 3247 3189 3254 3191 3259 3189 3254 3184 3247 3188 3253 3191 3259 3192 3261 3193 3260 3192 3261 3191 3259 3189 3254 3186 3252 3194 3262 3045 3112 3045 3112 3194 3262 3044 3111 3185 3251 3194 3262 3186 3252 3185 3251 3166 3234 3169 3236 3185 3251 3169 3236 3194 3262 3181 3263 4401 3264 3195 3265 3197 3269 3200 3266 4195 3268 3200 3266 4196 3267 4195 3268 3197 3269 4194 3270 3198 3197 4194 3270 3197 3269 4195 3268 3201 3271 3198 3197 3135 3196 3198 3197 3201 3271 3197 3269 3195 3265 4196 3267 3200 3266 4196 3267 3195 3265 4197 3272 3093 3158 3200 3266 3094 3159 3200 3266 3093 3158 3195 3265 3181 3263 3195 3265 4400 3273 3184 3247 4197 3272 3182 3248 3195 3265 3182 3248 4197 3272 3164 3233 3182 3248 3167 3235 3182 3248 3164 3233 3183 3249 3180 3232 3300 3275 3205 3274 3205 3274 3160 3230 3180 3232 3300 3275 3203 3277 3206 3276 3206 3276 3205 3274 3300 3275 3204 3279 3206 3276 3203 3277 3206 3276 3204 3279 3207 3278 3205 3274 3206 3276 3082 3145 3082 3145 3208 3280 3205 3274 3176 3244 3082 3145 3081 3144 3082 3145 3176 3244 3208 3280 3083 3146 3206 3276 3207 3278 3206 3276 3083 3146 3082 3145 3083 3146 3096 3162 3085 3148 3096 3162 3083 3146 3207 3278 3204 3279 3096 3162 3207 3278 3160 3230 3205 3274 3208 3280 3208 3280 3161 3231 3160 3230 3214 3281 3213 3282 3192 3261 3210 3283 3213 3282 3214 3281 3213 3282 3210 3283 3215 3284 3196 3286 3215 3284 3199 3285 3215 3284 3196 3286 3213 3282 3199 3285 3216 3288 3222 3287 3216 3288 3199 3285 3215 3284 3209 3289 3215 3284 3210 3283 3215 3284 3209 3289 3216 3288 3216 3288 3211 3290 3217 3291 3211 3290 3216 3288 3209 3289 3220 3293 3218 3294 3219 3292 3218 3294 3220 3293 3217 3291 3211 3290 3212 3295 3218 3294 3211 3290 3218 3294 3217 3291 3132 3198 4192 3296 3133 3297 3132 3198 4193 3298 4192 3296 3133 3297 4191 3299 3119 3300 4191 3299 3133 3297 4192 3296 3222 3287 3217 3291 3220 3293 3217 3291 3222 3287 3216 3288 3214 3281 51 671 7 670 51 671 3214 3281 3223 3301 9 672 3225 3303 8 673 3225 3303 9 672 3226 3302 8 673 3224 3304 52 675 3224 3304 8 673 3225 3303 3223 3301 3189 3254 5241 3256 3223 3301 3214 3281 3192 3261 3192 3261 3189 3254 3223 3301 3362 3307 3118 3182 3676 3306 3118 3182 3227 3305 3676 3306 2712 2726 2715 2732 2705 2723 2705 2723 2706 2722 2712 2726 2887 2934 3229 2952 3231 2935 3231 2935 3229 2952 3230 3308 3233 3310 3231 2935 3232 3309 3231 2935 3233 3310 3234 2936 3232 3309 3230 3308 3237 3311 3230 3308 3232 3309 3231 2935 3230 3308 2751 3312 3237 3311 3235 3313 3237 3311 2751 3312 3229 2952 3228 2796 3230 3308 3230 3308 3228 2796 2751 3312 2751 3312 2752 2771 2750 2767 2751 3312 3228 2796 2752 2771 2797 2818 2816 2841 2862 2906 2816 2841 2797 2818 2814 2839 2796 2817 2815 2840 2814 2839 2796 2817 2814 2839 2797 2818 2796 2817 2795 2816 2859 2902 2859 2902 2815 2840 2796 2817 2792 2813 2862 2906 2791 2812 2862 2906 2792 2813 2797 2818 2770 2791 2794 2815 2769 2789 2794 2815 2770 2791 2795 2816 2794 2815 2771 2790 2769 2789 2771 2790 2794 2815 2786 2807 3235 3313 2750 2767 2746 2766 2750 2767 3235 3313 2751 3312 3239 3315 3237 3311 3238 3314 3237 3311 3239 3315 3232 3309 3238 3314 3235 3313 3236 3316 3235 3313 3238 3314 3237 3311 3238 3314 3236 3316 3240 3317 2940 3318 3240 3317 3236 3316 3239 3315 3238 3314 2927 3319 3240 3317 2927 3319 3238 3314 2929 2984 3232 3309 3239 3315 3232 3309 2929 2984 3233 3310 2929 2984 3239 3315 2926 2985 2927 3319 2926 2985 3239 3315 3235 3313 2746 2766 3236 3316 3236 3316 2746 2766 2748 2769 2748 2769 2937 3320 2936 3321 2937 3320 2748 2769 2747 2768 3236 3316 2936 3321 2940 3318 2936 3321 3236 3316 2748 2769 2747 2768 2695 2703 2937 3320 2695 2703 2691 2702 2937 3320 2829 2856 2961 3018 2962 3019 2961 3018 2829 2856 2831 2861 2831 2861 2956 2874 2961 3018 2956 2874 2831 2861 2833 2863 5 423 4 343 2933 2990 2933 2990 2999 3061 5 423 3007 3067 2971 3029 2969 3027 2701 2715 2935 2994 5215 2716 5215 2716 2935 2994 5216 2993 2972 3021 2966 3023 2971 3029 2972 3021 2971 3029 2976 3034 43 412 2984 3041 39 694 2984 3041 43 412 2993 3054 3063 3123 2889 2940 3114 3126 2889 2940 3063 3123 2892 2941 3062 3122 2892 2941 3063 3123 2892 2941 3062 3122 3241 3322 3247 3125 3241 3322 3062 3122 3241 3322 3247 3125 3242 3323 3242 3323 2893 2930 3241 3322 2893 2930 3242 3323 2894 2942 2898 2945 3242 3323 3243 3324 3242 3323 2898 2945 2894 2942 3245 3326 3246 3327 3244 3325 3245 3326 3244 3325 3243 3324 3243 3324 2899 3199 2898 2945 2899 3199 3243 3324 3244 3325 3244 3325 3134 3195 2899 3199 3134 3195 3244 3325 3135 3196 3246 3327 3135 3196 3244 3325 3135 3196 3246 3327 3201 3271 3246 3327 3092 3157 3201 3271 3092 3157 3094 3159 3201 3271 3091 3154 3246 3327 3245 3326 3246 3327 3091 3154 3092 3157 3247 3125 3243 3324 3242 3323 3243 3324 3247 3125 3245 3326 3091 3154 3247 3125 3065 3124 3247 3125 3091 3154 3245 3326 2893 2930 2891 2929 3241 3322 3241 3322 2891 2929 2892 2941 3113 3178 3234 2936 3233 3310 3234 2936 3113 3178 2888 2938 2898 2945 3124 3189 2897 2946 3124 3189 2898 2945 2899 3199 53 701 3129 3192 10 702 3129 3192 3128 3191 10 702 3248 3069 11 703 54 433 11 703 3248 3069 3249 3328 3249 3328 53 701 11 703 53 701 3249 3328 3129 3192 3250 3329 3129 3192 3249 3328 3129 3192 3250 3329 3130 3193 3252 3331 3253 3332 3250 3329 3252 3331 3250 3329 3251 3330 3251 3330 2989 3333 3252 3331 2988 3334 3252 3331 2989 3333 3248 3069 2989 3333 3251 3330 2989 3333 3248 3069 2990 3068 3251 3330 3250 3329 3249 3328 3249 3328 3248 3069 3251 3330 3253 3332 3130 3193 3250 3329 3130 3193 3253 3332 2896 2943 3128 3191 50 711 10 702 50 711 3128 3191 3125 3187 2881 2926 2988 3334 2995 2928 2988 3334 2881 2926 3252 3331 2880 2925 2896 2943 3253 3332 2896 2943 2880 2925 2879 2927 2880 2925 3252 3331 2881 2926 3252 3331 2880 2925 3253 3332 3064 3127 3090 3155 3065 3124 3090 3155 3091 3154 3065 3124 3095 3161 3093 3158 3089 3156 3093 3158 3095 3161 3202 3335 3096 3162 3202 3335 3095 3161 3202 3335 3096 3162 3204 3279 3078 3141 3087 3153 3077 3140 3087 3153 3078 3141 3103 3170 3076 3139 3079 3142 3073 3136 3260 3338 3255 3339 3256 3336 3260 3338 3256 3336 3259 3337 3047 3114 3257 3340 3256 3336 3256 3336 3045 3112 3043 3110 3256 3336 3043 3110 3047 3114 3256 3336 3257 3340 3259 3337 3257 3340 3258 3341 3259 3337 3257 3340 2730 2749 3258 3341 2730 2749 2732 2750 3258 3341 4443 3343 4444 3344 3254 3342 4443 3343 3254 3342 3255 3339 3255 3339 3254 3342 3045 3112 3045 3112 3256 3336 3255 3339 3255 3339 3260 3338 4443 3343 3262 3346 3261 3345 3260 3338 3260 3338 3261 3345 4443 3343 3261 3345 3262 3346 56 725 56 725 57 724 3261 3345 3261 3345 4444 3344 4443 3343 4444 3344 3261 3345 3224 3304 3190 3257 3045 3112 3254 3342 3045 3112 3190 3257 3186 3252 4445 3258 3254 3342 4444 3344 3254 3342 4445 3258 3190 3257 3225 3303 4445 3258 4444 3344 3225 3303 4444 3344 3224 3304 3169 3236 3044 3111 3194 3262 3044 3111 3169 3236 3049 3116 3176 3244 3084 3147 3175 3151 3084 3147 3176 3244 3081 3144 3021 3086 3035 3104 3022 3087 3149 3210 3022 3087 3035 3104 3115 3179 3118 3182 3362 3307 3115 3179 3362 3307 3361 3347 55 727 3262 3346 3263 2753 3262 3346 55 727 56 725 3263 2753 3262 3346 4442 2754 4442 2754 3262 3346 3260 3338 57 724 3224 3304 3261 3345 3224 3304 57 724 52 675 3166 3234 3183 3249 3164 3233 3183 3249 3166 3234 3185 3251 3094 3159 3197 3269 3201 3271 3197 3269 3094 3159 3200 3266 3118 3182 3264 3348 3227 3305 3264 3348 3118 3182 3117 3181 3221 3349 3117 3181 3212 3295 3117 3181 3221 3349 3264 3348 4194 3270 4193 3298 3198 3197 3132 3198 3198 3197 4193 3298 3193 3260 3213 3282 3196 3286 3213 3282 3193 3260 3192 3261 4445 3258 3226 3302 4446 3255 3226 3302 4445 3258 3225 3303 2728 2747 2724 2743 2725 2744 2724 2743 2722 2742 2725 2744 2929 2984 2928 2983 3233 3310 2928 2983 3113 3178 3233 3310 2928 2983 3112 3177 3113 3178 3112 3177 2928 2983 2917 2965 3111 2964 2917 2965 2915 2962 2917 2965 3111 2964 3112 3177 2839 2869 4432 3350 2840 2870 4432 3350 2839 2869 4433 2877 2955 2875 2840 2870 4431 3351 2840 2870 4432 3350 4431 3351 4431 3351 2874 2921 2955 2875 2874 2921 4431 3351 4430 2922 2918 2968 2715 2732 2919 2969 2715 2732 2918 2968 2705 2723 2987 3046 4427 3055 4426 3047 4427 3055 2987 3046 2994 3056 2958 3014 4429 2923 4428 3057 4429 2923 2958 3014 2876 2924 3107 3173 2724 2743 3051 3117 3051 3117 2724 2743 2728 2747 3046 3113 3257 3340 3047 3114 3257 3340 3046 3113 2730 2749 2730 2749 3046 3113 2727 2746 3046 3113 2729 2748 2727 2746 3258 3341 2732 2750 4442 2754 2732 2750 2731 2738 4441 2739 2732 2750 4441 2739 4442 2754 3161 3231 3176 3244 3178 3243 3176 3244 3161 3231 3208 3280 3258 3341 3260 3338 3259 3337 3260 3338 3258 3341 4442 2754 3132 3198 3131 3194 3134 3195 3132 3198 3133 3297 3131 3194 3131 3194 3133 3297 3120 3183 3133 3297 3136 3352 3120 3183 48 553 3265 3353 12 733 3265 3353 48 553 3121 3184 3265 3353 3121 3184 3136 3352 3121 3184 3120 3183 3136 3352 3133 3297 3119 3300 3136 3352 3266 3354 3136 3352 3119 3300 3265 3353 3267 3355 12 733 12 733 3267 3355 13 736 3136 3352 3266 3354 3265 3353 3265 3353 3266 3354 3267 3355 2674 2681 15 340 14 6 15 340 2674 2681 2678 2687 55 727 2733 2752 18 84 2733 2752 55 727 3263 2753 2776 2797 25 157 20 131 25 157 2776 2797 2779 2800 31 189 2800 2821 30 169 2800 2821 31 189 2801 2822 33 256 2811 2836 32 188 2811 2836 33 256 2816 2841 2930 2988 36 342 35 341 36 342 2930 2988 2749 2770 4410 3040 39 694 2984 3041 39 694 4410 3040 1853 738 2983 3042 41 739 40 740 41 739 2983 3042 2986 3045 42 411 2996 3053 2992 3052 2996 3053 42 411 44 419 47 424 2998 3060 46 421 2998 3060 47 424 3000 3062 2986 3045 1869 741 41 739 1869 741 2986 3045 4424 3050 3125 3187 49 552 50 711 49 552 3125 3187 3122 3185 4366 3356 4365 3357 3227 3305 4366 3356 3227 3305 3264 3348 4365 3357 3676 3306 3227 3305 3676 3306 4365 3357 4364 3358 4367 3359 3264 3348 3221 3349 3264 3348 4367 3359 4366 3356 1808 746 3221 3349 59 747 3221 3349 1808 746 4367 3359 3210 3283 7 670 60 748 7 670 3210 3283 3214 3281 61 749 3209 3289 3210 3283 61 749 3210 3283 60 748 62 750 3211 3290 3209 3289 62 750 3209 3289 61 749 63 751 3212 3295 3211 3290 63 751 3211 3290 62 750 59 747 3221 3349 3212 3295 59 747 3212 3295 63 751 3218 3294 3117 3181 3116 3180 3117 3181 3218 3294 3212 3295 3115 3179 3361 3347 4120 3360 3115 3179 4120 3360 3271 3361 3116 3180 3271 3361 3272 3362 3271 3361 3116 3180 3115 3179 3219 3292 3116 3180 3272 3362 3116 3180 3219 3292 3218 3294 4188 3365 3273 3363 4189 3364 3273 3363 4188 3365 4121 3366 3274 3367 4189 3364 3273 3363 4189 3364 3274 3367 4190 3368 3119 3300 4190 3368 3274 3367 4190 3368 3119 3300 4191 3299 3273 3363 4122 3370 3275 3369 4122 3370 3273 3363 4121 3366 3274 3367 3275 3369 3276 3371 3275 3369 3274 3367 3273 3363 3266 3354 3119 3300 3274 3367 3266 3354 3274 3367 3276 3371 3275 3369 4123 3373 3277 3372 4123 3373 3275 3369 4122 3370 3276 3371 3275 3369 3278 3374 3278 3374 3275 3369 3277 3372 3267 3355 3266 3354 3276 3371 3267 3355 3276 3371 3278 3374 3278 3374 3277 3372 65 767 65 767 3277 3372 64 768 13 736 3267 3355 3278 3374 13 736 3278 3374 65 767 2697 2705 2698 2708 3281 3376 2698 2708 3280 3375 3281 3376 2699 2711 2697 2705 3282 3377 2697 2705 3281 3376 3282 3377 3283 3378 2700 2713 2699 2711 2699 2711 3282 3377 3283 3378 2701 2715 3283 3378 3284 3379 3283 3378 2701 2715 2700 2713 3285 3380 2935 2994 2701 2715 2701 2715 3284 3379 3285 3380 3286 3381 2934 2991 2935 2994 2935 2994 3285 3380 3286 3381 3286 3381 2938 2995 2934 2991 2938 2995 3286 3381 3287 3382 3287 3382 2939 2997 2938 2995 2939 2997 3287 3382 3288 3383 3288 3383 2941 2977 2939 2997 2941 2977 3288 3383 3289 3384 2941 2977 3290 3385 2923 2975 3290 3385 2941 2977 3289 3384 2921 2973 2923 2975 3291 3386 2923 2975 3290 3385 3291 3386 2921 2973 3292 3387 2922 2970 3292 3387 2921 2973 3291 3386 3293 3388 2922 2970 3292 3387 2922 2970 3293 3388 2924 2978 3294 3389 2907 2980 2924 2978 2924 2978 3293 3388 3294 3389 3295 3390 2906 2987 2907 2980 3295 3390 2907 2980 3294 3389 2908 2956 3295 3390 3296 3391 3295 3390 2908 2956 2906 2987 2909 2953 3296 3391 3297 3392 3296 3391 2909 2953 2908 2956 2910 2957 3297 3392 3298 3393 3297 3392 2910 2957 2909 2953 3298 3393 2911 2710 2910 2957 2911 2710 3298 3393 3299 3394 3299 3394 2698 2708 2911 2710 2698 2708 3299 3394 3280 3375 3279 3395 3280 3375 3299 3394 3299 3394 3298 3393 3279 3395 3298 3393 3297 3392 3279 3395 3297 3392 3296 3391 3279 3395 3279 3395 3296 3391 3295 3390 3295 3390 3294 3389 3279 3395 3294 3389 3293 3388 3279 3395 3293 3388 3292 3387 3279 3395 3292 3387 3291 3386 3279 3395 3291 3386 3290 3385 3279 3395 3279 3395 3290 3385 3289 3384 3289 3384 3288 3383 3279 3395 3288 3383 3287 3382 3279 3395 3279 3395 3287 3382 3286 3381 3286 3381 3285 3380 3279 3395 3279 3395 3285 3380 3284 3379 3284 3379 3283 3378 3279 3395 3283 3378 3282 3377 3279 3395 3282 3377 3281 3376 3279 3395 3281 3376 3280 3375 3279 3395 3300 3275 4401 3264 3181 3263 4401 3264 3300 3275 3180 3232 3203 3277 3181 3263 4400 3273 3181 3263 3203 3277 3300 3275 64 768 4123 3373 94 790 4123 3373 64 768 3277 3372 2672 2678 0 15 2 18 0 15 2672 2678 2671 2677 3301 3397 3305 3399 3302 3396 3305 3399 3301 3397 3304 3398 3303 3402 3306 3400 3307 3401 3306 3400 3303 3402 3316 3403 3303 3402 3304 3398 3301 3397 3304 3398 3303 3402 3307 3401 3304 3398 3308 3404 3305 3399 3305 3399 3308 3404 3309 3405 3314 3407 4160 3409 4159 3406 4160 3409 3314 3407 3312 3408 4160 3409 3312 3408 3310 3410 3319 3414 3315 3411 3318 3413 3315 3411 3317 3412 3318 3413 3317 3412 3321 3416 3318 3413 3321 3416 3317 3412 3320 3415 3317 3412 3310 3410 3320 3415 3310 3410 3311 3417 3320 3415 4313 3420 4317 3418 4314 3419 4317 3418 4313 3420 4320 3421 4320 3421 4316 3423 4317 3418 4316 3423 4320 3421 4321 3422 3330 3426 4155 3424 3327 3425 4155 3424 3330 3426 4156 3427 3328 3430 3334 3431 3335 3428 3328 3430 3335 3428 3329 3429 3340 3435 3338 3433 3339 3434 3338 3433 3340 3435 3337 3432 3345 3439 3343 3437 3344 3438 3343 3437 3345 3439 3342 3436 3346 3441 3340 3435 3339 3434 3346 3441 3339 3434 3341 3440 4153 3445 3349 3443 3356 3444 3349 3443 4153 3445 4152 3442 3342 3436 3351 3447 3350 3446 3342 3436 3350 3446 3343 3437 3336 3448 4153 3445 3356 3444 4153 3445 3336 3448 4154 3449 4155 3424 4154 3449 3327 3425 3336 3448 3327 3425 4154 3449 1746 846 4326 3451 1745 847 4326 3451 1746 846 4327 3450 4375 3455 3367 3453 3368 3454 3367 3453 4375 3455 4374 3452 4374 3452 3363 3457 3367 3453 3363 3457 4374 3452 4373 3456 3365 3459 4112 3461 3364 3458 4112 3461 3365 3459 3375 3460 3370 3463 3372 3465 3369 3462 3372 3465 3370 3463 3371 3464 3374 3467 3371 3464 3370 3463 3371 3464 3374 3467 4353 3466 3318 3413 3371 3464 4353 3466 3371 3464 3318 3413 3321 3416 3371 3464 3373 3468 3372 3465 3373 3468 3371 3464 3321 3416 3369 3462 3377 3469 3370 3463 3377 3469 3369 3462 3375 3460 3313 3471 3315 3411 3378 3470 3315 3411 3319 3414 3378 3470 3365 3459 3366 3473 3376 3472 3376 3472 3375 3460 3365 3459 3384 3476 3383 3477 3379 3474 3384 3476 3379 3474 3380 3475 4067 3479 3379 3474 3383 3477 3379 3474 4067 3479 4068 3478 3379 3474 4060 3481 3381 3480 4060 3481 3379 3474 4068 3478 3380 3475 3381 3480 3382 3482 3381 3480 3380 3475 3379 3474 4066 3486 3386 3483 4065 3485 3386 3483 3385 3484 4065 3485 4378 3488 3386 3483 4066 3486 3386 3483 4378 3488 4377 3487 4377 3487 4376 3490 3387 3489 4377 3487 3387 3489 3386 3483 3394 3494 3392 3492 3393 3493 3392 3492 3394 3494 3391 3491 3395 3498 3389 3495 3396 3497 3389 3495 3390 3496 3396 3497 3399 3502 3397 3500 3398 3501 3397 3500 3399 3502 3400 3499 3401 3503 3403 3505 3400 3499 3403 3505 3401 3503 3402 3504 3404 3506 3400 3499 3399 3502 3400 3499 3404 3506 3401 3503 3332 3510 4158 3508 4157 3509 4158 3508 3332 3510 3333 3507 3332 3510 4156 3427 3330 3426 4156 3427 3332 3510 4157 3509 3334 3431 3410 3512 3411 3511 3334 3431 3411 3511 3335 3428 3410 3512 3409 3514 3408 3513 3410 3512 3408 3513 3411 3511 4089 3518 3412 3515 4087 3517 3412 3515 3388 3516 4087 3517 3414 3520 3416 3522 3413 3519 3416 3522 3414 3520 3415 3521 3418 3524 3420 3526 3417 3523 3420 3526 3418 3524 3419 3525 4057 3527 3415 3521 3414 3520 3415 3521 4057 3527 4061 3528 4060 3481 3421 3529 3381 3480 3421 3529 4060 3481 4059 3530 71 929 3423 3531 72 930 3423 3531 3424 3532 72 930 72 930 3424 3532 73 932 3424 3532 3425 3533 73 932 4146 3537 3435 3535 4147 3536 3435 3535 4146 3537 3434 3534 4146 3537 4145 3538 3434 3534 3434 3534 4145 3538 3443 3539 3448 3543 4129 3541 4128 3542 4129 3541 3448 3543 3451 3540 3449 3547 3452 3544 3450 3546 3452 3544 3453 3545 3450 3546 3455 3551 3457 3549 3454 3550 3457 3549 3455 3551 3456 3548 3459 3553 3450 3546 3453 3545 3459 3553 3453 3545 3458 3552 3459 3553 3458 3552 3461 3554 3461 3554 3458 3552 3460 3555 3460 3555 3462 3556 3461 3554 3462 3556 3460 3555 3463 3557 3461 3554 3466 3558 3464 3559 3466 3558 3461 3554 3462 3556 3465 3560 3459 3553 3464 3559 3464 3559 3459 3553 3461 3554 3463 3557 3467 3561 3462 3556 3467 3561 3463 3557 3468 3562 3468 3562 3470 3564 3469 3563 3468 3562 3469 3563 3467 3561 3473 3567 3471 3565 3472 3566 3471 3565 3473 3567 3474 3568 3476 3570 3472 3566 3475 3569 3472 3566 3476 3570 3473 3567 3475 3569 3457 3549 3476 3570 3457 3549 3475 3569 3454 3550 3478 3573 4131 3571 4130 3572 4131 3571 3478 3573 3477 3574 3480 3575 3477 3574 3478 3573 3477 3574 3480 3575 4124 3576 4124 3576 4134 3578 3477 3574 4134 3578 4124 3576 3479 3577 3456 3548 3482 3580 3457 3549 3482 3580 3456 3548 3481 3579 3482 3580 3476 3570 3457 3549 3476 3570 3482 3580 3483 3581 3484 3583 3486 3582 3483 3581 3486 3582 3484 3583 3485 3584 3489 3585 3483 3581 3482 3580 3483 3581 3489 3585 3484 3583 3483 3581 3473 3567 3476 3570 3473 3567 3483 3581 3486 3582 3486 3582 3474 3568 3473 3567 3474 3568 3486 3582 3491 3586 3493 3587 3451 3540 3448 3543 3451 3540 3493 3587 3492 3588 3495 3589 3492 3588 3493 3587 3492 3588 3495 3589 3494 3590 3497 3592 3493 3587 3496 3591 3493 3587 3497 3592 3495 3589 3496 3591 4202 3594 4201 3593 4201 3593 3497 3592 3496 3591 4202 3594 3496 3591 4245 3595 4202 3594 4245 3595 4244 3596 3495 3589 3497 3592 3503 3597 3503 3597 3502 3598 3495 3589 3496 3591 3448 3543 4245 3595 3448 3543 3496 3591 3493 3587 3502 3598 3494 3590 3495 3589 3494 3590 3502 3598 3504 3599 3504 3599 3506 3601 3505 3600 3506 3601 3504 3599 3502 3598 3506 3601 3507 3603 3505 3600 3507 3603 3506 3601 3508 3602 3508 3602 3509 3604 3507 3603 3508 3602 3510 3605 3509 3604 4127 3609 3512 3607 3513 3608 3512 3607 4127 3609 3511 3606 3513 3608 3512 3607 3516 3611 3516 3611 3512 3607 3515 3610 3518 3613 4125 3615 3517 3612 4125 3615 3518 3613 4126 3614 4126 3614 3511 3606 4127 3609 3511 3606 4126 3614 3518 3613 4125 3615 3480 3575 3517 3612 3480 3575 4125 3615 4124 3576 3525 3617 4267 3619 4274 3616 4267 3619 3525 3617 3524 3618 3528 3621 4235 3623 3526 3620 4235 3623 3528 3621 4236 3622 3528 3621 4237 3624 4236 3622 4237 3624 3528 3621 3525 3617 3529 3626 3531 3628 3527 3625 3531 3628 3529 3626 3530 3627 3530 3627 4271 3630 3531 3628 4271 3630 3530 3627 4272 3629 4274 3616 4237 3624 3525 3617 4237 3624 4274 3616 4273 3631 3528 3621 3524 3618 3525 3617 3524 3618 3528 3621 3526 3620 4303 3634 4302 3635 4301 3632 4303 3634 4301 3632 4304 3633 3535 3637 4133 3639 3522 3636 4133 3639 3535 3637 3536 3638 4269 3641 4304 3633 4301 3632 4304 3633 4269 3641 4268 3640 3536 3638 3535 3637 4234 3642 3536 3638 3832 3644 4133 3639 3832 3644 3536 3638 3538 3643 3523 3646 4128 3542 4239 3645 4128 3542 3523 3646 3448 3543 3450 3546 3539 3647 3540 3648 3546 3651 3547 3652 3543 3649 3543 3649 3545 3650 3546 3651 3545 3650 3542 3653 3548 3654 3542 3653 3545 3650 3543 3649 3545 3650 4218 3656 4217 3655 4218 3656 3545 3650 3548 3654 3546 3651 4217 3655 4216 3657 4217 3655 3546 3651 3545 3650 4215 3658 3546 3651 4216 3657 3546 3651 4215 3658 3547 3652 3551 3660 3553 3662 3552 3659 3553 3662 3551 3660 3550 3661 3550 3661 3554 3664 3553 3662 3554 3664 3550 3661 3549 3663 4285 3667 4284 3668 4283 3665 4285 3667 4283 3665 4286 3666 4286 3666 4214 3670 3544 3669 4214 3670 4286 3666 4283 3665 3554 3664 4287 3672 3553 3662 4287 3672 3554 3664 3555 3671 4288 3673 3552 3659 3553 3662 4288 3673 3553 3662 4287 3672 4233 3674 3539 3647 3450 3546 3450 3546 3459 3553 4233 3674 3541 3676 3540 3648 3539 3647 3540 3648 3541 3676 3557 3675 3540 3648 3558 3677 3559 3678 3558 3677 3540 3648 3557 3675 3559 3678 4251 3680 4258 3679 4251 3680 3559 3678 3558 3677 3562 3683 4225 3681 3563 3682 4225 3681 3562 3683 4232 3684 3565 3685 3562 3683 3563 3682 3565 3685 3563 3682 3564 3686 4255 3688 3563 3682 4256 3687 3563 3682 4255 3688 3564 3686 3569 3690 3567 3691 3568 3689 3568 3689 3567 3691 3566 3692 3568 3689 4224 3693 4223 3694 4224 3693 3568 3689 3566 3692 4256 3687 3563 3682 4257 3695 3563 3682 4225 3681 4257 3695 3564 3686 3571 3696 3565 3685 3571 3696 3572 3697 3565 3685 4385 3698 3564 3686 4255 3688 3564 3686 4385 3698 3571 3696 3562 3683 3449 3547 4232 3684 3449 3547 3450 3546 4232 3684 3576 3700 4231 3702 4230 3699 4231 3702 3576 3700 3574 3701 3575 3704 3577 3706 3578 3703 3577 3706 3575 3704 3573 3705 3562 3683 3565 3685 3577 3706 3577 3706 3573 3705 3562 3683 3562 3683 3573 3705 3449 3547 3570 3708 3560 3710 3579 3707 3560 3710 3570 3708 3561 3709 4291 3713 4290 3714 4289 3711 4291 3713 4289 3711 4292 3712 4292 3712 3569 3690 4291 3713 3567 3691 3569 3690 4292 3712 3579 3707 4294 3715 4293 3716 4294 3715 3579 3707 3560 3710 4384 3718 3571 3696 4385 3698 3571 3696 4384 3718 4221 3717 3558 3677 4383 3720 4251 3680 4383 3720 3558 3677 3580 3719 4222 3721 3568 3689 4223 3694 3568 3689 4222 3721 3569 3690 3557 3675 3580 3719 3558 3677 3580 3719 3557 3675 3581 3722 3581 3722 3541 3676 3556 3723 3541 3676 3581 3722 3557 3675 3583 3725 3584 3727 3582 3724 3584 3727 3583 3725 3537 3726 3586 3729 3582 3724 3585 3728 3582 3724 3586 3729 3583 3725 4388 3731 3585 3728 4389 3730 3585 3728 4388 3731 3586 3729 3583 3725 3586 3729 4226 3732 3577 3706 3588 3734 3578 3703 3588 3734 3577 3706 3589 3733 3590 3735 3510 3605 3583 3725 3590 3735 3583 3725 3589 3733 3509 3604 3590 3735 3591 3736 3590 3735 3509 3604 3510 3605 3589 3733 3572 3697 3590 3735 3516 3611 3592 3738 3593 3737 3592 3738 3516 3611 3515 3610 3589 3733 3565 3685 3572 3697 3565 3685 3589 3733 3577 3706 4390 3742 4264 3740 4263 3741 4264 3740 4390 3742 4386 3739 4297 3745 4296 3746 4295 3743 4297 3745 4295 3743 4298 3744 4298 3744 3596 3747 4297 3745 3587 3748 3596 3747 4298 3744 4389 3730 3576 3700 4260 3749 3576 3700 4389 3730 3585 3728 3598 3751 3596 3747 3587 3748 3587 3748 3597 3750 3598 3751 3598 3751 4229 3753 4228 3752 4229 3753 3598 3751 3597 3750 4260 3749 3576 3700 4230 3699 4260 3749 4230 3699 4261 3754 4297 3745 4227 3755 4296 3746 4227 3755 4297 3745 3596 3747 4227 3755 3598 3751 4228 3752 3598 3751 4227 3755 3596 3747 3600 3757 3594 3759 3595 3756 3594 3759 3600 3757 3599 3758 4388 3731 4387 3760 4226 3732 4388 3731 4226 3732 3586 3729 3582 3724 3574 3701 3576 3700 3582 3724 3576 3700 3585 3728 3584 3727 3533 3761 3532 3762 3533 3761 3584 3727 3537 3726 3611 3766 3609 3764 3610 3765 3609 3764 3611 3766 3603 3763 3613 3768 3610 3765 3612 3767 3610 3765 3613 3768 3611 3766 3427 3770 3616 3772 3614 3769 3616 3772 3427 3770 3615 3771 3617 3773 3611 3766 3613 3768 3611 3766 3617 3773 3618 3774 3619 3775 3616 3772 3615 3771 3616 3772 3619 3775 3620 3776 3617 3773 3622 3778 3621 3777 3617 3773 3621 3777 3618 3774 3623 3779 3620 3776 3619 3775 3620 3776 3623 3779 3624 3780 3618 3774 3603 3763 3611 3766 3603 3763 3618 3774 3602 3781 3626 3783 3622 3778 3627 3782 3622 3778 3626 3783 3621 3777 3628 3787 3629 3784 3631 3786 3629 3784 3630 3785 3631 3786 3636 3789 3635 3791 3634 3788 3635 3791 3636 3789 3637 3790 3437 3794 3436 3795 3638 3792 3437 3794 3638 3792 3639 3793 3641 3796 3642 3797 3643 3798 3641 3796 3643 3798 3644 3799 3347 3801 3633 3803 3645 3800 3633 3803 3347 3801 3348 3802 3628 3787 3631 3786 3646 3804 3646 3804 3623 3779 3647 3805 3623 3779 3646 3804 3631 3786 3651 3809 3648 3806 3650 3808 3648 3806 3649 3807 3650 3808 3653 3811 3654 3812 3652 3810 3652 3810 3654 3812 3655 3813 3644 3799 3649 3807 3648 3806 3649 3807 3644 3799 3643 3798 3656 3815 3654 3812 3653 3811 3654 3812 3656 3815 3657 3814 3659 3817 3651 3809 3658 3816 3651 3809 3650 3808 3658 3816 3661 3819 3658 3816 3660 3818 3658 3816 3661 3819 3659 3817 3663 3821 3619 3775 3615 3771 3619 3775 3663 3821 3662 3820 3647 3805 3619 3775 3662 3820 3619 3775 3647 3805 3623 3779 3623 3779 3631 3786 3624 3780 3631 3786 3630 3785 3624 3780 3344 3438 3626 3783 3627 3782 3626 3783 3344 3438 3343 3437 3343 3437 3352 3822 3626 3783 3352 3822 3343 3437 3350 3446 3621 3777 3601 3823 3618 3774 3601 3823 3602 3781 3618 3774 3352 3822 3621 3777 3626 3783 3621 3777 3352 3822 3601 3823 3665 3825 3398 3501 3664 3824 3398 3501 3665 3825 3399 3502 3351 3447 3665 3825 3350 3446 3665 3825 3351 3447 3666 3826 3666 3826 3404 3506 3399 3502 3666 3826 3399 3502 3665 3825 3350 3446 3664 3824 3352 3822 3664 3824 3350 3446 3665 3825 3684 3830 3668 3828 3683 3829 3668 3828 3684 3830 3667 3827 4362 3834 3669 3832 3670 3833 3669 3832 4362 3834 4361 3831 3672 3836 3669 3832 3671 3835 3669 3832 3672 3836 3670 3833 3368 3454 3672 3836 3671 3835 3672 3836 3368 3454 3367 3453 3363 3457 3674 3837 3367 3453 3367 3453 3674 3837 3672 3836 3674 3837 3670 3833 3672 3836 3670 3833 3674 3837 3675 3838 3676 3306 3674 3837 3362 3307 3674 3837 3676 3306 3675 3838 4364 3358 3675 3838 3676 3306 3675 3838 4364 3358 4363 3839 4363 3839 3670 3833 3675 3838 3670 3833 4363 3839 4362 3834 3361 3347 3362 3307 3363 3457 3363 3457 3362 3307 3674 3837 3386 3483 3387 3489 3385 3484 3387 3489 3673 3840 3385 3484 3673 3840 3680 3842 3385 3484 3680 3842 3673 3840 3679 3841 3680 3842 4064 3843 3385 3484 4065 3485 3385 3484 4064 3843 4061 3528 3681 3844 3415 3521 3681 3844 4061 3528 4062 3845 3415 3521 3682 3846 3416 3522 3682 3846 3415 3521 3681 3844 3681 3844 3686 3848 3682 3846 3686 3848 3681 3844 3685 3847 4062 3845 3685 3847 3681 3844 3685 3847 4062 3845 4063 3849 4360 3851 3680 3842 3679 3841 3680 3842 4360 3851 4359 3850 4359 3850 4358 3852 3680 3842 4064 3843 3680 3842 4358 3852 3687 3854 3268 3856 4086 3853 3268 3856 3687 3854 3678 3855 3951 3858 3688 3857 4086 3853 3688 3857 3687 3854 4086 3853 3951 3858 4088 3860 3689 3859 3689 3859 3688 3857 3951 3858 3653 3811 3693 3861 3692 3862 3693 3861 3653 3811 3652 3810 3656 3815 3692 3862 3691 3863 3692 3862 3656 3815 3653 3811 3656 3815 3691 3863 3701 3864 3690 3865 3701 3864 3691 3863 3446 3867 3639 3793 3702 3866 3639 3793 3446 3867 3437 3794 3706 3869 3708 3871 3885 3868 3708 3871 3706 3869 3707 3870 4143 3875 4142 3872 3710 3874 3710 3874 4142 3872 3709 3873 3711 3877 3714 3879 3713 3876 3714 3879 3711 3877 3712 3878 3717 3882 3715 3880 3716 3881 3715 3880 3717 3882 3718 3883 3723 3886 3719 3884 3724 3885 3719 3884 3723 3886 3720 3887 3721 3889 3729 3891 3728 3888 3729 3891 3721 3889 3722 3890 3884 3895 3730 3893 3731 3894 3730 3893 3884 3895 3732 3892 3732 3892 3733 3896 3730 3893 3733 3896 3732 3892 3734 3897 3723 3886 3724 3885 3735 3898 3723 3886 3735 3898 3736 3899 3738 3901 3740 3903 3737 3900 3740 3903 3738 3901 3739 3902 3737 3900 3740 3903 3741 3905 3741 3905 3740 3903 3742 3904 3744 3907 3707 3870 3706 3869 3707 3870 3744 3907 3743 3906 3746 3908 3745 3909 3744 3907 3743 3906 3744 3907 3745 3909 3746 3908 3747 3910 3745 3909 3747 3910 3746 3908 3748 3911 3750 3913 3752 3915 3749 3912 3752 3915 3750 3913 3751 3914 3754 3917 3753 3916 3752 3915 3752 3915 3753 3916 3749 3912 3755 3918 3747 3910 3748 3911 3747 3910 3755 3918 3756 3919 3741 3905 3742 3904 3755 3918 3755 3918 3742 3904 3756 3919 3758 3921 3757 3920 3754 3917 3754 3917 3757 3920 3753 3916 3760 3923 3757 3920 3758 3921 3757 3920 3760 3923 3759 3922 3751 3914 3764 3925 3765 3924 3764 3925 3751 3914 3750 3913 3765 3924 3728 3888 3729 3891 3728 3888 3765 3924 3764 3925 3767 3927 3768 3928 3766 3926 3769 3929 3766 3926 3768 3928 3766 3926 3718 3883 3717 3882 3718 3883 3766 3926 3769 3929 3774 3931 3773 3933 3771 3930 3773 3933 3774 3931 3772 3932 3804 3934 3772 3932 3774 3931 3772 3932 3804 3934 3775 3935 3779 3937 3777 3939 3778 3936 3777 3939 3779 3937 3776 3938 3781 3941 3490 3943 3488 3940 3490 3943 3781 3941 3780 3942 3783 3945 3776 3938 3779 3937 3776 3938 3783 3945 3782 3944 3783 3945 3785 3947 3784 3946 3783 3945 3784 3946 3782 3944 3786 3948 3787 3949 3784 3946 3784 3946 3787 3949 3788 3950 3789 3951 3786 3948 3785 3947 3785 3947 3786 3948 3784 3946 3782 3944 3788 3950 3790 3952 3788 3950 3782 3944 3784 3946 3791 3953 3776 3938 3782 3944 3791 3953 3782 3944 3790 3952 3776 3938 3794 3954 3777 3939 3794 3954 3776 3938 3791 3953 3775 3935 3800 3955 3491 3586 3474 3568 3491 3586 3800 3955 3474 3568 3801 3956 3471 3565 3801 3956 3474 3568 3800 3955 3800 3955 3802 3958 3803 3957 3803 3957 3801 3956 3800 3955 3809 3961 3807 3959 3808 3960 3807 3959 3809 3961 3806 3962 3808 3960 3824 3964 3809 3961 3824 3964 3808 3960 3823 3963 3809 3961 3805 3966 3806 3962 3805 3966 3809 3961 3825 3965 3826 3967 3809 3961 3824 3964 3809 3961 3826 3967 3825 3965 3824 3964 3827 3969 3826 3967 3827 3969 3824 3964 3828 3968 3320 3415 3311 3417 3830 3971 3311 3417 3322 3970 3830 3971 3321 3416 3320 3415 3373 3468 3320 3415 3830 3971 3373 3468 3337 3432 3329 3429 3338 3433 3329 3429 3337 3432 3328 3430 79 1373 3831 3972 66 1374 3831 3972 3325 3973 66 1374 4262 3974 4390 3742 4263 3741 4221 3717 3572 3697 3571 3696 3572 3697 4221 3717 3581 3722 3498 3976 4204 3977 4203 3975 4204 3977 3498 3976 3832 3644 3835 3981 3833 3979 3834 3980 3833 3979 3835 3981 3501 3978 3837 3983 4241 3985 3836 3982 4241 3985 3837 3983 4242 3984 3837 3983 4243 3987 4242 3984 4243 3987 3837 3983 3499 3986 3499 3986 3837 3983 3500 3988 3837 3983 3836 3982 3500 3988 4309 3991 4308 3992 4307 3989 4307 3989 4310 3990 4309 3991 3538 3643 4240 3993 4205 3994 4240 3993 3538 3643 3503 3597 3538 3643 3506 3601 3503 3597 3506 3601 3502 3598 3503 3597 3834 3980 3833 3979 4312 3996 3833 3979 4311 3995 4312 3996 4206 3997 3497 3592 4201 3593 3497 3592 4206 3997 3503 3597 4241 3985 4309 3991 3836 3982 4309 3991 4241 3985 4308 3992 3479 3577 4135 3999 4134 3578 4135 3999 3479 3577 3838 3998 3838 3998 4136 4001 4135 3999 4136 4001 3838 3998 3840 4000 3843 4002 3842 4003 3838 3998 3838 3998 3842 4003 3840 4000 3845 4005 3842 4003 3843 4002 3842 4003 3845 4005 3844 4004 3843 4002 3520 4007 3519 4006 3519 4006 3845 4005 3843 4002 3846 4009 3844 4004 3845 4005 3844 4004 3846 4009 3847 4008 3828 3968 3848 4010 3827 3969 3848 4010 3828 3968 3849 4011 3514 4012 3845 4005 3519 4006 3845 4005 3514 4012 3846 4009 3520 4007 3843 4002 3479 3577 3479 3577 3843 4002 3838 3998 3851 4014 3842 4003 3844 4004 3844 4004 3850 4013 3851 4014 3853 4016 3854 4017 3852 4015 3854 4017 3853 4016 3850 4013 3850 4013 3855 4018 3851 4014 3855 4018 3850 4013 3853 4016 3851 4014 3840 4000 3842 4003 3840 4000 3851 4014 3856 4019 3855 4018 3857 4020 3856 4019 3855 4018 3856 4019 3851 4014 3853 4016 3859 4022 3855 4018 3859 4022 3853 4016 3858 4021 3859 4022 3781 3941 3860 4023 3781 3941 3859 4022 3858 4021 3858 4021 3780 3942 3781 3941 3780 3942 3858 4021 3861 4024 3858 4021 3852 4015 3861 4024 3852 4015 3858 4021 3853 4016 3850 4013 3844 4004 3847 4008 3847 4008 3854 4017 3850 4013 3848 4010 3849 4011 3789 3951 3849 4011 3786 3948 3789 3951 3860 4023 3487 4027 3841 4025 3841 4025 3862 4026 3860 4023 3860 4023 3488 3940 3487 4027 3488 3940 3860 4023 3781 3941 3859 4022 3862 4026 3863 4028 3862 4026 3859 4022 3860 4023 3857 4020 3855 4018 3859 4022 3857 4020 3859 4022 3863 4028 4137 4029 3856 4019 3857 4020 4136 4001 3856 4019 4137 4029 3856 4019 4136 4001 3840 4000 3481 3579 3489 3585 3482 3580 3489 3585 3481 3579 3839 4030 3391 3491 3607 4032 3608 4031 3607 4032 3391 3491 3394 3494 3606 4034 3605 4033 3395 3498 3605 4033 3389 3495 3395 3498 3864 4035 3656 3815 3701 3864 3656 3815 3864 4035 3657 3814 4151 4038 3440 4036 3355 4037 3440 4036 4151 4038 4150 4039 4148 4043 3438 4041 4149 4042 3438 4041 4148 4043 3439 4040 3615 3771 3427 3770 3663 3821 3426 4044 3663 3821 3427 3770 3429 4045 3661 3819 3660 3818 3429 4045 3660 3818 3428 4046 3866 4048 3868 4050 3865 4047 3868 4050 3866 4048 3867 4049 3652 3810 3655 3813 3867 4049 3867 4049 3655 3813 3868 4050 3693 3861 3652 3810 3694 4051 3694 4051 3652 3810 3867 4049 3694 4051 3866 4048 3695 4052 3866 4048 3694 4051 3867 4049 3787 3949 3786 3948 3872 4053 3849 4011 3872 4053 3786 3948 3419 3525 3683 3829 3420 3526 3683 3829 3419 3525 3684 3830 3876 4055 3760 3923 3875 4054 3760 3923 3876 4055 3759 3922 4321 3422 4324 4057 4316 3423 4324 4057 4321 3422 4328 4056 4328 4056 4329 4059 4324 4057 4329 4059 4328 4056 4330 4058 3887 4061 3889 4063 3886 4060 3889 4063 3887 4061 3888 4062 3886 4060 3889 4063 3890 4065 3890 4065 3889 4063 3891 4064 3892 4066 3768 3928 3767 3927 3768 3928 3892 4066 3893 4067 3894 4068 3895 4069 3892 4066 3892 4066 3895 4069 3893 4067 3890 4065 3891 4064 3894 4068 3894 4068 3891 4064 3895 4069 4144 4071 3443 3539 4145 3538 3443 3539 4144 4071 3445 4070 3447 4073 3702 3866 3703 4072 3702 3866 3447 4073 3446 3867 3690 3865 3705 4075 3704 4074 3705 4075 3690 3865 3691 3863 3705 4075 3691 3863 3700 4076 3700 4076 3691 3863 3692 3862 3700 4076 3692 3862 3698 4077 3698 4077 3692 3862 3693 3861 3698 4077 3693 3861 3697 4078 3697 4078 3693 3861 3694 4051 3697 4078 3695 4052 3699 4079 3695 4052 3697 4078 3694 4051 3770 4081 3695 4052 3696 4080 3695 4052 3770 4081 3699 4079 3769 3929 3422 4082 3718 3883 3422 4082 3769 3929 3770 4081 3718 3883 3444 4083 3715 3880 3444 4083 3718 3883 3422 4082 3769 3929 3699 4079 3770 4081 3699 4079 3769 3929 3768 3928 3893 4067 3699 4079 3768 3928 3699 4079 3893 4067 3697 4078 3895 4069 3698 4077 3893 4067 3893 4067 3698 4077 3697 4078 3891 4064 3700 4076 3895 4069 3895 4069 3700 4076 3698 4077 3889 4063 3705 4075 3891 4064 3891 4064 3705 4075 3700 4076 3704 4074 3889 4063 3888 4062 3889 4063 3704 4074 3705 4075 3712 3878 3703 4072 3714 3879 3703 4072 3712 3878 3447 4073 3445 4070 4143 3875 3710 3874 4143 3875 3445 4070 4144 4071 3707 3870 3716 3881 3708 3871 3716 3881 3707 3870 3717 3882 3743 3906 3717 3882 3707 3870 3717 3882 3743 3906 3766 3926 3745 3909 3766 3926 3743 3906 3766 3926 3745 3909 3767 3927 3747 3910 3892 4066 3745 3909 3767 3927 3745 3909 3892 4066 3756 3919 3892 4066 3747 3910 3892 4066 3756 3919 3894 4068 3742 3904 3890 4065 3756 3919 3756 3919 3890 4065 3894 4068 3740 3903 3886 4060 3742 3904 3742 3904 3886 4060 3890 4065 3739 3902 3886 4060 3740 3903 3886 4060 3739 3902 3887 4061 3711 3877 3734 3897 3732 3892 3734 3897 3711 3877 3713 3876 3732 3892 4198 4084 4199 4085 4198 4084 3732 3892 3884 3895 3897 4087 3706 3869 3896 4086 3706 3869 3897 4087 3744 3907 3898 4088 3744 3907 3897 4087 3744 3907 3898 4088 3746 3908 3898 4088 3748 3911 3746 3908 3748 3911 3898 4088 3899 4089 3899 4089 3900 4090 3755 3918 3899 4089 3755 3918 3748 3911 3901 4091 3741 3905 3900 4090 3900 4090 3741 3905 3755 3918 3901 4091 3902 4092 3737 3900 3901 4091 3737 3900 3741 3905 3738 3901 3902 4092 3903 4093 3902 4092 3738 3901 3737 3900 3730 3893 3904 4094 3905 4095 3904 4094 3730 3893 3733 3896 3730 3893 3906 4096 3731 3894 3906 4096 3730 3893 3905 4095 3896 4086 3885 3868 3907 4097 3885 3868 3896 4086 3706 3869 3905 4095 3724 3885 3906 4096 3906 4096 3724 3885 3719 3884 3905 4095 3735 3898 3724 3885 3735 3898 3905 4095 3904 4094 3903 4093 3759 3922 3876 4055 3759 3922 3903 4093 3902 4092 3902 4092 3757 3920 3759 3922 3757 3920 3902 4092 3901 4091 3753 3916 3757 3920 3901 4091 3753 3916 3901 4091 3900 4090 3749 3912 3753 3916 3900 4090 3749 3912 3900 4090 3899 4089 3898 4088 3749 3912 3899 4089 3749 3912 3898 4088 3750 3913 3750 3913 3897 4087 3764 3925 3897 4087 3750 3913 3898 4088 3896 4086 3728 3888 3764 3925 3896 4086 3764 3925 3897 4087 3907 4097 3721 3889 3728 3888 3907 4097 3728 3888 3896 4086 3877 4098 3720 3887 3723 3886 3720 3887 3877 4098 3726 4099 3877 4098 3736 3899 3878 4100 3736 3899 3877 4098 3723 3886 3875 4054 3879 4101 3880 4102 3879 4101 3875 4054 3760 3923 3879 4101 3758 3921 3881 4103 3758 3921 3879 4101 3760 3923 3881 4103 3758 3921 3762 4104 3762 4104 3758 3921 3754 3917 3762 4104 3754 3917 3761 4105 3761 4105 3754 3917 3752 3915 3761 4105 3751 3914 3763 4106 3751 3914 3761 4105 3752 3915 3763 4106 3765 3924 3869 4107 3765 3924 3763 4106 3751 3914 3869 4107 3729 3891 3727 4108 3729 3891 3869 4107 3765 3924 3727 4108 3722 3890 3725 4109 3722 3890 3727 4108 3729 3891 3725 4109 3797 4111 3727 4108 3797 4111 3725 4109 3822 4110 3820 4112 3726 4099 3877 4098 3726 4099 3820 4112 3821 4113 3878 4100 3820 4112 3877 4098 3820 4112 3878 4100 3812 4114 3879 4101 3814 4115 3880 4102 3813 4116 3880 4102 3814 4115 3814 4115 3879 4101 3818 4117 3818 4117 3879 4101 3881 4103 3818 4117 3881 4103 3819 4118 3819 4118 3881 4103 3762 4104 3819 4118 3762 4104 3870 4119 3870 4119 3762 4104 3761 4105 3763 4106 3870 4119 3761 4105 3870 4119 3763 4106 3871 4120 3869 4107 3871 4120 3763 4106 3871 4120 3869 4107 3798 4121 3727 4108 3798 4121 3869 4107 3798 4121 3727 4108 3797 4111 3793 4123 3798 4121 3795 4122 3798 4121 3793 4123 3871 4120 3871 4120 3792 4124 3870 4119 3792 4124 3871 4120 3793 4123 3873 4125 3819 4118 3792 4124 3792 4124 3819 4118 3870 4119 3817 4126 3818 4117 3873 4125 3873 4125 3818 4117 3819 4118 3816 4127 3814 4115 3817 4126 3817 4126 3814 4115 3818 4117 3813 4116 3816 4127 3815 4128 3816 4127 3813 4116 3814 4115 3812 4114 3810 4130 3820 4112 3810 4130 3812 4114 3811 4129 3820 4112 3829 4131 3821 4113 3829 4131 3820 4112 3810 4130 3822 4110 3796 4133 3797 4111 3796 4133 3822 4110 3799 4132 3797 4111 3796 4133 3795 4122 3797 4111 3795 4122 3798 4121 3791 3953 3795 4122 3794 3954 3795 4122 3791 3953 3793 4123 3793 4123 3790 3952 3792 4124 3790 3952 3793 4123 3791 3953 3788 3950 3873 4125 3790 3952 3790 3952 3873 4125 3792 4124 3787 3949 3817 4126 3788 3950 3788 3950 3817 4126 3873 4125 3817 4126 3787 3949 3816 4127 3872 4053 3816 4127 3787 3949 3815 4128 3872 4053 3908 4134 3872 4053 3815 4128 3816 4127 3811 4129 3808 3960 3810 4130 3808 3960 3811 4129 3823 3963 3810 4130 3807 3959 3829 4131 3807 3959 3810 4130 3808 3960 3799 4132 3773 3933 3796 4133 3773 3933 3799 4132 3771 3930 3794 3954 3796 4133 3773 3933 3796 4133 3794 3954 3795 4122 3908 4134 3849 4011 3828 3968 3849 4011 3908 4134 3872 4053 4087 3517 3388 3516 4088 3860 3388 3516 3689 3859 4088 3860 3414 3520 3413 3519 3909 4135 3910 4136 3909 4135 3413 3519 4058 4137 3414 3520 3909 4135 3414 3520 4058 4137 4057 3527 4090 4139 3911 4138 4089 3518 3911 4138 3412 3515 4089 3518 3411 3511 3408 3513 3402 3504 3411 3511 3402 3504 3401 3503 3411 3511 3401 3503 3335 3428 3335 3428 3401 3503 3404 3506 3329 3429 3404 3506 3666 3826 3404 3506 3329 3429 3335 3428 3329 3429 3666 3826 3338 3433 3338 3433 3666 3826 3351 3447 3338 3433 3351 3447 3339 3434 3339 3434 3351 3447 3342 3436 3341 3440 3342 3436 3345 3439 3342 3436 3341 3440 3339 3434 3633 3803 3348 3802 3640 4141 3348 3802 3632 4140 3640 4141 3634 3788 3642 3797 3641 3796 3642 3797 3634 3788 3635 3791 3639 3793 3638 3792 3864 4035 3639 3793 3864 4035 3701 3864 3702 3866 3639 3793 3690 3865 3639 3793 3701 3864 3690 3865 3703 4072 3702 3866 3704 4074 3702 3866 3690 3865 3704 4074 3714 3879 3703 4072 3888 4062 3703 4072 3704 4074 3888 4062 3713 3876 3714 3879 3888 4062 3713 3876 3888 4062 3887 4061 3734 3897 3713 3876 3887 4061 3734 3897 3887 4061 3739 3902 3734 3897 3738 3901 3733 3896 3738 3901 3734 3897 3739 3902 3733 3896 3903 4093 3904 4094 3903 4093 3733 3896 3738 3901 3904 4094 3876 4055 3735 3898 3876 4055 3904 4094 3903 4093 3735 3898 3875 4054 3736 3899 3875 4054 3735 3898 3876 4055 3736 3899 3880 4102 3878 4100 3880 4102 3736 3899 3875 4054 3878 4100 3813 4116 3812 4114 3813 4116 3878 4100 3880 4102 3812 4114 3815 4128 3811 4129 3815 4128 3812 4114 3813 4116 3811 4129 3908 4134 3823 3963 3908 4134 3811 4129 3815 4128 3823 3963 3828 3968 3824 3964 3828 3968 3823 3963 3908 4134 3534 4142 3584 3727 3532 3762 3584 3727 3534 4142 4132 4143 3584 3727 4132 4143 3574 3701 3584 3727 3574 3701 3582 3724 3451 3540 4130 3572 4129 3541 4130 3572 3451 3540 3478 3573 3492 3588 3478 3573 3451 3540 3478 3573 3492 3588 3480 3575 3494 3590 3480 3575 3492 3588 3480 3575 3494 3590 3517 3612 3504 3599 3517 3612 3494 3590 3517 3612 3504 3599 3518 3613 3518 3613 3505 3600 3511 3606 3505 3600 3518 3613 3504 3599 3511 3606 3505 3600 3512 3607 3505 3600 3507 3603 3512 3607 3512 3607 3509 3604 3515 3610 3509 3604 3512 3607 3507 3603 3515 3610 3591 3736 3592 3738 3591 3736 3515 3610 3509 3604 3801 3956 3803 3957 3470 3564 3801 3956 3470 3564 3468 3562 3471 3565 3468 3562 3463 3557 3468 3562 3471 3565 3801 3956 3472 3566 3463 3557 3460 3555 3463 3557 3472 3566 3471 3565 3475 3569 3460 3555 3458 3552 3460 3555 3475 3569 3472 3566 3453 3545 3475 3569 3458 3552 3475 3569 3453 3545 3454 3550 3453 3545 3452 3544 3455 3551 3453 3545 3455 3551 3454 3550 3780 3942 3778 3936 3490 3943 3778 3936 3780 3942 3779 3937 3780 3942 3861 4024 3783 3945 3780 3942 3783 3945 3779 3937 3852 4015 3783 3945 3861 4024 3783 3945 3852 4015 3785 3947 3852 4015 3854 4017 3789 3951 3852 4015 3789 3951 3785 3947 3854 4017 3847 4008 3848 4010 3848 4010 3789 3951 3854 4017 3846 4009 3827 3969 3847 4008 3847 4008 3827 3969 3848 4010 3514 4012 3826 3967 3846 4009 3846 4009 3826 3967 3827 3969 3826 3967 3513 3608 3825 3965 3825 3965 3513 3608 3516 3611 3825 3965 3593 3737 3805 3966 3593 3737 3825 3965 3516 3611 3804 3934 3802 3958 3775 3935 3800 3955 3775 3935 3802 3958 3510 3605 3537 3726 3583 3725 3536 3638 3510 3605 3508 3602 3510 3605 3536 3638 3537 3726 3536 3638 3508 3602 3538 3643 3506 3601 3538 3643 3508 3602 3912 4144 3775 3935 3491 3586 3775 3935 3912 4144 3772 3932 3485 3584 3491 3586 3486 3582 3491 3586 3485 3584 3912 4144 3912 4144 3778 3936 3772 3932 3778 3936 3777 3939 3772 3932 3485 3584 3490 3943 3912 4144 3490 3943 3778 3936 3912 4144 3488 3940 3485 3584 3484 3583 3485 3584 3488 3940 3490 3943 3489 3585 3488 3940 3484 3583 3488 3940 3489 3585 3487 4027 3839 4030 3487 4027 3489 3585 3487 4027 3839 4030 3841 4025 3772 3932 3777 3939 3773 3933 3773 3933 3777 3939 3794 3954 3422 4082 3442 4145 3444 4083 3442 4145 3422 4082 3913 4146 3770 4081 3913 4146 3422 4082 3913 4146 3770 4081 3696 4080 3914 4147 3695 4052 3866 4048 3695 4052 3914 4147 3696 4080 3913 4146 3430 4149 3442 4145 3430 4149 3913 4146 3915 4148 3913 4146 3914 4147 3915 4148 3914 4147 3913 4146 3696 4080 3915 4148 3916 4150 3430 4149 3430 4149 3916 4150 3431 4151 3915 4148 3917 4152 3916 4150 3917 4152 3915 4148 3914 4147 3866 4048 3917 4152 3914 4147 3917 4152 3866 4048 3865 4047 3661 3819 3429 4045 3919 4153 3918 4154 3919 4153 3429 4045 3920 4156 3433 4158 3432 4155 3433 4158 3920 4156 3921 4157 3920 4156 3918 4154 3921 4157 3918 4154 3920 4156 3919 4153 4329 4059 4331 4160 4325 4159 4331 4160 4329 4059 4330 4058 67 1564 3923 4162 80 1565 3923 4162 67 1564 3359 4161 3357 4163 3441 4164 3922 4165 3357 4163 3922 4165 3924 4166 3358 4169 3353 4170 3354 4167 3358 4169 3354 4167 3925 4168 4314 3419 4332 4172 4315 4171 4332 4172 4314 3419 4317 3418 4332 4172 4317 3418 4322 4173 4317 3418 4316 3423 4322 4173 4322 4173 4316 3423 4323 4174 4316 3423 4324 4057 4323 4174 4327 3450 4325 4159 4326 3451 4325 4159 4327 3450 4329 4059 3358 4169 3925 4168 3359 4161 3359 4161 3925 4168 3923 4162 3924 4166 3360 4176 3926 4175 3360 4176 3924 4166 3922 4165 3921 4157 3423 3531 3927 4177 3423 3531 3921 4157 3918 4154 3429 4045 3424 3532 3918 4154 3423 3531 3918 4154 3424 3532 3425 3533 3429 4045 3428 4046 3429 4045 3425 3533 3424 3532 3625 4179 3426 4044 3427 3770 3426 4044 3625 4179 3928 4178 3604 4180 3929 4181 3610 3765 3610 3765 3609 3764 3604 4180 3933 4185 3930 4182 3932 4184 3930 4182 3931 4183 3932 4184 3307 3401 3934 4186 3304 3398 3304 3398 3934 4186 3308 3404 3935 4187 3308 3404 3934 4186 3308 3404 3935 4187 3936 4188 3933 4185 3936 4188 3935 4187 3936 4188 3933 4185 3932 4184 3307 3401 3306 3400 3831 3972 82 1594 3934 4186 81 1593 3934 4186 3307 3401 81 1593 3930 4182 91 1596 84 1595 91 1596 3930 4182 3933 4185 91 1596 3935 4187 83 1597 3935 4187 91 1596 3933 4185 83 1597 3934 4186 82 1594 3934 4186 83 1597 3935 4187 3390 3496 3405 4190 3396 3497 3405 4190 3390 3496 3941 4189 3400 3499 3942 4191 3397 3500 3942 4191 3400 3499 3403 3505 3393 3493 3944 4193 3943 4192 3944 4193 3393 3493 3392 3492 3398 3501 3608 4031 3664 3824 3608 4031 3398 3501 3391 3491 3397 3500 3391 3491 3398 3501 3391 3491 3397 3500 3392 3492 3392 3492 3942 4191 3944 4193 3942 4191 3392 3492 3397 3500 3352 3822 3664 3824 3601 3823 3664 3824 3608 4031 3601 3823 3608 4031 3602 3781 3601 3823 3602 3781 3608 4031 3607 4032 3395 3498 69 1604 70 1603 69 1604 3395 3498 3396 3497 3604 4180 77 1606 78 1605 77 1606 3604 4180 3606 4034 3606 4034 3604 4180 3609 3764 3607 4032 3389 3495 3605 4033 3389 3495 3607 4032 3394 3494 3394 3494 3390 3496 3389 3495 3390 3496 3394 3494 3393 3493 3393 3493 3941 4189 3390 3496 3941 4189 3393 3493 3943 4192 3938 4195 3937 4196 3950 4194 3950 4194 3951 3858 3938 4195 3602 3781 3605 4033 3603 3763 3605 4033 3602 3781 3607 4032 3603 3763 3606 4034 3609 3764 3606 4034 3603 3763 3605 4033 4322 4173 4323 4174 1743 1610 1743 1610 4323 4174 1744 1611 87 1612 3927 4177 71 929 3927 4177 3423 3531 71 929 69 1604 3396 3497 86 1613 3396 3497 3405 4190 86 1613 3606 4034 3395 3498 77 1606 77 1606 3395 3498 70 1603 4323 4174 1746 846 1744 1611 1746 846 4323 4174 4327 3450 3928 4178 3625 4179 76 1614 76 1614 88 1615 3928 4178 3604 4180 89 1616 3929 4181 89 1616 3604 4180 78 1605 3931 4183 84 1595 90 1617 84 1595 3931 4183 3930 4182 3911 4138 4353 3466 3374 3467 4353 3466 3911 4138 4090 4139 3964 4199 3965 4200 3962 4197 3964 4199 3962 4197 3963 4198 3967 4202 3964 4199 3966 4201 3964 4199 3967 4202 3965 4200 3962 4197 3969 4204 3963 4198 3969 4204 3962 4197 3968 4203 3969 4204 3968 4203 3970 4205 3969 4204 3970 4205 3971 4206 3971 4206 3970 4205 3972 4207 3971 4206 3972 4207 3973 4208 3973 4208 3974 4209 3975 4210 3974 4209 3973 4208 3972 4207 3976 4211 3977 4212 3975 4210 3976 4211 3975 4210 3974 4209 3978 4213 3979 4214 3976 4211 3977 4212 3976 4211 3979 4214 3979 4214 3978 4213 3980 4215 3979 4214 3980 4215 3981 4216 3967 4202 3981 4216 3980 4215 3981 4216 3967 4202 3966 4201 3983 4218 3952 4220 3982 4217 3952 4220 3983 4218 3953 4219 3984 4221 3953 4219 3983 4218 3953 4219 3984 4221 3954 4222 3961 4224 3984 4221 3985 4223 3984 4221 3961 4224 3954 4222 3960 4226 3985 4223 3986 4225 3985 4223 3960 4226 3961 4224 3987 4227 3959 4228 3986 4225 3960 4226 3986 4225 3959 4228 3988 4229 3959 4228 3987 4227 3959 4228 3988 4229 3958 4230 3989 4231 3958 4230 3988 4229 3958 4230 3989 4231 3957 4232 3990 4233 3957 4232 3989 4231 3957 4232 3990 4233 3956 4234 3991 4235 3955 4236 3956 4234 3991 4235 3956 4234 3990 4233 3982 4217 3955 4236 3991 4235 3955 4236 3982 4217 3952 4220 3431 4151 3920 4156 3432 4155 3920 4156 3431 4151 3916 4150 3916 4150 3919 4153 3920 4156 3919 4153 3916 4150 3917 4152 3865 4047 3661 3819 3917 4152 3919 4153 3917 4152 3661 3819 3865 4047 3659 3817 3661 3819 3659 3817 3865 4047 3868 4050 3868 4050 3651 3809 3659 3817 3651 3809 3868 4050 3655 3813 3651 3809 3655 3813 3654 3812 3654 3812 3648 3806 3651 3809 3657 3814 3648 3806 3654 3812 3648 3806 3657 3814 3644 3799 3864 4035 3644 3799 3657 3814 3644 3799 3864 4035 3641 3796 3638 3792 3634 3788 3641 3796 3638 3792 3641 3796 3864 4035 3436 3795 3636 3789 3634 3788 3436 3795 3634 3788 3638 3792 4147 3536 3439 4040 4148 4043 3439 4040 4147 3536 3435 3535 68 1658 3360 4176 87 1612 3360 4176 3927 4177 87 1612 3922 4165 3921 4157 3927 4177 3922 4165 3927 4177 3360 4176 3433 4158 3922 4165 3441 4164 3922 4165 3433 4158 3921 4157 3440 4036 4149 4042 3438 4041 4149 4042 3440 4036 4150 4039 3645 3800 3635 3791 3637 3790 3635 3791 3645 3800 3633 3803 3633 3803 3642 3797 3635 3791 3642 3797 3633 3803 3640 4141 3640 4141 3628 3787 3642 3797 3642 3797 3628 3787 3643 3798 3643 3798 3646 3804 3649 3807 3646 3804 3643 3798 3628 3787 3649 3807 3647 3805 3650 3808 3647 3805 3649 3807 3646 3804 3650 3808 3662 3820 3658 3816 3662 3820 3650 3808 3647 3805 3660 3818 3658 3816 3662 3820 3660 3818 3662 3820 3663 3821 3426 4044 3660 3818 3663 3821 3660 3818 3426 4044 3428 4046 3426 4044 3928 4178 3428 4046 3428 4046 3928 4178 3425 3533 3425 3533 88 1615 73 932 3425 3533 3928 4178 88 1615 3616 3772 3612 3767 3614 3769 3612 3767 3616 3772 3613 3768 3620 3776 3613 3768 3616 3772 3613 3768 3620 3776 3617 3773 3620 3776 3624 3780 3617 3773 3624 3780 3622 3778 3617 3773 3624 3780 3627 3782 3622 3778 3627 3782 3624 3780 3630 3785 3629 3784 3627 3782 3630 3785 3627 3782 3629 3784 3344 3438 3632 4140 3344 3438 3629 3784 3344 3438 3632 4140 3345 3439 3348 3802 3341 3440 3345 3439 3348 3802 3345 3439 3632 4140 3347 3801 3346 3441 3348 3802 3346 3441 3341 3440 3348 3802 4152 3442 3355 4037 3349 3443 3355 4037 4152 3442 4151 4038 3354 4167 3357 4163 3925 4168 3925 4168 3357 4163 3924 4166 3923 4162 3924 4166 3926 4175 3924 4166 3923 4162 3925 4168 3993 4238 3963 4198 3992 4237 3963 4198 3993 4238 3964 4199 3966 4201 3993 4238 3994 4239 3993 4238 3966 4201 3964 4199 3963 4198 3995 4240 3992 4237 3995 4240 3963 4198 3969 4204 3969 4204 3971 4206 3995 4240 3995 4240 3971 4206 3996 4241 3996 4241 3973 4208 3997 4242 3973 4208 3996 4241 3971 4206 3997 4242 3975 4210 3998 4243 3975 4210 3997 4242 3973 4208 3977 4212 3998 4243 3975 4210 3998 4243 3977 4212 3999 4244 4000 4246 3979 4214 4001 4245 3979 4214 3981 4216 4001 4245 4001 4245 3966 4201 3994 4239 3966 4201 4001 4245 3981 4216 4005 4250 4003 4248 4004 4249 4003 4248 4005 4250 4002 4247 4009 4254 4007 4252 4008 4253 4007 4252 4009 4254 4006 4251 4002 4247 4010 4255 4003 4248 4010 4255 4002 4247 4011 4256 4014 4259 4012 4257 4013 4258 4012 4257 4014 4259 4015 4260 4017 4262 4356 4264 4016 4261 4356 4264 4017 4262 4357 4263 4018 4265 4019 4266 4017 4262 4018 4265 4017 4262 4016 4261 4019 4266 4020 4268 4021 4267 4020 4268 4019 4266 4018 4265 4023 4272 4025 4270 4022 4271 4025 4270 4023 4272 4024 4269 4029 4276 4027 4274 4028 4275 4027 4274 4029 4276 4026 4273 4031 4278 4028 4275 4030 4277 4028 4275 4031 4278 4029 4276 4032 4280 4031 4278 4030 4277 4031 4278 4032 4280 4033 4279 4035 4282 4032 4280 4034 4281 4032 4280 4035 4282 4033 4279 4038 4285 4037 4283 4036 4284 4037 4283 4038 4285 4039 4286 4038 4285 4040 4287 4039 4286 4039 4286 4040 4287 4041 4288 4042 4289 4043 4290 4041 4288 4041 4288 4040 4287 4042 4289 4044 4291 4045 4292 4043 4290 4044 4291 4043 4290 4042 4289 4026 4273 4044 4291 4027 4274 4044 4291 4026 4273 4045 4292 4028 4275 4046 4293 4047 4294 4046 4293 4028 4275 4027 4274 4055 4297 4056 4298 4054 4295 4055 4297 4054 4295 4053 4296 4025 4270 4009 4254 4008 4253 4009 4254 4025 4270 4024 4269 4010 4255 4011 4256 4013 4258 4010 4255 4013 4258 4012 4257 4046 4293 4070 4300 4069 4299 4070 4300 4046 4293 4027 4274 4070 4300 4055 4297 4069 4299 4055 4297 4070 4300 4056 4298 3977 4212 4000 4246 3999 4244 4000 4246 3977 4212 3979 4214 4036 4284 4037 4283 4034 4281 4037 4283 4035 4282 4034 4281 4021 4267 4380 4302 4379 4301 4380 4302 4021 4267 4020 4268 4327 3450 4323 4174 4324 4057 4324 4057 4329 4059 4327 3450 4072 4304 3417 3523 4071 4303 3417 3523 4072 4304 3418 3524 4006 4251 4004 4249 4007 4252 4004 4249 4006 4251 4005 4250 4059 3530 3909 4135 3421 3529 3909 4135 4059 3530 4058 4137 3421 3529 3910 4136 4074 4305 3910 4136 3421 3529 3909 4135 4076 4307 4071 4303 4075 4306 4071 4303 4076 4307 4072 4304 4073 4308 4030 4277 4047 4294 4030 4277 4028 4275 4047 4294 3382 3482 3381 3480 3421 3529 3382 3482 3421 3529 4074 4305 4077 4309 4078 4310 4076 4307 4077 4309 4076 4307 4075 4306 3377 3469 4078 4310 4077 4309 3370 3463 4079 4311 3374 3467 4079 4311 3370 3463 3377 3469 4077 4309 4079 4311 3377 3469 4079 4311 4077 4309 4080 4312 4077 4309 4081 4313 4080 4312 4081 4313 4077 4309 4075 4306 4080 4312 3374 3467 4079 4311 3374 3467 4080 4312 3911 4138 4080 4312 3412 3515 3911 4138 3412 3515 4080 4312 4081 4313 4075 4306 4082 4314 4081 4313 4082 4314 4075 4306 4071 4303 4081 4313 3388 3516 3412 3515 3388 3516 4081 4313 4082 4314 4071 4303 4083 4315 4082 4314 4083 4315 4071 4303 3417 3523 4082 4314 3689 3859 3388 3516 3689 3859 4082 4314 4083 4315 3417 3523 4084 4316 4083 4315 4084 4316 3417 3523 3420 3526 3688 3857 4083 4315 4084 4316 4083 4315 3688 3857 3689 3859 3687 3854 4084 4316 4085 4317 4084 4316 3687 3854 3688 3857 4085 4317 3420 3526 3683 3829 3420 3526 4085 4317 4084 4316 4085 4317 3678 3855 3687 3854 3678 3855 4085 4317 3677 4318 3683 3829 3677 4318 4085 4317 3677 4318 3683 3829 3668 3828 3948 4320 3937 4196 3945 4319 3937 4196 3948 4320 3950 4194 3940 4322 3945 4319 3939 4321 3945 4319 3937 4196 3939 4321 85 1745 3939 4321 74 1746 3939 4321 85 1745 3940 4322 3939 4321 3949 4323 74 1746 74 1746 3949 4323 75 1747 3937 4196 3949 4323 3939 4321 3949 4323 3937 4196 3938 4195 4090 4139 4091 4324 3319 3414 3319 3414 4091 4324 3378 3470 3378 3470 4091 4324 3407 4325 4091 4324 4090 4139 4089 3518 4091 4324 4089 3518 4092 4326 3407 4325 4092 4326 3406 4327 4092 4326 3407 4325 4091 4324 3406 4327 4092 4326 3946 4329 4092 4326 4093 4328 3946 4329 3947 4330 3950 4194 3948 4320 3950 4194 3947 4330 4094 4331 3951 3858 3950 4194 4094 4331 3951 3858 4094 4331 4088 3860 4093 4328 3947 4330 3946 4329 3947 4330 4093 4328 4094 4331 4087 3517 4094 4331 4093 4328 4094 4331 4087 3517 4088 3860 4089 3518 4093 4328 4092 4326 4093 4328 4089 3518 4087 3517 3951 3858 4086 3853 3938 4195 3938 4195 4086 3853 4095 4332 3949 4323 4095 4332 4096 4333 4095 4332 3949 4323 3938 4195 75 1747 3949 4323 4096 4333 75 1747 4096 4333 92 1759 3268 3856 4095 4332 4086 3853 4095 4332 3268 3856 3269 4334 4095 4332 3269 4334 4096 4333 4096 4333 3269 4334 3270 4335 92 1759 3270 4335 58 1762 3270 4335 92 1759 4096 4333 4004 4249 4057 3527 4058 4137 4057 3527 4004 4249 4003 4248 4007 4252 4058 4137 4059 3530 4058 4137 4007 4252 4004 4249 4008 4253 4059 3530 4060 3481 4059 3530 4008 4253 4007 4252 4068 3478 4025 4270 4008 4253 4068 3478 4008 4253 4060 3481 4025 4270 4068 3478 4022 4271 4067 3479 4022 4271 4068 3478 4379 4301 4378 3488 4066 3486 4379 4301 4066 3486 4021 4267 4021 4267 4066 3486 4065 3485 4021 4267 4065 3485 4019 4266 4065 3485 4017 4262 4019 4266 4017 4262 4065 3485 4064 3843 4064 3843 4357 4263 4017 4262 4357 4263 4064 3843 4358 3852 4015 4260 4063 3849 4012 4257 4062 3845 4012 4257 4063 3849 4010 4255 4062 3845 4061 3528 4062 3845 4010 4255 4012 4257 4003 4248 4061 3528 4057 3527 4061 3528 4003 4248 4010 4255 4047 4294 4002 4247 4005 4250 4002 4247 4047 4294 4046 4293 4006 4251 4073 4308 4005 4250 4073 4308 4047 4294 4005 4250 4024 4269 4381 4337 4009 4254 4381 4337 4024 4269 4048 4336 4049 4338 4024 4269 4023 4272 4024 4269 4049 4338 4048 4336 4049 4338 4382 4341 4050 4339 4050 4339 4397 4340 4049 4338 4050 4339 4018 4265 4051 4342 4018 4265 4050 4339 4020 4268 4051 4342 4018 4265 4016 4261 4051 4342 4016 4261 4052 4343 4016 4261 4355 4344 4052 4343 4355 4344 4016 4261 4356 4264 4013 4258 4053 4296 4014 4259 4053 4296 4013 4258 4055 4297 4011 4256 4069 4299 4055 4297 4011 4256 4055 4297 4013 4258 4069 4299 4002 4247 4046 4293 4002 4247 4069 4299 4011 4256 4397 4340 4048 4336 4049 4338 4048 4336 4397 4340 4396 4345 4051 4342 4036 4284 4050 4339 4036 4284 4051 4342 4038 4285 4052 4343 4038 4285 4051 4342 4038 4285 4052 4343 4040 4287 4042 4289 4040 4287 4054 4295 4054 4295 4040 4287 4354 4346 4056 4298 4042 4289 4054 4295 4042 4289 4056 4298 4044 4291 4027 4274 4056 4298 4070 4300 4056 4298 4027 4274 4044 4291 3993 4238 4026 4273 4029 4276 4026 4273 3993 4238 3992 4237 3994 4239 4029 4276 4031 4278 4029 4276 3994 4239 3993 4238 4033 4279 4001 4245 3994 4239 4033 4279 3994 4239 4031 4278 4035 4282 4000 4246 4033 4279 4000 4246 4001 4245 4033 4279 4037 4283 3999 4244 4035 4282 3999 4244 4000 4246 4035 4282 4037 4283 4039 4286 3999 4244 3999 4244 4039 4286 3998 4243 4039 4286 4041 4288 3998 4243 3998 4243 4041 4288 3997 4242 4043 4290 3996 4241 3997 4242 3997 4242 4041 4288 4043 4290 4045 4292 3996 4241 4043 4290 3996 4241 4045 4292 3995 4240 3992 4237 4045 4292 4026 4273 4045 4292 3992 4237 3995 4240 3982 4217 3965 4200 3983 4218 3965 4200 3982 4217 3962 4197 3983 4218 3967 4202 3984 4221 3967 4202 3983 4218 3965 4200 3984 4221 3980 4215 3985 4223 3980 4215 3984 4221 3967 4202 3978 4213 3986 4225 3985 4223 3978 4213 3985 4223 3980 4215 3986 4225 3976 4211 3987 4227 3976 4211 3986 4225 3978 4213 3987 4227 3974 4209 3988 4229 3974 4209 3987 4227 3976 4211 3974 4209 3989 4231 3988 4229 3989 4231 3974 4209 3972 4207 3989 4231 3970 4205 3990 4233 3970 4205 3989 4231 3972 4207 3968 4203 3991 4235 3990 4233 3968 4203 3990 4233 3970 4205 3991 4235 3962 4197 3982 4217 3962 4197 3991 4235 3968 4203 3932 4184 4097 4347 3936 4188 4097 4347 3932 4184 4098 4348 3936 4188 3309 3405 3308 3404 3309 3405 3936 4188 4097 4347 3932 4184 3931 4183 4098 4348 3931 4183 4099 4349 4098 4348 90 1617 4099 4349 3931 4183 93 1777 4099 4349 90 1617 4097 4347 4101 4351 3309 3405 4101 4351 4097 4347 4100 4350 3306 3400 3316 3403 3323 4353 3316 3403 3874 4352 3323 4353 3306 3400 3325 3973 3831 3972 3325 3973 3306 3400 3323 4353 4101 4351 3305 3399 3309 3405 3305 3399 4101 4351 3302 3396 4102 4354 4104 4355 3322 3970 3322 3970 4104 4355 3830 3971 3373 3468 3830 3971 4105 4356 3830 3971 4104 4355 4105 4356 3372 3465 4105 4356 4106 4357 4105 4356 3372 3465 3373 3468 4105 4356 4107 4358 4106 4357 4104 4355 4107 4358 4105 4356 4103 4359 4104 4355 4102 4354 4104 4355 4103 4359 4107 4358 4097 4347 4108 4360 4100 4350 4108 4360 4097 4347 4098 4348 3372 3465 4110 4361 3369 3462 4110 4361 3372 3465 4106 4357 4110 4361 4106 4357 4111 4362 4106 4357 4107 4358 4111 4362 4107 4358 4109 4363 4111 4362 4109 4363 4107 4358 4103 4359 3369 3462 4112 3461 3375 3460 4112 3461 3369 3462 4110 4361 4110 4361 4113 4364 4112 3461 4113 4364 4110 4361 4111 4362 4116 4365 3364 3458 4113 4364 3364 3458 4112 3461 4113 4364 4111 4362 4114 4366 4113 4364 4114 4366 4111 4362 4109 4363 4116 4365 4114 4366 4117 4367 4114 4366 4116 4365 4113 4364 4187 4371 4115 4369 4118 4370 4115 4369 4187 4371 4186 4368 4119 4372 93 1777 96 1801 93 1777 4119 4372 4099 4349 4118 4370 4099 4349 4119 4372 4099 4349 4118 4370 4115 4369 4373 3456 4372 4373 3363 3457 4372 4373 3361 3347 3363 3457 4372 4373 4120 3360 3361 3347 4120 3360 4372 4373 4371 4374 4188 3365 4369 4375 4121 3366 4369 4375 4188 3365 4370 4376 4121 3366 4368 4377 4122 3370 4368 4377 4121 3366 4369 4375 4108 4360 4098 4348 4115 4369 4098 4348 4099 4349 4115 4369 3591 3736 3469 3563 3470 3564 3469 3563 3591 3736 3590 3735 3592 3738 3591 3736 3803 3957 3803 3957 3591 3736 3470 3564 3593 3737 3592 3738 3802 3958 3802 3958 3592 3738 3803 3957 3805 3966 3593 3737 3804 3934 3804 3934 3593 3737 3802 3958 3806 3962 3805 3966 3774 3931 3774 3931 3805 3966 3804 3934 3806 3962 3771 3930 3807 3959 3771 3930 3806 3962 3774 3931 3807 3959 3799 4132 3829 4131 3799 4132 3807 3959 3771 3930 3821 4113 3799 4132 3822 4110 3799 4132 3821 4113 3829 4131 3822 4110 3725 4109 3726 4099 3726 4099 3821 4113 3822 4110 3720 3887 3725 4109 3722 3890 3725 4109 3720 3887 3726 4099 3719 3884 3722 3890 3721 3889 3722 3890 3719 3884 3720 3887 3906 4096 3721 3889 3907 4097 3721 3889 3906 4096 3719 3884 3731 3894 3907 4097 3885 3868 3907 4097 3731 3894 3906 4096 3708 3871 3884 3895 3885 3868 3884 3895 3731 3894 3885 3868 4198 4084 3708 3871 4200 4378 3708 3871 4198 4084 3884 3895 3715 3880 4161 4380 3716 3881 4161 4380 3715 3880 4162 4379 4163 4381 3715 3880 3444 4083 3715 3880 4163 4381 4162 4379 4164 4382 3444 4083 3442 4145 3444 4083 4164 4382 4163 4381 4165 4383 3442 4145 3430 4149 3442 4145 4165 4383 4164 4382 4166 4384 3430 4149 3431 4151 3430 4149 4166 4384 4165 4383 4167 4385 3431 4151 3432 4155 3431 4151 4167 4385 4166 4384 4168 4386 3432 4155 3433 4158 3432 4155 4168 4386 4167 4385 4169 4387 4168 4386 3441 4164 4168 4386 3433 4158 3441 4164 4170 4388 4169 4387 3357 4163 4169 4387 3441 4164 3357 4163 3354 4167 4171 4389 4170 4388 3354 4167 4170 4388 3357 4163 4172 4390 3354 4167 3353 4170 3354 4167 4172 4390 4171 4389 4173 4392 3353 4170 3883 4391 3353 4170 4173 4392 4172 4390 4174 4394 3883 4391 3882 4393 3883 4391 4174 4394 4173 4392 4175 4396 3882 4393 3331 4395 3882 4393 4175 4396 4174 4394 4176 4398 3331 4395 3326 4397 3331 4395 4176 4398 4175 4396 4177 4400 3326 4397 3324 4399 3326 4397 4177 4400 4176 4398 4179 4402 3874 4352 3316 3403 3874 4352 4179 4402 4178 4401 4180 4403 3316 3403 3303 3402 3316 3403 4180 4403 4179 4402 4180 4403 3301 3397 4181 4404 3301 3397 4180 4403 3303 3402 3302 3396 4182 4405 4181 4404 3302 3396 4181 4404 3301 3397 4101 4351 4183 4406 4182 4405 4101 4351 4182 4405 3302 3396 4184 4407 4183 4406 4100 4350 4100 4350 4183 4406 4101 4351 4100 4350 4185 4408 4184 4407 4185 4408 4100 4350 4108 4360 3467 3561 3556 3723 4220 4409 3556 3723 3467 3561 3469 3563 3469 3563 3590 3735 3572 3697 3469 3563 3572 3697 3581 3722 3581 3722 3556 3723 3469 3563 3466 3558 3467 3561 4220 4409 3466 3558 3462 3556 3467 3561 4108 4360 4186 4368 4185 4408 4186 4368 4108 4360 4115 4369 4332 4172 4334 4411 4315 4171 4334 4411 4332 4172 4335 4410 4315 4171 1748 1842 1742 1841 1748 1842 4315 4171 4334 4411 4332 4172 4336 4412 4335 4410 4336 4412 4332 4172 4322 4173 4336 4412 1743 1610 1749 1844 1743 1610 4336 4412 4322 4173 4334 4411 1750 1845 1748 1842 1750 1845 4334 4411 4335 4410 1750 1845 4335 4410 4336 4412 1750 1845 4336 4412 1749 1844 80 1565 3923 4162 3926 4175 80 1565 3926 4175 95 1846 95 1846 3360 4176 68 1658 3360 4176 95 1846 3926 4175 3376 3472 3380 3475 3382 3482 3376 3472 3382 3482 4078 4310 3382 3482 4076 4307 4078 4310 4076 4307 3382 3482 4074 4305 4074 4305 4072 4304 4076 4307 4072 4304 4074 4305 3910 4136 3910 4136 3418 3524 4072 4304 3418 3524 3910 4136 3413 3519 3413 3519 3419 3525 3418 3524 3419 3525 3413 3519 3416 3522 3416 3522 3684 3830 3419 3525 3684 3830 3416 3522 3682 3846 3682 3846 3667 3827 3684 3830 3667 3827 3682 3846 3686 3848 4361 3831 3679 3841 3669 3832 3679 3841 4361 3831 4360 3851 3671 3835 3679 3841 3673 3840 3679 3841 3671 3835 3669 3832 3387 3489 3368 3454 3671 3835 3387 3489 3671 3835 3673 3840 4376 3490 3368 3454 3387 3489 3368 3454 4376 3490 4375 3455 3380 3475 3366 3473 3384 3476 3366 3473 3380 3475 3376 3472 4249 4415 4207 4413 4250 4414 4207 4413 4249 4415 4208 4416 4248 4417 4208 4416 4249 4415 4208 4416 4248 4417 4213 4418 4210 4422 4247 4420 4246 4421 4247 4420 4210 4422 4209 4419 4211 4423 4246 4421 3549 3663 4246 4421 4211 4423 4210 4422 4212 4424 4218 3656 3548 3654 4218 3656 4212 4424 4219 4425 4250 4414 4212 4424 3548 3654 4212 4424 4250 4414 4207 4413 4122 3370 4368 4377 97 1860 97 1860 4368 4377 1809 1861 4123 3373 97 1860 94 790 97 1860 4123 3373 4122 3370 3520 4007 4124 3576 4125 3615 4124 3576 3520 4007 3479 3577 3520 4007 4125 3615 4126 3614 4126 3614 3519 4006 3520 4007 4127 3609 3519 4006 4126 3614 3519 4006 4127 3609 3514 4012 3574 3701 3449 3547 4231 3702 3449 3547 3574 3701 4128 3542 4128 3542 3452 3544 3449 3547 3452 3544 4128 3542 4129 3541 4129 3541 3455 3551 3452 3544 3455 3551 4129 3541 4130 3572 4130 3572 3456 3548 3455 3551 3456 3548 4130 3572 4131 3571 3574 3701 4132 4143 4128 3542 3521 4427 4239 3645 4238 4426 4239 3645 3521 4427 3523 3646 3522 3636 3523 3646 3521 4427 3523 3646 3522 3636 4133 3639 3448 3543 3523 3646 3498 3976 4205 3994 4204 3977 3832 3644 3832 3644 3538 3643 4205 3994 3498 3976 4133 3639 3832 3644 4133 3639 3498 3976 3523 3646 4131 3571 3477 3574 4138 4428 3477 3574 4134 3578 4138 4428 4134 3578 4139 4429 4138 4428 4139 4429 4134 3578 4135 3999 4135 3999 4140 4430 4139 4429 4140 4430 4135 3999 4136 4001 4140 4430 4137 4029 4141 4431 4137 4029 4140 4430 4136 4001 4137 4029 3857 4020 4141 4431 4141 4431 3857 4020 3863 4028 4131 3571 3481 3579 3456 3548 3481 3579 4131 3571 4138 4428 4138 4428 3839 4030 3481 3579 3839 4030 4138 4428 4139 4429 4140 4430 3839 4030 4139 4429 3839 4030 4140 4430 3841 4025 3841 4025 4141 4431 3862 4026 4141 4431 3841 4025 4140 4430 3862 4026 4141 4431 3863 4028 3513 3608 3514 4012 4127 3609 3514 4012 3513 3608 3826 3967 4142 3872 3712 3878 3711 3877 3712 3878 4142 3872 4143 3875 4143 3875 4144 4071 3447 4073 4143 3875 3447 4073 3712 3878 4144 4071 4145 3538 3446 3867 4144 4071 3446 3867 3447 4073 4145 3538 4146 3537 3437 3794 4145 3538 3437 3794 3446 3867 4146 3537 3436 3795 3437 3794 3436 3795 4146 3537 4147 3536 4147 3536 3636 3789 3436 3795 3636 3789 4147 3536 4148 4043 4148 4043 3637 3790 3636 3789 3637 3790 4148 4043 4149 4042 4149 4042 4150 4039 3637 3790 4150 4039 3645 3800 3637 3790 4151 4038 3645 3800 4150 4039 3645 3800 4151 4038 3347 3801 4152 3442 3347 3801 4151 4038 3347 3801 4152 3442 3346 3441 4153 3445 3346 3441 4152 3442 3346 3441 4153 3445 3340 3435 4154 3449 3340 3435 4153 3445 3340 3435 4154 3449 3337 3432 4154 3449 4155 3424 3337 3432 4155 3424 3328 3430 3337 3432 4156 3427 3328 3430 4155 3424 3328 3430 4156 3427 3334 3431 4156 3427 4157 3509 3334 3431 4157 3509 3410 3512 3334 3431 4157 3509 3409 3514 3410 3512 3409 3514 4157 3509 4158 3508 3315 3411 4159 3406 4160 3409 4159 3406 3315 3411 3313 3471 4160 3409 3317 3412 3315 3411 3317 3412 4160 3409 3310 3410 3710 3874 4161 4380 4162 4379 4161 4380 3710 3874 3709 3873 3445 4070 4162 4379 4163 4381 4162 4379 3445 4070 3710 3874 3443 3539 4163 4381 4164 4382 4163 4381 3443 3539 3445 4070 4165 4383 3434 3534 4164 4382 3434 3534 3443 3539 4164 4382 3434 3534 4166 4384 3435 3535 4166 4384 3434 3534 4165 4383 3435 3535 4167 4385 3439 4040 4167 4385 3435 3535 4166 4384 3438 4041 3439 4040 4168 4386 3439 4040 4167 4385 4168 4386 3438 4041 4169 4387 3440 4036 4169 4387 3438 4041 4168 4386 4170 4388 3355 4037 3440 4036 4170 4388 3440 4036 4169 4387 4171 4389 3349 3443 4170 4388 3349 3443 3355 4037 4170 4388 3356 3444 4171 4389 4172 4390 4171 4389 3356 3444 3349 3443 3336 3448 4172 4390 4173 4392 4172 4390 3336 3448 3356 3444 3327 3425 4173 4392 4174 4394 4173 4392 3327 3425 3336 3448 3330 3426 4174 4394 4175 4396 4174 4394 3330 3426 3327 3425 3332 3510 4175 4396 4176 4398 4175 4396 3332 3510 3330 3426 3333 3507 4176 4398 4177 4400 4176 4398 3333 3507 3332 3510 3312 3408 4178 4401 4179 4402 4178 4401 3312 3408 3314 3407 3312 3408 4180 4403 3310 3410 4180 4403 3312 3408 4179 4402 3311 3417 4180 4403 4181 4404 4180 4403 3311 3417 3310 3410 3311 3417 4182 4405 3322 3970 4182 4405 3311 3417 4181 4404 4183 4406 3322 3970 4182 4405 3322 3970 4183 4406 4102 4354 4103 4359 4183 4406 4184 4407 4183 4406 4103 4359 4102 4354 4103 4359 4185 4408 4109 4363 4185 4408 4103 4359 4184 4407 4186 4368 4109 4363 4185 4408 4109 4363 4186 4368 4114 4366 4187 4371 4117 4367 4186 4368 4117 4367 4114 4366 4186 4368 4371 4374 4188 3365 4120 3360 4188 3365 4371 4374 4370 4376 4120 3360 4188 3365 3271 3361 3271 3361 4188 3365 4189 3364 3272 3362 4189 3364 4190 3368 4189 3364 3272 3362 3271 3361 4191 3299 3272 3362 4190 3368 3272 3362 4191 3299 3219 3292 4192 3296 3219 3292 4191 3299 3219 3292 4192 3296 3220 3293 4193 3298 3220 3293 4192 3296 3220 3293 4193 3298 3222 3287 3199 3285 3222 3287 4194 3270 4193 3298 4194 3270 3222 3287 3196 3286 3199 3285 4195 3268 4194 3270 4195 3268 3199 3285 4195 3268 4196 3267 3196 3286 4196 3267 3193 3260 3196 3286 4196 3267 4197 3272 3193 3260 4197 3272 3191 3259 3193 3260 3184 3247 3191 3259 4197 3272 3709 3873 4199 4085 4198 4084 4199 4085 3709 3873 4142 3872 3709 3873 4200 4378 4161 4380 4200 4378 3709 3873 4198 4084 3711 3877 4199 4085 4142 3872 4199 4085 3711 3877 3732 3892 4200 4378 3716 3881 4161 4380 3716 3881 4200 4378 3708 3871 3499 3986 4275 4432 4282 4433 4275 4432 3499 3986 3500 3988 3499 3986 4282 4433 4243 3987 4243 3987 4282 4433 4281 4434 4280 4435 3833 3979 3501 3978 3833 3979 4280 4435 4279 4436 3833 3979 4278 4437 4311 3995 4278 4437 3833 3979 4279 4436 4277 4439 4310 3990 4307 3989 4310 3990 4277 4439 4276 4438 4310 3990 4275 4432 3500 3988 4275 4432 4310 3990 4276 4438 4208 4416 3541 3676 4207 4413 3541 3676 4208 4416 3556 3723 4213 4418 3556 3723 4208 4416 3556 3723 4213 4418 4220 4409 4209 4419 4210 4422 3464 3559 3464 3559 3466 3558 4209 4419 4210 4422 4211 4423 3465 3560 3465 3560 3464 3559 4210 4422 4212 4424 3539 3647 4219 4425 4233 3674 4219 4425 3539 3647 3541 3676 3539 3647 4212 4424 3541 3676 4212 4424 4207 4413 4248 4417 4247 4420 4213 4418 4247 4420 4209 4419 4213 4418 4287 3672 4214 3670 4283 3665 4214 3670 4287 3672 3555 3671 4288 3673 4283 3665 4284 3668 4283 3665 4288 3673 4287 3672 4215 3658 3551 3660 3552 3659 3551 3660 4215 3658 4216 3657 4217 3655 3551 3660 4216 3657 3551 3660 4217 3655 3550 3661 4218 3656 3550 3661 4217 3655 3550 3661 4218 3656 3549 3663 4218 3656 4211 4423 3549 3663 4211 4423 4218 3656 4219 4425 4209 4419 4220 4409 4213 4418 4220 4409 4209 4419 3466 3558 3581 3722 4221 3717 3580 3719 4383 3720 4221 3717 4384 3718 4221 3717 4383 3720 3580 3719 4293 3716 4289 3711 4290 3714 4289 3711 4293 3716 4294 3715 3579 3707 4222 3721 3570 3708 4222 3721 4223 3694 3570 3708 4223 3694 4224 3693 3570 3708 4224 3693 3561 3709 3570 3708 4257 3695 3559 3678 4258 3679 3559 3678 4257 3695 4225 3681 4387 3760 4386 3739 3588 3734 4387 3760 3588 3734 4226 3732 4300 4441 4295 3743 4296 3746 4295 3743 4300 4441 4299 4440 4227 3755 4300 4441 4296 3746 4300 4441 4227 3755 3595 3756 4227 3755 3600 3757 3595 3756 3600 3757 4227 3755 4228 3752 4228 3752 4229 3753 3600 3757 3600 3757 4229 3753 3599 3758 4262 3974 4261 3754 3575 3704 4261 3754 4230 3699 3575 3704 4230 3699 4231 3702 3573 3705 4230 3699 3573 3705 3575 3704 3573 3705 4231 3702 3449 3547 4232 3684 3559 3678 4225 3681 3559 3678 4232 3684 3540 3648 3450 3546 3540 3648 4232 3684 4233 3674 4211 4423 4219 4425 4211 4423 4233 3674 3465 3560 3459 3553 3465 3560 4233 3674 4305 4442 4269 3641 4301 3632 4269 3641 4305 4442 4270 4443 4306 4444 4301 3632 4302 3635 4301 3632 4306 4444 4305 4442 4235 3623 3529 3626 3527 3625 3529 3626 4235 3623 4236 3622 4237 3624 3529 3626 4236 3622 3529 3626 4237 3624 3530 3627 4272 3629 4237 3624 4273 3631 4237 3624 4272 3629 3530 3627 4238 4426 4239 3645 4132 4143 4238 4426 4132 4143 3534 4142 4128 3542 4132 4143 4239 3645 4311 3995 4277 4439 4307 3989 4277 4439 4311 3995 4278 4437 4312 3996 4307 3989 4308 3992 4307 3989 4312 3996 4311 3995 4241 3985 4312 3996 4308 3992 4312 3996 4241 3985 3834 3980 4241 3985 3835 3981 3834 3980 3835 3981 4241 3985 4242 3984 4242 3984 4243 3987 3835 3981 3835 3981 4243 3987 3501 3978 4281 4434 3501 3978 4243 3987 3501 3978 4281 4434 4280 4435 4244 3596 3498 3976 4203 3975 3498 3976 4244 3596 4245 3595 3498 3976 4245 3595 3448 3543 3554 3664 3549 3663 4246 4421 4246 4421 3555 3671 3554 3664 3555 3671 4246 4421 4247 4420 3555 3671 4248 4417 4214 3670 4248 4417 3555 3671 4247 4420 3544 3669 4248 4417 4249 4415 4248 4417 3544 3669 4214 3670 3544 3669 4250 4414 3542 3653 4250 4414 3544 3669 4249 4415 3548 3654 3542 3653 4250 4414 3560 3710 4251 3680 4252 4445 3560 3710 4252 4445 4294 3715 4294 3715 4253 4446 4289 3711 4253 4446 4294 3715 4252 4445 4292 3712 4253 4446 4254 4447 4253 4446 4292 3712 4289 3711 3566 3692 4255 3688 4256 3687 4255 3688 3566 3692 3567 3691 4224 3693 4256 3687 4257 3695 4256 3687 4224 3693 3566 3692 4224 3693 4258 3679 3561 3709 4258 3679 4224 3693 4257 3695 3561 3709 4251 3680 3560 3710 4251 3680 3561 3709 4258 3679 3597 3750 4259 4448 4260 3749 4259 4448 3597 3750 3587 3748 4260 3749 4229 3753 3597 3750 4229 3753 4260 3749 4261 3754 4229 3753 4262 3974 3599 3758 4262 3974 4229 3753 4261 3754 3599 3758 4263 3741 3594 3759 4263 3741 3599 3758 4262 3974 4299 4440 4265 4449 4295 3743 4265 4449 4299 4440 4264 3740 4298 3744 4265 4449 4266 4450 4265 4449 4298 3744 4295 3743 4267 3619 4392 4452 4391 4451 4392 4452 4267 3619 4268 3640 4268 3640 4393 4453 4392 4452 4393 4453 4268 3640 4269 3641 4269 3641 4394 4454 4393 4453 4394 4454 4269 3641 4270 4443 4395 4455 4394 4454 4271 3630 4271 3630 4394 4454 4270 4443 4272 3629 4395 4455 4271 3630 4273 3631 3534 4142 4272 3629 3534 4142 4273 3631 4238 4426 4273 3631 4274 3616 4238 4426 4274 3616 3521 4427 4238 4426 4274 3616 4267 3619 4391 4451 4276 4438 4201 3593 4275 4432 4201 3593 4276 4438 4206 3997 4240 3993 4276 4438 4277 4439 4276 4438 4240 3993 4206 3997 4205 3994 4277 4439 4278 4437 4277 4439 4205 3994 4240 3993 4204 3977 4278 4437 4279 4436 4278 4437 4204 3977 4205 3994 4203 3975 4279 4436 4280 4435 4279 4436 4203 3975 4204 3977 4280 4435 4281 4434 4203 3975 4281 4434 4244 3596 4203 3975 4281 4434 4282 4433 4244 3596 4282 4433 4202 3594 4244 3596 4282 4433 4201 3593 4202 3594 4201 3593 4282 4433 4275 4432 4285 3667 4215 3658 4284 3668 4215 3658 4285 3667 3547 3652 4285 3667 3543 3649 3547 3652 3543 3649 4285 3667 4286 3666 3543 3649 3544 3669 3542 3653 3544 3669 3543 3649 4286 3666 4288 3673 4284 3668 4215 3658 4215 3658 3552 3659 4288 3673 4291 3713 4222 3721 4290 3714 4222 3721 4291 3713 3569 3690 4293 3716 4290 3714 4222 3721 4222 3721 3579 3707 4293 3716 4255 3688 3567 3691 4254 4447 4254 4447 3567 3691 4292 3712 3594 3759 4300 4441 3595 3756 4300 4441 3594 3759 4299 4440 4264 3740 4299 4440 3594 3759 3594 3759 4263 3741 4264 3740 3587 3748 4266 4450 4259 4448 4266 4450 3587 3748 4298 3744 4303 3634 4235 3623 4302 3635 4235 3623 4303 3634 3526 3620 3526 3620 4304 3633 3524 3618 4304 3633 3526 3620 4303 3634 3524 3618 4268 3640 4267 3619 4268 3640 3524 3618 4304 3633 4271 3630 4270 4443 3531 3628 3531 3628 4270 4443 4305 4442 3531 3628 4306 4444 3527 3625 4306 4444 3531 3628 4305 4442 4306 4444 4302 3635 4235 3623 4235 3623 3527 3625 4306 4444 4310 3990 3836 3982 4309 3991 3836 3982 4310 3990 3500 3988 4319 4457 3874 4352 4318 4456 3874 4352 4319 4457 3323 4353 3326 4397 4313 3420 3324 4399 4313 3420 3326 4397 4320 3421 3326 4397 4321 3422 4320 3421 4321 3422 3326 4397 3331 4395 1745 847 3359 4161 67 1564 3359 4161 1745 847 4326 3451 3331 4395 4328 4056 4321 3422 4328 4056 3331 4395 3882 4393 3882 4393 4330 4058 4328 4056 4330 4058 3882 4393 3883 4391 4331 4160 3358 4169 4325 4159 3358 4169 4331 4160 3353 4170 3883 4391 4331 4160 4330 4058 4331 4160 3883 4391 3353 4170 4326 3451 4325 4159 3358 4169 4326 3451 3358 4169 3359 4161 66 1374 3325 3973 1747 1894 3325 3973 4333 4458 1747 1894 3323 4353 4333 4458 3325 3973 4333 4458 3323 4353 4319 4457 1775 1897 3940 4322 85 1745 3940 4322 1775 1897 4337 4459 4352 4460 3940 4322 4337 4459 3940 4322 4352 4460 3945 4319 3945 4319 4352 4460 4338 4461 4338 4461 3948 4320 3945 4319 4351 4462 3948 4320 4338 4461 3948 4320 4351 4462 3947 4330 3946 4329 4351 4462 4339 4463 4351 4462 3946 4329 3947 4330 3406 4327 4339 4463 4340 4464 4339 4463 3406 4327 3946 4329 4350 4465 3407 4325 3406 4327 4350 4465 3406 4327 4340 4464 4349 4466 3407 4325 4350 4465 3407 4325 4349 4466 3378 3470 4348 4467 3313 3471 3378 3470 4348 4467 3378 3470 4349 4466 4347 4468 4159 3406 3313 3471 4347 4468 3313 3471 4348 4467 4341 4469 3314 3407 4159 3406 4341 4469 4159 3406 4347 4468 4178 4401 4341 4469 4346 4470 4341 4469 4178 4401 3314 3407 4178 4401 4342 4471 3874 4352 4342 4471 4178 4401 4346 4470 4318 4456 4342 4471 4343 4472 4342 4471 4318 4456 3874 4352 4318 4456 4345 4473 4319 4457 4345 4473 4318 4456 4343 4472 4319 4457 4344 4474 4333 4458 4344 4474 4319 4457 4345 4473 4333 4458 1784 1913 1747 1894 1784 1913 4333 4458 4344 4474 4344 4474 1742 1841 1784 1913 1742 1841 4344 4474 4315 4171 4344 4474 4314 3419 4315 4171 4314 3419 4344 4474 4345 4473 4345 4473 4343 4472 4313 3420 4345 4473 4313 3420 4314 3419 4343 4472 3324 4399 4313 3420 3324 4399 4343 4472 4342 4471 4346 4470 4177 4400 4342 4471 4342 4471 4177 4400 3324 4399 4341 4469 3333 3507 4346 4470 4346 4470 3333 3507 4177 4400 3333 3507 4347 4468 4158 3508 4347 4468 3333 3507 4341 4469 4158 3508 4348 4467 3409 3514 4348 4467 4158 3508 4347 4468 3409 3514 4348 4467 4349 4466 3409 3514 4349 4466 3408 3513 3408 3513 4349 4466 4350 4465 3408 3513 4350 4465 3402 3504 3402 3504 4350 4465 4340 4464 3402 3504 4340 4464 3403 3505 3403 3505 4339 4463 3942 4191 4339 4463 3403 3505 4340 4464 3942 4191 4351 4462 3944 4193 4351 4462 3942 4191 4339 4463 3944 4193 4338 4461 3943 4192 4338 4461 3944 4193 4351 4462 3943 4192 4352 4460 3941 4189 4352 4460 3943 4192 4338 4461 3941 4189 4337 4459 3405 4190 4337 4459 3941 4189 4352 4460 4337 4459 86 1613 3405 4190 86 1613 4337 4459 1775 1897 4090 4139 3319 3414 3318 3413 4090 4139 3318 3413 4353 3466 4040 4287 4052 4343 4354 4346 4052 4343 4355 4344 4354 4346 4053 4296 4354 4346 4355 4344 4354 4346 4053 4296 4054 4295 4014 4259 4355 4344 4356 4264 4355 4344 4014 4259 4053 4296 4014 4259 4357 4263 4015 4260 4357 4263 4014 4259 4356 4264 4063 3849 4357 4263 4358 3852 4357 4263 4063 3849 4015 4260 4063 3849 4359 3850 3685 3847 4359 3850 4063 3849 4358 3852 3685 3847 4360 3851 3686 3848 4360 3851 3685 3847 4359 3850 3686 3848 4361 3831 3667 3827 4361 3831 3686 3848 4360 3851 3667 3827 4362 3834 3668 3828 4362 3834 3667 3827 4361 3831 3677 4318 4362 3834 4363 3839 4362 3834 3677 4318 3668 3828 4363 3839 3678 3855 3677 4318 3678 3855 4363 3839 4364 3358 4364 3358 3268 3856 3678 3855 3268 3856 4364 3358 4365 3357 3269 4334 4365 3357 4366 3356 4365 3357 3269 4334 3268 3856 3269 4334 4366 3356 3270 4335 3270 4335 4366 3356 4367 3359 3270 4335 4367 3359 58 1762 58 1762 4367 3359 1808 746 1809 1861 4368 4377 96 1801 4368 4377 4119 4372 96 1801 4369 4375 4119 4372 4368 4377 4119 4372 4369 4375 4118 4370 4370 4376 4118 4370 4369 4375 4118 4370 4370 4376 4187 4371 4370 4376 4371 4374 4187 4371 4371 4374 4117 4367 4187 4371 4372 4373 4117 4367 4371 4374 4117 4367 4372 4373 4116 4365 4373 3456 4116 4365 4372 4373 4116 4365 4373 3456 3364 3458 4373 3456 3365 3459 3364 3458 3365 3459 4373 3456 4374 3452 4374 3452 4375 3455 3366 3473 4374 3452 3366 3473 3365 3459 4376 3490 3366 3473 4375 3455 3366 3473 4376 3490 3384 3476 4376 3490 4377 3487 3384 3476 4377 3487 3383 3477 3384 3476 4378 3488 3383 3477 4377 3487 3383 3477 4378 3488 4067 3479 4022 4271 4067 3479 4379 4301 4378 3488 4379 4301 4067 3479 4380 4302 4022 4271 4379 4301 4022 4271 4380 4302 4023 4272 4073 4308 4048 4336 4396 4345 4048 4336 4073 4308 4381 4337 4381 4337 4006 4251 4009 4254 4006 4251 4381 4337 4073 4308 4382 4341 4023 4272 4380 4302 4023 4272 4382 4341 4049 4338 4382 4341 4380 4302 4020 4268 4382 4341 4020 4268 4050 4339 4251 3680 4383 3720 4252 4445 4252 4445 4384 3718 4253 4446 4384 3718 4252 4445 4383 3720 4253 4446 4385 3698 4254 4447 4385 3698 4253 4446 4384 3718 4255 3688 4254 4447 4385 3698 4264 3740 4387 3760 4265 4449 4387 3760 4264 3740 4386 3739 4266 4450 4387 3760 4388 3731 4387 3760 4266 4450 4265 4449 4259 4448 4388 3731 4389 3730 4388 3731 4259 4448 4266 4450 4260 3749 4259 4448 4389 3730 3578 3703 4386 3739 4390 3742 4386 3739 3578 3703 3588 3734 3575 3704 4390 3742 4262 3974 4390 3742 3575 3704 3578 3703 4391 4451 3521 4427 4274 3616 3521 4427 4391 4451 3522 3636 4392 4452 3522 3636 4391 4451 3522 3636 4392 4452 3535 3637 4392 4452 4234 3642 3535 3637 4234 3642 4392 4452 4393 4453 4393 4453 3533 3761 4234 3642 3533 3761 4393 4453 4394 4454 3532 3762 4394 4454 4395 4455 4394 4454 3532 3762 3533 3761 3534 4142 4395 4455 4272 3629 4395 4455 3534 4142 3532 3762 3533 3761 3537 3726 4234 3642 3536 3638 4234 3642 3537 3726 3503 3597 4206 3997 4240 3993 3588 3734 3589 3733 4226 3732 4226 3732 3589 3733 3583 3725 3632 4140 3629 3784 3640 4141 3640 4141 3629 3784 3628 3787 4032 4280 4030 4277 4396 4345 4396 4345 4030 4277 4073 4308 4397 4340 4034 4281 4396 4345 4034 4281 4032 4280 4396 4345 4050 4339 4036 4284 4397 4340 4036 4284 4034 4281 4397 4340 4078 4310 3377 3469 3376 3472 3377 3469 3375 3460 3376 3472 4398 3213 3148 3211 4399 3219 3148 3211 3149 3210 4399 3219 3032 3098 3035 3104 3030 3096 3035 3104 3032 3098 3036 3218 3036 3218 3149 3210 3035 3104 3149 3210 3036 3218 4399 3219 3202 3335 3203 3277 4400 3273 3203 3277 3202 3335 3204 3279 3195 3265 3093 3158 4400 3273 4400 3273 3093 3158 3202 3335 3182 3248 4401 3264 3167 3235 4401 3264 3182 3248 3195 3265 3167 3235 4401 3264 3180 3232 3180 3232 3163 3228 3167 3235 4403 3208 3104 3171 3145 3206 3104 3171 4403 3208 4402 3212 3137 3240 4402 3212 4403 3208 3137 3240 3173 3152 4402 3212 3138 3202 4403 3208 3142 3203 4403 3208 3138 3202 3137 3240 4405 3237 3138 3202 3140 3201 3138 3202 4405 3237 3139 3241 3139 3241 4405 3237 3170 3238 3139 3241 3170 3238 3171 3245 3140 3201 4404 3215 4405 3237 3140 3201 3148 3211 4404 3215 3140 3201 3147 3209 3148 3211 3053 3075 3055 3092 3056 3164 4407 2899 2851 2905 4408 2890 2851 2905 4407 2899 2850 2892 4406 2893 2763 2783 2853 2894 2763 2783 4406 2893 2852 2898 4406 2893 4407 2899 2852 2898 4407 2899 4406 2893 2850 2892 2850 2892 2849 2889 2813 2838 2850 2892 2813 2838 2851 2905 1853 738 2983 3042 40 740 2983 3042 1853 738 4410 3040 4410 3040 4411 3039 2983 3042 4411 3039 2982 3043 2983 3042 4411 3039 4412 3038 2982 3043 4412 3038 2981 3049 2982 3043 4413 3006 2981 3049 4412 3038 2981 3049 4413 3006 2977 3058 4413 3006 4414 3005 2947 3015 4413 3006 2947 3015 2977 3058 2952 3013 4414 3005 4415 3009 4414 3005 2952 3013 2947 3015 2952 3013 4415 3009 2953 3012 4416 3011 2953 3012 4415 3009 2953 3012 4416 3011 4417 2873 2954 2876 4418 2868 2838 2871 4418 2868 2954 2876 4417 2873 2838 2871 4418 2868 4419 2867 4419 2867 2837 2872 2838 2871 4420 2851 2837 2872 4419 2867 2837 2872 4420 2851 2821 2846 2821 2846 4421 2850 2822 2847 4420 2851 4421 2850 2821 2846 2822 2847 4422 2830 2807 2834 4421 2850 4422 2830 2822 2847 4422 2830 4423 2833 2807 2834 2806 2829 2807 2834 4423 2833 4423 2833 1852 179 2806 2829 28 172 2806 2829 1852 179 5214 4475 6 432 2648 1915 6 432 5214 4475 2990 3068 5214 4475 2989 3333 2990 3068 2989 3333 5214 4475 5213 4476 5213 4476 2988 3334 2989 3333 2988 3334 5213 4476 5212 4477 5212 4477 2995 2928 2988 3334 2995 2928 5212 4477 5211 4478 2995 2928 5211 4478 2873 2919 2873 2919 5211 4478 5210 4479 2872 2918 5210 4479 5209 4480 5210 4479 2872 2918 2873 2919 5208 4481 2875 2910 5209 4480 2875 2910 2872 2918 5209 4480 2877 2908 5208 4481 5207 4482 5208 4481 2877 2908 2875 2910 5207 4482 2842 2884 2877 2908 2842 2884 5207 4482 5206 4483 2841 2882 2842 2884 5205 4484 2842 2884 5206 4483 5205 4484 5204 4485 2820 2878 2841 2882 2841 2882 5205 4484 5204 4485 2817 2879 2820 2878 5203 4486 2820 2878 5204 4485 5203 4486 5203 4486 5202 4487 2817 2879 2802 2823 2817 2879 5202 4487 5202 4487 5201 4488 2802 2823 2803 2824 2802 2823 5201 4488 26 168 5201 4488 2633 1929 5201 4488 26 168 2803 2824 4459 4490 4462 4492 4460 4489 4462 4492 4459 4490 4461 4491 4464 4494 4460 4489 4462 4492 4460 4489 4464 4494 4463 4493 4462 4492 4461 4491 4466 4496 4461 4491 4465 4495 4466 4496 4464 4494 4462 4492 4467 4497 4462 4492 4466 4496 4467 4497 4469 4499 4464 4494 4467 4497 4467 4497 4468 4498 4469 4499 4469 4499 4470 4500 4464 4494 4470 4500 4463 4493 4464 4494 4448 4504 4450 4502 4447 4503 4450 4502 4448 4504 4449 4501 4458 4506 4449 4501 4455 4505 4449 4501 4458 4506 4450 4502 4447 4503 4452 4507 4451 4508 4452 4507 4447 4503 4450 4502 4452 4507 4962 4509 4451 4508 4962 4509 4452 4507 5177 4510 4453 4511 4450 4502 4458 4506 4450 4502 4453 4511 4452 4507 4456 4512 4453 4511 4458 4506 4453 4511 4456 4512 4454 4513 5178 4514 4452 4507 4453 4511 4452 4507 5178 4514 5177 4510 4954 4515 5177 4510 5178 4514 5177 4510 4954 4515 4967 4516 4454 4513 5178 4514 4453 4511 5178 4514 4454 4513 4950 4517 4456 4512 4458 4506 4457 4518 4457 4518 4458 4506 4455 4505 4448 4504 4460 4489 4449 4501 4460 4489 4448 4504 4459 4490 4461 4491 4459 4490 4448 4504 4461 4491 4448 4504 4447 4503 4449 4501 4463 4493 4455 4505 4463 4493 4449 4501 4460 4489 4465 4495 4461 4491 4447 4503 4447 4503 4451 4508 4465 4495 4456 4512 4468 4498 4454 4513 4468 4498 4456 4512 4469 4499 4457 4518 4455 4505 4463 4493 4457 4518 4463 4493 4470 4500 4457 4518 4469 4499 4456 4512 4469 4499 4457 4518 4470 4500 4497 4520 4496 4521 4488 4519 4487 4522 4488 4519 4496 4521 4488 4519 4498 4524 4497 4520 4498 4524 4488 4519 4489 4523 4499 4526 4498 4524 4489 4523 4489 4523 4490 4525 4499 4526 4471 4530 4474 4528 4475 4529 4474 4528 4471 4530 4472 4527 4481 4532 4472 4527 4473 4531 4472 4527 4481 4532 4474 4528 4476 4534 4481 4532 4478 4533 4481 4532 4476 4534 4474 4528 4477 4535 4474 4528 4476 4534 4474 4528 4477 4535 4475 4529 4486 4537 4476 4534 4480 4536 4476 4534 4486 4537 4477 4535 4479 4538 4480 4536 4478 4533 4480 4536 4476 4534 4478 4533 4502 4540 4481 4532 4495 4539 4481 4532 4473 4531 4495 4539 4478 4533 4502 4540 4501 4541 4502 4540 4478 4533 4481 4532 4500 4542 4479 4538 4478 4533 4478 4533 4501 4541 4500 4542 4482 4544 4491 4546 4483 4543 4491 4546 4482 4544 4492 4545 4487 4522 4496 4521 4495 4539 4495 4539 4473 4531 4487 4522 4493 4548 4485 4547 4491 4546 4485 4547 4483 4543 4491 4546 4500 4542 4490 4525 4479 4538 4490 4525 4500 4542 4499 4526 4493 4548 4494 4550 4484 4549 4484 4549 4485 4547 4493 4548 4496 4521 4492 4545 4482 4544 4496 4521 4482 4544 4495 4539 4491 4546 4492 4545 4497 4520 4497 4520 4492 4545 4496 4521 4498 4524 4491 4546 4497 4520 4491 4546 4498 4524 4493 4548 4494 4550 4498 4524 4499 4526 4498 4524 4494 4550 4493 4548 4484 4549 4499 4526 4500 4542 4499 4526 4484 4549 4494 4550 4484 4549 4500 4542 4501 4541 4501 4541 4485 4547 4484 4549 4501 4541 4483 4543 4485 4547 4483 4543 4501 4541 4502 4540 4502 4540 4482 4544 4483 4543 4482 4544 4502 4540 4495 4539 4528 4552 4530 4554 4527 4551 4530 4554 4528 4552 4529 4553 4532 4556 4533 4557 4531 4555 4531 4555 4533 4557 4534 4558 4531 4555 4529 4553 4528 4552 4529 4553 4531 4555 4534 4558 4525 4559 4524 4560 4528 4552 4528 4552 4524 4560 4531 4555 4525 4559 4527 4551 4526 4561 4527 4551 4525 4559 4528 4552 4524 4560 4532 4556 4531 4555 4532 4556 4524 4560 4523 4562 4516 4564 4505 4566 4504 4563 4505 4566 4516 4564 4517 4565 4517 4565 4510 4568 4505 4566 4510 4568 4517 4565 4518 4567 4512 4569 4518 4567 4517 4565 4518 4567 4512 4569 4511 4570 4513 4571 4517 4565 4516 4564 4517 4565 4513 4571 4512 4569 4513 4571 4515 4573 4514 4572 4515 4573 4513 4571 4516 4564 4506 4575 4520 4577 4519 4574 4520 4577 4506 4575 4507 4576 4509 4580 4521 4578 4508 4579 4521 4578 4509 4580 4522 4581 4507 4576 4521 4578 4520 4577 4521 4578 4507 4576 4508 4579 4521 4578 4512 4569 4520 4577 4520 4577 4512 4569 4513 4571 4516 4564 4503 4582 4515 4573 4503 4582 4516 4564 4504 4563 4519 4574 4513 4571 4514 4572 4513 4571 4519 4574 4520 4577 4511 4570 4521 4578 4522 4581 4521 4578 4511 4570 4512 4569 4506 4575 4529 4553 4507 4576 4529 4553 4506 4575 4530 4554 4519 4574 4530 4554 4506 4575 4530 4554 4519 4574 4527 4551 4532 4556 4509 4580 4533 4557 4509 4580 4532 4556 4522 4581 4533 4557 4509 4580 4534 4558 4509 4580 4508 4579 4534 4558 4507 4576 4529 4553 4508 4579 4508 4579 4529 4553 4534 4558 4526 4561 4519 4574 4514 4572 4527 4551 4519 4574 4526 4561 4522 4581 4523 4562 4511 4570 4523 4562 4522 4581 4532 4556 4537 4585 5107 4583 4536 4584 5107 4583 4537 4585 5108 4586 4540 4588 4525 4559 4539 4587 4525 4559 4540 4588 4524 4560 5107 4583 4503 4582 4536 4584 4503 4582 5107 4583 4515 4573 4542 4589 4503 4582 4504 4563 4503 4582 4542 4589 4536 4584 4505 4566 4542 4589 4504 4563 4542 4589 4505 4566 4543 4590 4543 4590 4510 4568 4544 4591 4510 4568 4543 4590 4505 4566 4544 4591 4545 4592 4543 4590 4546 4593 4543 4590 4545 4592 4545 4592 4548 4594 4547 4595 4548 4594 4545 4592 4544 4591 5112 4596 4548 4594 4544 4591 4548 4594 5112 4596 5111 4597 4518 4567 5112 4596 4510 4568 4510 4568 5112 4596 4544 4591 4541 4600 4540 4588 4550 4598 4541 4600 4550 4598 4549 4599 4540 4588 4539 4587 4550 4598 4539 4587 4551 4601 4550 4598 4553 4605 4552 4602 5109 4604 4552 4602 5110 4603 5109 4604 5111 4597 4552 4602 4548 4594 4552 4602 5111 4597 5110 4603 4553 4605 5108 4586 4537 4585 5108 4586 4553 4605 5109 4604 4535 4606 4551 4601 4539 4587 4551 4601 4535 4606 4538 4607 4554 4608 4553 4605 4537 4585 4553 4605 4554 4608 4555 4609 4556 4610 4555 4609 4554 4608 4555 4609 4556 4610 4557 4611 4556 4610 4559 4613 4558 4612 4559 4613 4556 4610 4554 4608 4560 4614 4553 4605 4555 4609 4553 4605 4560 4614 4552 4602 4554 4608 4536 4584 4559 4613 4536 4584 4554 4608 4537 4585 4560 4614 4547 4595 4548 4594 4560 4614 4548 4594 4552 4602 4564 4618 4562 4616 4563 4617 4562 4616 4564 4618 4561 4615 4565 4619 4567 4621 4563 4617 4567 4621 4565 4619 4566 4620 4568 4622 4566 4620 4565 4619 4568 4622 4569 4623 4566 4620 4570 4624 4567 4621 4566 4620 4567 4621 4570 4624 4571 4625 4563 4617 4572 4626 4564 4618 4572 4626 4563 4617 4567 4621 4573 4627 4575 4629 4572 4626 4575 4629 4573 4627 4574 4628 4574 4628 4573 4627 4576 4630 4574 4628 4576 4630 4577 4631 4574 4628 5007 4633 4575 4629 5007 4633 4574 4628 5006 4632 4578 4634 4572 4626 4575 4629 4572 4626 4578 4634 4564 4618 4578 4634 4561 4615 4564 4618 4561 4615 4578 4634 4579 4635 4580 4636 4578 4634 4575 4629 4580 4636 4575 4629 5007 4633 4581 4637 4582 4638 5006 4632 5006 4632 4574 4628 4581 4637 4583 4639 4611 4640 4582 4638 4583 4639 4582 4638 4581 4637 4610 4642 4583 4639 4584 4641 4583 4639 4610 4642 4611 4640 4577 4631 4585 4643 4574 4628 4581 4637 4574 4628 4585 4643 4576 4630 4586 4645 4577 4631 4586 4645 4576 4630 4587 4644 4571 4625 4576 4630 4573 4627 4576 4630 4571 4625 4588 4646 4570 4624 4588 4646 4571 4625 4588 4646 4570 4624 4589 4647 4588 4646 4587 4644 4576 4630 4587 4644 4588 4646 4590 4648 4590 4648 4592 4650 4587 4644 4592 4650 4590 4648 4591 4649 4594 4652 4590 4648 4593 4651 4590 4648 4594 4652 4591 4649 4588 4646 4589 4647 4590 4648 4589 4647 4593 4651 4590 4648 4589 4647 4566 4620 4569 4623 4566 4620 4589 4647 4570 4624 4569 4623 4593 4651 4589 4647 4593 4651 4569 4623 4595 4653 4572 4626 4567 4621 4571 4625 4572 4626 4571 4625 4573 4627 4565 4619 4598 4655 4568 4622 4598 4655 4565 4619 4597 4654 4562 4616 4600 4657 4597 4654 4600 4657 4562 4616 4599 4656 4601 4658 4602 4659 4598 4655 4601 4658 4598 4655 4603 4660 4603 4660 4605 4662 4604 4661 4604 4661 4601 4658 4603 4660 4597 4654 4603 4660 4598 4655 4603 4660 4597 4654 4600 4657 4603 4660 4600 4657 4605 4662 4600 4657 4606 4663 4605 4662 4562 4616 4561 4615 4599 4656 4599 4656 4561 4615 4607 4664 4610 4642 4584 4641 4608 4665 4609 4666 4608 4665 4584 4641 4612 4667 4609 4666 4579 4635 4609 4666 4612 4667 4608 4665 4561 4615 4579 4635 4607 4664 4579 4635 4609 4666 4607 4664 4565 4619 4563 4617 4597 4654 4563 4617 4562 4616 4597 4654 4618 4671 4620 4669 4621 4670 4620 4669 4618 4671 4619 4668 4616 4673 4621 4670 4623 4672 4621 4670 4616 4673 4618 4671 4623 4672 4557 4611 4624 4674 4557 4611 4623 4672 4625 4675 4625 4675 4555 4609 4557 4611 4555 4609 4625 4675 4560 4614 4625 4675 4626 4676 4547 4595 4625 4675 4547 4595 4560 4614 4620 4669 4626 4676 4621 4670 4626 4676 4620 4669 4622 4677 4623 4672 4626 4676 4625 4675 4626 4676 4623 4672 4621 4670 4623 4672 4617 4678 4616 4673 4617 4678 4623 4672 4624 4674 4613 4680 4624 4674 4627 4679 4624 4674 4613 4680 4617 4678 4617 4678 4614 4681 4615 4682 4614 4681 4617 4678 4613 4680 4556 4610 5118 4683 4628 4684 4557 4611 4627 4679 4624 4674 4627 4679 4557 4611 4556 4610 4627 4679 4628 4684 4629 4685 4628 4684 4627 4679 4556 4610 4631 4687 4622 4677 4620 4669 4622 4677 4631 4687 4630 4686 4632 4688 4630 4686 4631 4687 4632 4688 4631 4687 4633 4689 5117 4690 5116 4691 4630 4686 5117 4690 4630 4686 4632 4688 4546 4593 4634 4693 4636 4694 4634 4693 4546 4593 4635 4692 4622 4677 4630 4686 5116 4691 4546 4593 4545 4592 4635 4692 4635 4692 4545 4592 4622 4677 4636 4694 4558 4612 4559 4613 4558 4612 4636 4694 4634 4693 4543 4590 4636 4694 4542 4589 4636 4694 4543 4590 4546 4593 4542 4589 4559 4613 4536 4584 4559 4613 4542 4589 4636 4694 4632 4688 4628 4684 5117 4690 5118 4683 5117 4690 4628 4684 4632 4688 4629 4685 4628 4684 4629 4685 4632 4688 4633 4689 4633 4689 4631 4687 4637 4695 4633 4689 4637 4695 4638 4696 5114 4700 5113 4697 4640 4699 5113 4697 4639 4698 4640 4699 4639 4698 5113 4697 4619 4668 4620 4669 4637 4695 4631 4687 4637 4695 4620 4669 4619 4668 4633 4689 4641 4701 4629 4685 4641 4701 4633 4689 4638 4696 4627 4679 4641 4701 4613 4680 4641 4701 4627 4679 4629 4685 4642 4702 4613 4680 5115 4703 4640 4699 4642 4702 5114 4700 5115 4703 5114 4700 4642 4702 4643 4704 4644 4705 4618 4671 4643 4704 4618 4671 4616 4673 4648 4709 4646 4707 4647 4708 4646 4707 4648 4709 4645 4706 4649 4710 4645 4706 4648 4709 4645 4706 4649 4710 4650 4711 4645 4706 4650 4711 4651 4712 4645 4706 4651 4712 4652 4713 4651 4712 4653 4714 4652 4713 4653 4714 4651 4712 4654 4715 4654 4715 4656 4717 4655 4716 4656 4717 4654 4715 4651 4712 4614 4681 4658 4719 4659 4720 4658 4719 4614 4681 4657 4718 4615 4682 4659 4720 4660 4721 4659 4720 4615 4682 4614 4681 4643 4704 4660 4721 4661 4722 4660 4721 4643 4704 4615 4682 4615 4682 4643 4704 4616 4673 4616 4673 4617 4678 4615 4682 4644 4705 4662 4723 4619 4668 4644 4705 4619 4668 4618 4671 4663 4724 4664 4725 4662 4723 4663 4724 4662 4723 4649 4710 4664 4725 4663 4724 4665 4726 4665 4726 4663 4724 4666 4727 4640 4699 4664 4725 4665 4726 4664 4725 4640 4699 4639 4698 4668 4729 4666 4727 4663 4724 4666 4727 4668 4729 4667 4728 4668 4729 4649 4710 4648 4709 4649 4710 4668 4729 4663 4724 4650 4711 4662 4723 4644 4705 4662 4723 4650 4711 4649 4710 4664 4725 4639 4698 4662 4723 4662 4723 4639 4698 4619 4668 4613 4680 4642 4702 4614 4681 4657 4718 4614 4681 4642 4702 4672 4732 4670 4730 4671 4731 4670 4730 4672 4732 4673 4733 4674 4734 4595 4653 4670 4730 4595 4653 4671 4731 4670 4730 4674 4734 4676 4736 4675 4735 4676 4736 4674 4734 4670 4730 4675 4735 4677 4737 4591 4649 4592 4650 4591 4649 4677 4737 4678 4738 4592 4650 4677 4737 4678 4738 4677 4737 4679 4739 4587 4644 4678 4738 4586 4645 4678 4738 4587 4644 4592 4650 4586 4645 4680 4741 4681 4740 4680 4741 4586 4645 4678 4738 4683 4742 4681 4740 4680 4741 4683 4742 4680 4741 4682 4743 4684 4745 4683 4742 4685 4744 4683 4742 4684 4745 4681 4740 5130 4747 5129 4748 4686 4746 4686 4746 5129 4748 4682 4743 5128 4749 4682 4743 5129 4748 4682 4743 5128 4749 4683 4742 4690 4750 4686 4746 4682 4743 4690 4750 4682 4743 4680 4741 4577 4631 4681 4740 4684 4745 4681 4740 4577 4631 4586 4645 4684 4745 4585 4643 4577 4631 4585 4643 4684 4745 4692 4751 4679 4739 4690 4750 4680 4741 4679 4739 4680 4741 4678 4738 4697 4754 4694 4753 4679 4739 4694 4753 4697 4754 4696 4752 4677 4737 4697 4754 4679 4739 4697 4754 4677 4737 4698 4755 4699 4756 4700 4757 4698 4755 4697 4754 4698 4755 4700 4757 4701 4758 4699 4756 4676 4736 4698 4755 4676 4736 4699 4756 4675 4735 4698 4755 4677 4737 4698 4755 4675 4735 4676 4736 4690 4750 4694 4753 4691 4759 4694 4753 4690 4750 4679 4739 4594 4652 4675 4735 4591 4649 4675 4735 4594 4652 4674 4734 4674 4734 4593 4651 4595 4653 4593 4651 4674 4734 4594 4652 4673 4733 4676 4736 4670 4730 4676 4736 4673 4733 4701 4758 4673 4733 4702 4760 4701 4758 4672 4732 4702 4760 4673 4733 4672 4732 4704 4762 4702 4760 4704 4762 4672 4732 4703 4761 4672 4732 4671 4731 4703 4761 4671 4731 4705 4763 4703 4761 4706 4764 4703 4761 4705 4763 4703 4761 4706 4764 4707 4765 4705 4763 4709 4767 4708 4766 4708 4766 4706 4764 4705 4763 4711 4769 4706 4764 4708 4766 4706 4764 4711 4769 4710 4768 4713 4771 4705 4763 4671 4731 4705 4763 4713 4771 4712 4770 4715 4773 4712 4770 4713 4771 4712 4770 4715 4773 4714 4772 4716 4775 4713 4771 4596 4774 4713 4771 4716 4775 4715 4773 4596 4774 4671 4731 4595 4653 4671 4731 4596 4774 4713 4771 4718 4777 4717 4776 4714 4772 4717 4776 4712 4770 4714 4772 4719 4778 4707 4765 4710 4768 4707 4765 4706 4764 4710 4768 4704 4762 4703 4761 4707 4765 4704 4762 4707 4765 4719 4778 4704 4762 4721 4780 4720 4779 4721 4780 4704 4762 4719 4778 4702 4760 4720 4779 4722 4781 4720 4779 4702 4760 4704 4762 4720 4779 4723 4782 4724 4783 4720 4779 4724 4783 4722 4781 4723 4782 4720 4779 4725 4784 4725 4784 4720 4779 4721 4780 4701 4758 4722 4781 4699 4756 4722 4781 4701 4758 4702 4760 4726 4788 4729 4786 4727 4787 4729 4786 4726 4788 4728 4785 4728 4785 4647 4708 4646 4707 4728 4785 4646 4707 4730 4789 4669 4790 4728 4785 4726 4788 4728 4785 4669 4790 4647 4708 5101 4792 4727 4787 5102 4791 4727 4787 5101 4792 4726 4788 4732 4794 4655 4716 4731 4793 4655 4716 4732 4794 4654 4715 4606 4663 4731 4793 4605 4662 4731 4793 4655 4716 4605 4662 4734 4796 4717 4776 4733 4795 4717 4776 4734 4796 4709 4767 4736 4798 4737 4799 4735 4797 4735 4797 4737 4799 4738 4800 4741 4803 4739 4801 4740 4802 4739 4801 4741 4803 4742 4804 4742 4804 4734 4796 4733 4795 4734 4796 4742 4804 4741 4803 4743 4805 4744 4806 4745 4807 4742 4804 4746 4808 4739 4801 4746 4808 4742 4804 4744 4806 4740 4802 4748 4810 4747 4809 4748 4810 4740 4802 4739 4801 4725 4784 4751 4812 4723 4782 4751 4812 4725 4784 4750 4811 4755 4815 4756 4816 4753 4813 4755 4815 4753 4813 4754 4814 4730 4789 4646 4707 4756 4816 4730 4789 4756 4816 4755 4815 4756 4816 4652 4713 4653 4714 4756 4816 4653 4714 4753 4813 4646 4707 4645 4706 4652 4713 4646 4707 4652 4713 4756 4816 4759 4819 4757 4817 4758 4818 4759 4819 4760 4820 4757 4817 4757 4817 5153 4823 4761 4821 5153 4823 4757 4817 5154 4822 4766 4824 5151 4825 4767 4826 4767 4826 4768 4827 4766 4824 4766 4824 4768 4827 4769 4828 4771 4830 4767 4826 4770 4829 4767 4826 4771 4830 4768 4827 4772 4831 4768 4827 4771 4830 4768 4827 4772 4831 4773 4832 4774 4833 4760 4820 4759 4819 4760 4820 4774 4833 4775 4834 4777 4836 4760 4820 4775 4834 4777 4836 4775 4834 4776 4835 4770 4829 4808 4837 4810 4838 4808 4837 4770 4829 4767 4826 4773 4832 4769 4828 4768 4827 4769 4828 4773 4832 4778 4839 4778 4839 4780 4841 4779 4840 4779 4840 4780 4841 4781 4842 4769 4828 4778 4839 4783 4843 4783 4843 4778 4839 4779 4840 4785 4844 4781 4842 4780 4841 4781 4842 4785 4844 4784 4845 4787 4847 4785 4844 4780 4841 4785 4844 4787 4847 4786 4846 4787 4847 4778 4839 4773 4832 4778 4839 4787 4847 4780 4841 4769 4828 4789 4849 4766 4824 4789 4849 4769 4828 4788 4848 4769 4828 4783 4843 4788 4848 4783 4843 4782 4850 4788 4848 4757 4817 4761 4821 4758 4818 4758 4818 4761 4821 4790 4851 4790 4851 4792 4853 4758 4818 4792 4853 4790 4851 4791 4852 4766 4824 5152 4854 5151 4825 5152 4854 4766 4824 4789 4849 4764 4856 4793 4858 4794 4855 4793 4858 4764 4856 4765 4857 4798 4862 5144 4860 5143 4861 5144 4860 4798 4862 4795 4859 4799 4863 4798 4862 5143 4861 4777 4836 4797 4865 4762 4864 4797 4865 4777 4836 4799 4863 4805 4866 4802 4867 4803 4868 4805 4866 4803 4868 4804 4869 4807 4870 4806 4871 4802 4867 4807 4870 4802 4867 4805 4866 4802 4867 5145 4873 4803 4868 5145 4873 4802 4867 5146 4872 4800 4874 4795 4859 4798 4862 4795 4859 4800 4874 4801 4875 4806 4871 4808 4837 4794 4855 4808 4837 4764 4856 4794 4855 4806 4871 5146 4872 4802 4867 4809 4876 4810 4838 4808 4837 4808 4837 4806 4871 4809 4876 4797 4865 4796 4877 4762 4864 4762 4864 4796 4877 4763 4878 4757 4817 4760 4820 5154 4822 4812 4880 4758 4818 4811 4879 4758 4818 4812 4880 4759 4819 4814 4882 4811 4879 4813 4881 4811 4879 4814 4882 4812 4880 4817 4885 4815 4883 4816 4884 4815 4883 4813 4881 4816 4884 4813 4881 4818 4886 4816 4884 4818 4886 4813 4881 4811 4879 4792 4853 4811 4879 4758 4818 4811 4879 4792 4853 4818 4886 4815 4883 4814 4882 4813 4881 4815 4883 4819 4887 4814 4882 4812 4880 4819 4887 4820 4888 4819 4887 4812 4880 4814 4882 4820 4888 4759 4819 4812 4880 4759 4819 4820 4888 4774 4833 4822 4890 4824 4892 4821 4889 4824 4892 4822 4890 4823 4891 4822 4890 4486 4537 4480 4536 4486 4537 4822 4890 4821 4889 4826 4894 4471 4530 4825 4893 4471 4530 4826 4894 4472 4527 4826 4894 4487 4522 4472 4527 4487 4522 4826 4894 4827 4895 4829 4897 4828 4896 4826 4894 4828 4896 4827 4895 4826 4894 4831 4899 4830 4898 4828 4896 4830 4898 4827 4895 4828 4896 4830 4898 4832 4900 4833 4901 4832 4900 4830 4898 4831 4899 4833 4901 4835 4903 4834 4902 4835 4903 4833 4901 4832 4900 4835 4903 4836 4904 4823 4891 4836 4904 4835 4903 4832 4900 4832 4900 4837 4905 4836 4904 4837 4905 4832 4900 4831 4899 4830 4898 4487 4522 4827 4895 4487 4522 4830 4898 4488 4519 4489 4523 4830 4898 4833 4901 4830 4898 4489 4523 4488 4519 4831 4899 4828 4896 4837 4905 4837 4905 4828 4896 4829 4897 4838 4906 4826 4894 4825 4893 4826 4894 4838 4906 4829 4897 4838 4906 4839 4907 4840 4908 4839 4907 4838 4906 4825 4893 4839 4907 4825 4893 4841 4909 4839 4907 4841 4909 4842 4910 4841 4909 4825 4893 4471 4530 4841 4909 4471 4530 4475 4529 4843 4911 4829 4897 4838 4906 4829 4897 4843 4911 4837 4905 4844 4912 4838 4906 4840 4908 4838 4906 4844 4912 4843 4911 4845 4913 4837 4905 4843 4911 4837 4905 4845 4913 4836 4904 4843 4911 4846 4914 4845 4913 4846 4914 4843 4911 4844 4912 4847 4915 4475 4529 4477 4535 4475 4529 4847 4915 4841 4909 4847 4915 4486 4537 4821 4889 4486 4537 4847 4915 4477 4535 4848 4916 4841 4909 4847 4915 4841 4909 4848 4916 4842 4910 4849 4917 4842 4910 4848 4916 4842 4910 4849 4917 4850 4918 4851 4920 5125 4922 5124 4919 5125 4922 4851 4920 4852 4921 4853 4923 4839 4907 4850 4918 4839 4907 4842 4910 4850 4918 4840 4908 4853 4923 4854 4924 4853 4923 4840 4908 4839 4907 5126 4925 4856 4926 4854 4924 4855 4927 4840 4908 4854 4924 4840 4908 4855 4927 4844 4912 4856 4926 5126 4925 5125 4922 4856 4926 5125 4922 4852 4921 4858 4929 4852 4921 4857 4928 4852 4921 4858 4929 4856 4926 4866 4930 4852 4921 4851 4920 4852 4921 4866 4930 4857 4928 4860 4932 5124 4919 5123 4931 5124 4919 4860 4932 4851 4920 4861 4933 4849 4917 4848 4916 4849 4917 4861 4933 4859 4934 4861 4933 4847 4915 4821 4889 4847 4915 4861 4933 4848 4916 4862 4935 4859 4934 4861 4933 4859 4934 4862 4935 4863 4936 4846 4914 4864 4937 4862 4935 4863 4936 4862 4935 4864 4937 4824 4892 4846 4914 4862 4935 4846 4914 4824 4892 4845 4913 4861 4933 4824 4892 4862 4935 4824 4892 4861 4933 4821 4889 4860 4932 5123 4931 4863 4936 4865 4938 4851 4920 4860 4932 4851 4920 4865 4938 4866 4930 4860 4932 4867 4939 4865 4938 4867 4939 4860 4932 4863 4936 4834 4902 4480 4536 4490 4525 4480 4536 4834 4902 4822 4890 4489 4523 4834 4902 4490 4525 4834 4902 4489 4523 4833 4901 4822 4890 4835 4903 4823 4891 4835 4903 4822 4890 4834 4902 4871 4943 4869 4941 4870 4942 4869 4941 4871 4943 4868 4940 4873 4945 4872 4944 4868 4940 4872 4944 4873 4945 4874 4946 4872 4944 4875 4947 5131 4948 4878 4950 4875 4947 4877 4949 4875 4947 4872 4944 4877 4949 4878 4950 4879 4952 4875 4947 4879 4952 4878 4950 4880 4951 4881 4953 4689 4954 4878 4950 4878 4950 4689 4954 4880 4951 4877 4949 4881 4953 4878 4950 4881 4953 4877 4949 4882 4955 4877 4949 4885 4957 4882 4955 4885 4957 4877 4949 4883 4956 4882 4955 4685 4744 5127 4958 4884 4959 4885 4957 4883 4956 4885 4957 4884 4959 4886 4960 4685 4744 5128 4749 5127 4958 5128 4749 4685 4744 4683 4742 4689 4954 4887 4962 4880 4951 4887 4962 4689 4954 4688 4961 4880 4951 4888 4963 4879 4952 4888 4963 4880 4951 4887 4962 4875 4947 5132 4964 5131 4948 5132 4964 4875 4947 4879 4952 4879 4952 5133 4965 5132 4964 5133 4965 4879 4952 4888 4963 4892 4967 4888 4963 4891 4966 4891 4966 4888 4963 4887 4962 4892 4967 4893 4968 4894 4969 4893 4968 4892 4967 4891 4966 4687 4970 4891 4966 4688 4961 4891 4966 4887 4962 4688 4961 4877 4949 4874 4946 4883 4956 4874 4946 4877 4949 4872 4944 4883 4956 4874 4946 4895 4971 4883 4956 4895 4971 4884 4959 4897 4973 4894 4969 4895 4971 4894 4969 4897 4973 4896 4972 4894 4969 4896 4972 4899 4975 4896 4972 4898 4974 4899 4975 4896 4972 4900 4976 4898 4974 4900 4976 4901 4977 4898 4974 4902 4978 4901 4977 4900 4976 4901 4977 4902 4978 4903 4979 4903 4979 4905 4981 4901 4977 4905 4981 4903 4979 4904 4980 4898 4974 4906 4982 4907 4983 4906 4982 4898 4974 4901 4977 4905 4981 4906 4982 4901 4977 4906 4982 4905 4981 4908 4984 4909 4985 4903 4979 4902 4978 4903 4979 4909 4985 4910 4986 4909 4985 4911 4987 4912 4988 4911 4987 4909 4985 4902 4978 4911 4987 4900 4976 4913 4989 4900 4976 4911 4987 4902 4978 4913 4989 4896 4972 4897 4973 4896 4972 4913 4989 4900 4976 4874 4946 4873 4945 4897 4973 4874 4946 4897 4973 4895 4971 4873 4945 4914 4990 4913 4989 4873 4945 4913 4989 4897 4973 4899 4975 4898 4974 4890 4991 4898 4974 4907 4983 4890 4991 4892 4967 5133 4965 4888 4963 5133 4965 4892 4967 5134 4992 4894 4969 5134 4992 4892 4967 4868 4940 4876 4993 4869 4941 4876 4993 4868 4940 4872 4944 4869 4941 4916 4995 4870 4942 4916 4995 4869 4941 4915 4994 4915 4994 4906 4982 4916 4995 4906 4982 4915 4994 4907 4983 4916 4995 4918 4997 4870 4942 4918 4997 4916 4995 4917 4996 4917 4996 4916 4995 4908 4984 4916 4995 4906 4982 4908 4984 4920 4999 4918 4997 4919 4998 4918 4997 4920 4999 4870 4942 4922 5001 4919 4998 4921 5000 4919 4998 4922 5001 4920 4999 4921 5000 4924 5003 4922 5001 4924 5003 4921 5000 4923 5002 4926 5005 4924 5003 4923 5002 4924 5003 4926 5005 4925 5004 4920 4999 4922 5001 4927 5006 4927 5006 4928 5007 4920 4999 4924 5003 4927 5006 4922 5001 4927 5006 4924 5003 4929 5008 4889 5009 4907 4983 4915 4994 4907 4983 4889 5009 4890 4991 4876 4993 4889 5009 4869 4941 4869 4941 4889 5009 4915 4994 4868 4940 4871 4943 4914 4990 4914 4990 4873 4945 4868 4940 4930 5010 4871 4943 4928 5007 4871 4943 4930 5010 4914 4990 4914 4990 4911 4987 4913 4989 4911 4987 4914 4990 4930 5010 4930 5010 4912 4988 4911 4987 4912 4988 4930 5010 4929 5008 4929 5008 4930 5010 4927 5006 4927 5006 4930 5010 4928 5007 4928 5007 4870 4942 4920 4999 4870 4942 4928 5007 4871 4943 4934 5014 4932 5012 4933 5013 4932 5012 4934 5014 4931 5011 4935 5015 4937 5017 4931 5011 4937 5017 4935 5015 4936 5016 4936 5016 4939 5019 4938 5018 4939 5019 4936 5016 4935 5015 4939 5019 4941 5021 4938 5018 4941 5021 4939 5019 4940 5020 4942 5022 4940 5020 4939 5019 4940 5020 4942 5022 4943 5023 4935 5015 4944 5024 4942 5022 4935 5015 4942 5022 4939 5019 4944 5024 4931 5011 4934 5014 4931 5011 4944 5024 4935 5015 4946 5026 4934 5014 4945 5025 4934 5014 4946 5026 4944 5024 4949 5029 4947 5027 4948 5028 4947 5027 4949 5029 4945 5025 4945 5025 4933 5013 4947 5027 4933 5013 4945 5025 4934 5014 4468 4498 4947 5027 4950 4517 4947 5027 4468 4498 4948 5028 4951 5030 4949 5029 4948 5028 4949 5029 4951 5030 4952 5031 4468 4498 4951 5030 4948 5028 4951 5030 4468 4498 4467 4497 4947 5027 4933 5013 4953 5032 4953 5032 4950 4517 4947 5027 4949 5029 4946 5026 4945 5025 4946 5026 4949 5029 4952 5031 4955 5033 4944 5024 4946 5026 4944 5024 4955 5033 4942 5022 4952 5031 4955 5033 4946 5026 4955 5033 4952 5031 4956 5034 4942 5022 4957 5035 4943 5023 4957 5035 4942 5022 4955 5033 4958 5036 4955 5033 4956 5034 4955 5033 4958 5036 4957 5035 4941 5021 4940 5020 4960 5038 4940 5020 4959 5037 4960 5038 4943 5023 4959 5037 4940 5020 4959 5037 4943 5023 4961 5039 4964 5041 4963 5040 4961 5039 4963 5040 4964 5041 4962 4509 4965 5042 4962 4509 4964 5041 4962 4509 4965 5042 4465 4495 4467 4497 4466 4496 4951 5030 4466 4496 4966 5043 4951 5030 4966 5043 4465 4495 4965 5042 4465 4495 4966 5043 4466 4496 4957 5035 4958 5036 4964 5041 4958 5036 4965 5042 4964 5041 4957 5035 4961 5039 4943 5023 4961 5039 4957 5035 4964 5041 4968 5044 4963 5040 4967 4516 4963 5040 4968 5044 4961 5039 4959 5037 4961 5039 4968 5044 4959 5037 4968 5044 4969 5045 4971 5047 4970 5046 4968 5044 4970 5046 4969 5045 4968 5044 4954 4515 4971 5047 4967 4516 4971 5047 4968 5044 4967 4516 4959 5037 4972 5048 4960 5038 4972 5048 4959 5037 4969 5045 4941 5021 4960 5038 5139 5049 4973 5051 4974 5050 4941 5021 4974 5050 4973 5051 4975 5052 4938 5018 4974 5050 4977 5053 4974 5050 4938 5018 4941 5021 4938 5018 4976 5054 4936 5016 4976 5054 4938 5018 4977 5053 4974 5050 4978 5055 4977 5053 4978 5055 4974 5050 4979 5056 4974 5050 4980 5057 4979 5056 4980 5057 4974 5050 4975 5052 4960 5038 5140 5058 5139 5049 5140 5058 4960 5038 4972 5048 5141 5060 4972 5048 4982 5059 4972 5048 5141 5060 5140 5058 4982 5059 4969 5045 4970 5046 4969 5045 4982 5059 4972 5048 4975 5052 4981 5061 4984 5062 4981 5061 4975 5052 4973 5051 4985 5064 4981 5061 4983 5063 4981 5061 4985 5064 4984 5062 4986 5065 4937 5017 5142 5066 5142 5066 5141 5060 4986 5065 4986 5065 5141 5060 4982 5059 4989 5068 4983 5063 4987 5067 4983 5063 4989 5068 4985 5064 4937 5017 4988 5069 4987 5067 4989 5068 4987 5067 4988 5069 4936 5016 4988 5069 4937 5017 4988 5069 4936 5016 4976 5054 4988 5069 4991 5071 4989 5068 4991 5071 4988 5069 4990 5070 4990 5070 4992 5072 5135 5073 4992 5072 5136 5075 5135 5073 5136 5075 4992 5072 4994 5074 4989 5068 4991 5071 4995 5076 4989 5068 4995 5076 4985 5064 4990 5070 4976 5054 4993 5077 4976 5054 4990 5070 4988 5069 4993 5077 4977 5053 4978 5055 4977 5053 4993 5077 4976 5054 4931 5011 4986 5065 4932 5012 4986 5065 4931 5011 4937 5017 4986 5065 4982 5059 4932 5012 4932 5012 4982 5059 4970 5046 4932 5012 4971 5047 4933 5013 4971 5047 4932 5012 4970 5046 4971 5047 4953 5032 4933 5013 4953 5032 4971 5047 4954 4515 4693 5078 4996 5079 4692 4751 4585 4643 4692 4751 4996 5079 4612 4667 4579 4635 4580 4636 4578 4634 4580 4636 4579 4635 4998 5081 4608 4665 4997 5080 4612 4667 4997 5080 4608 4665 5119 5084 4997 5080 5120 5083 4997 5080 4999 5082 5120 5083 4999 5082 5003 5085 5120 5083 5120 5083 5003 5085 5121 5086 5004 5087 5122 5088 5121 5086 5121 5086 5003 5085 5004 5087 5006 4632 5004 5087 5003 5085 5006 4632 5003 5085 5007 4633 5004 5087 4582 4638 5008 5089 4582 4638 5004 5087 5006 4632 4999 5082 4580 4636 5007 4633 4999 5082 5007 4633 5003 5085 5009 5090 4582 4638 4611 4640 4582 4638 5009 5090 5008 5089 5011 5092 5008 5089 5009 5090 5008 5089 5011 5092 5010 5091 5008 5089 5010 5091 5005 5093 5005 5093 5010 5091 4858 4929 5012 5094 5038 5095 5011 5092 5012 5094 5011 5092 5009 5090 5122 5088 5004 5087 5008 5089 5012 5094 4611 4640 4610 4642 4611 4640 5012 5094 5009 5090 5000 5096 5002 5097 4866 4930 4866 4930 5002 5097 4857 4928 4865 4938 5000 5096 4866 4930 5000 5096 4865 4938 5001 5098 4998 5081 4997 5080 5119 5084 5012 5094 4608 4665 4998 5081 4608 4665 5012 5094 4610 4642 5038 5095 5012 5094 4867 4939 4998 5081 4867 4939 5012 5094 4867 4939 5001 5098 4865 4938 5001 5098 4867 4939 4998 5081 5005 5093 4858 4929 5002 5097 4858 4929 4857 4928 5002 5097 4999 5082 4612 4667 4580 4636 4612 4667 4999 5082 4997 5080 4605 4662 4656 4717 4604 4661 4656 4717 4605 4662 4655 4716 5013 5099 4657 4718 4665 4726 4665 4726 4666 4727 5013 5099 4994 5074 5016 5100 5019 5102 5016 5100 5017 5101 5019 5102 4994 5074 5137 5103 5136 5075 5137 5103 4994 5074 5019 5102 4995 5076 4984 5062 4985 5064 4984 5062 4995 5076 5020 5104 4980 5057 4975 5052 5020 5104 4975 5052 4984 5062 5020 5104 5138 5106 5137 5103 5021 5105 5021 5105 5137 5103 5019 5102 5021 5105 4979 5056 5138 5106 5018 5107 5019 5102 5017 5101 5019 5102 5018 5107 5021 5105 4992 5072 5014 5108 4994 5074 5014 5108 5016 5100 4994 5074 4751 4812 5022 5109 5018 5107 5018 5107 4723 4782 4751 4812 5021 5105 5022 5109 4979 5056 5022 5109 5021 5105 5018 5107 5022 5109 4752 5110 5023 5111 4752 5110 5022 5109 4751 4812 4724 4783 5017 5101 4700 4757 5016 5100 4700 4757 5017 5101 4723 4782 5017 5101 4724 4783 5017 5101 4723 4782 5018 5107 4697 4754 5016 5100 5014 5108 5016 5100 4697 4754 4700 4757 4992 5072 5015 5112 5014 5108 5015 5112 4992 5072 4990 5070 4993 5077 5015 5112 4990 5070 5015 5112 4993 5077 5024 5113 4696 4752 5015 5112 5024 5113 4696 4752 5024 5113 5025 5114 4697 4754 5014 5108 4696 4752 5014 5108 5015 5112 4696 4752 5023 5111 5025 5114 5024 5113 5025 5114 5023 5111 4752 5110 4691 4759 4695 5115 5026 5116 4695 5115 4691 4759 4694 4753 4886 4960 4693 5078 4885 4957 4693 5078 4886 4960 5026 5116 5026 5116 4695 5115 4693 5078 4996 5079 4693 5078 4695 5115 4699 4756 4724 4783 4700 4757 4724 4783 4699 4756 4722 4781 4669 4790 4648 4709 4647 4708 4648 4709 4669 4790 4668 4729 5024 5113 4978 5055 5023 5111 4978 5055 5024 5113 4993 5077 4979 5056 5023 5111 4978 5055 5023 5111 4979 5056 5022 5109 4736 4798 4807 4870 4805 4866 4736 4798 4805 4866 4737 4799 4807 4870 5027 5117 5028 5118 5027 5117 4807 4870 4736 4798 4806 4871 5028 5118 4809 4876 5028 5118 4806 4871 4807 4870 4750 4811 5030 5121 5029 5119 5029 5119 4749 5120 4750 4811 4798 4862 5030 5121 4800 4874 5030 5121 4798 4862 4799 4863 4800 4874 4750 4811 4725 4784 4750 4811 4800 4874 5030 5121 4805 4866 5031 5122 4737 4799 5031 5122 4805 4866 4804 4869 4737 4799 5032 5123 4738 4800 5032 5123 4737 4799 5031 5122 4721 4780 5034 5125 4725 4784 5034 5125 4721 4780 5033 5124 4800 4874 4725 4784 4801 4875 4725 4784 5034 5125 4801 4875 4823 4891 4845 4913 4824 4892 4845 4913 4823 4891 4836 4904 4864 4937 4846 4914 4844 4912 4864 4937 4844 4912 4855 4927 4856 4926 5010 5091 4854 4924 5010 5091 4856 4926 4858 4929 4903 4979 4910 4986 4904 4980 4904 4980 4910 4986 5035 5126 4910 4986 4925 5004 5035 5126 4925 5004 4926 5005 5035 5126 4951 5030 4966 5043 4956 5034 4951 5030 4956 5034 4952 5031 4958 5036 4966 5043 4965 5042 4966 5043 4958 5036 4956 5034 4545 4592 4626 4676 4622 4677 4626 4676 4545 4592 4547 4595 4692 4751 4882 4955 4885 4957 4692 4751 4885 4957 4693 5078 4685 4744 4692 4751 4684 4745 4692 4751 4685 4744 4882 4955 4686 4746 5036 5127 5130 4747 4893 4968 4687 4970 5036 5127 4687 4970 4893 4968 4891 4966 4886 4960 4884 4959 4893 4968 4886 4960 4893 4968 5036 5127 5036 5127 5026 5116 4886 4960 5026 5116 5036 5127 4691 4759 4686 4746 4691 4759 5036 5127 4691 4759 4686 4746 4690 4750 4787 4847 4772 4831 4786 4846 4772 4831 4787 4847 4773 4832 4799 4863 4777 4836 4776 4835 4799 4863 4776 4835 5037 5128 5030 5121 4799 4863 5037 5128 5037 5128 5029 5119 5030 5121 4864 4937 4867 4939 4863 4936 4867 4939 4864 4937 5038 5095 4855 4927 5038 5095 4864 4937 5038 5095 4855 4927 5011 5092 4854 4924 5010 5091 4855 4927 5011 5092 4855 4927 5010 5091 4929 5008 4925 5004 4912 4988 4925 5004 4929 5008 4924 5003 4910 4986 4912 4988 4925 5004 4912 4988 4910 4986 4909 4985 4894 4969 4893 4968 4895 4971 4884 4959 4895 4971 4893 4968 4709 4767 4712 4770 4717 4776 4712 4770 4709 4767 4705 4763 5031 5122 5033 5124 5032 5123 5033 5124 5031 5122 5034 5125 4801 4875 5034 5125 4804 4869 5034 5125 5031 5122 4804 4869 4795 4859 4801 4875 4803 4868 4801 4875 4804 4869 4803 4868 4795 4859 5145 4873 5144 4860 5145 4873 4795 4859 4803 4868 4763 4878 4796 4877 4765 4857 4796 4877 4793 4858 4765 4857 5153 4823 4789 4849 4761 4821 4789 4849 5153 4823 5152 4854 4761 4821 4788 4848 4790 4851 4788 4848 4761 4821 4789 4849 4790 4851 4782 4850 4791 4852 4782 4850 4790 4851 4788 4848 4785 4844 4817 4885 4784 4845 4817 4885 4785 4844 4815 4883 4786 4846 4815 4883 4785 4844 4815 4883 4786 4846 4819 4887 4819 4887 4772 4831 4820 4888 4772 4831 4819 4887 4786 4846 4772 4831 4774 4833 4820 4888 4774 4833 4772 4831 4771 4830 4771 4830 4775 4834 4774 4833 4775 4834 4771 4830 4770 4829 4770 4829 4776 4835 4775 4834 4776 4835 4770 4829 4810 4838 4810 4838 5037 5128 4776 4835 5037 5128 4810 4838 4809 4876 4809 4876 5029 5119 5037 5128 5029 5119 4809 4876 5028 5118 5028 5118 4749 5120 5029 5119 4749 5120 5028 5118 5027 5117 4744 4806 4742 4804 4733 4795 4744 4806 4733 4795 4745 4807 5041 5131 5042 5132 5039 5129 5039 5129 5040 5130 5041 5131 5044 5134 5041 5131 5043 5133 5041 5131 5044 5134 5042 5132 5046 5136 5040 5130 5039 5129 5040 5130 5046 5136 5045 5135 5050 5140 5047 5137 5049 5139 5047 5137 5048 5138 5049 5139 5048 5138 5047 5137 5044 5134 5044 5134 5043 5133 5048 5138 5052 5142 5049 5139 5051 5141 5049 5139 5052 5142 5050 5140 5054 5144 5051 5141 5053 5143 5051 5141 5054 5144 5052 5142 5057 5147 5058 5148 5055 5145 5055 5145 5056 5146 5057 5147 5060 5150 5057 5147 5059 5149 5057 5147 5060 5150 5058 5148 4607 4664 5059 5149 4599 4656 5059 5149 4607 4664 5060 5150 5055 5145 5053 5143 5056 5146 5053 5143 5055 5145 5054 5144 5045 5135 5046 5136 5061 5151 5061 5151 5062 5152 5045 5135 5061 5151 5064 5154 5062 5152 5064 5154 5061 5151 5063 5153 5064 5154 5063 5153 5065 5155 5065 5155 5066 5156 5064 5154 5049 5139 5048 5138 5053 5143 5049 5139 5053 5143 5051 5141 5061 5151 4750 4811 4749 5120 4749 5120 5063 5153 5061 5151 5046 5136 4751 4812 4750 4811 4750 4811 5061 5151 5046 5136 4751 4812 5039 5129 4752 5110 5039 5129 4751 4812 5046 5136 5042 5132 5025 5114 4752 5110 4752 5110 5039 5129 5042 5132 4696 4752 5042 5132 5044 5134 5042 5132 4696 4752 5025 5114 4696 4752 5047 5137 4694 4753 5047 5137 4696 4752 5044 5134 5050 5140 4695 5115 4694 4753 4694 4753 5047 5137 5050 5140 4996 5079 5050 5140 5052 5142 5050 5140 4996 5079 4695 5115 4996 5079 5052 5142 4585 4643 5054 5144 4585 4643 5052 5142 4581 4637 5054 5144 5055 5145 5054 5144 4581 4637 4585 4643 4583 4639 5055 5145 5058 5148 5055 5145 4583 4639 4581 4637 4584 4641 5058 5148 5060 5150 5058 5148 4584 4641 4583 4639 4609 4666 5060 5150 4607 4664 5060 5150 4609 4666 4584 4641 5043 5133 5040 5130 5045 5135 5040 5130 5043 5133 5041 5131 5062 5152 5066 5156 5067 5157 5066 5156 5062 5152 5064 5154 5027 5117 5063 5153 4749 5120 5063 5153 5027 5117 5065 5155 4736 4798 5065 5155 5027 5117 5065 5155 4736 4798 4735 4797 5065 5155 4735 4797 5066 5156 4735 4797 5067 5157 5066 5156 5056 5146 5059 5149 5057 5147 5059 5149 5056 5146 4599 4656 4599 4656 4606 4663 4600 4657 4606 4663 4599 4656 5056 5146 5056 5146 4731 4793 4606 4663 4731 4793 5056 5146 5053 5143 5048 5138 4731 4793 5053 5143 4731 4793 5048 5138 4732 4794 5069 5159 5043 5133 5045 5135 5045 5135 5068 5158 5069 5159 4732 4794 5048 5138 5043 5133 5043 5133 5069 5159 4732 4794 4721 4780 4719 4778 5033 5124 5033 5124 4719 4778 4710 4768 4711 4769 5032 5123 4710 4768 4710 4768 5032 5123 5033 5124 5069 5159 4654 4715 4732 4794 4654 4715 5069 5159 5070 5160 4653 4714 5070 5160 5071 5161 5070 5160 4653 4714 4654 4715 4753 4813 5072 5162 4754 4814 5072 5162 4753 4813 5073 5163 4753 4813 5071 5161 5073 5163 5071 5161 4753 4813 4653 4714 5068 5158 5070 5160 5069 5159 5070 5160 5068 5158 4747 4809 5072 5162 5075 5165 5074 5164 5075 5165 5072 5162 5073 5163 4748 4810 5073 5163 5071 5161 5073 5163 4748 4810 5075 5165 4747 4809 5071 5161 5070 5160 5071 5161 4747 4809 4748 4810 4744 4806 5076 5166 4746 4808 5076 5166 4744 4806 4743 4805 4746 4808 5074 5164 5075 5165 5074 5164 4746 4808 5076 5166 5075 5165 4748 4810 4739 4801 4739 4801 4746 4808 5075 5165 5078 5168 5076 5166 4743 4805 4743 4805 5077 5167 5078 5168 5080 5170 4755 4815 4754 4814 5080 5170 4754 4814 5079 5169 5079 5169 4754 4814 5081 5171 5072 5162 5081 5171 4754 4814 5081 5171 5072 5162 5074 5164 5081 5171 5074 5164 5082 5172 5074 5164 5076 5166 5082 5172 5076 5166 5078 5168 5082 5172 5079 5169 5082 5172 5078 5168 5082 5172 5079 5169 5081 5171 5083 5173 5077 5167 4743 4805 5077 5167 5083 5173 5084 5174 5062 5152 5068 5158 5045 5135 5068 5158 5062 5152 5085 5175 5085 5175 4747 4809 5068 5158 4747 4809 5085 5175 4740 4802 5086 5176 4740 4802 5085 5175 4740 4802 5086 5176 4741 4803 5067 5157 5085 5175 5062 5152 5085 5175 5067 5157 5086 5176 4738 4800 4711 4769 5087 5177 4711 4769 4738 4800 5032 5123 5067 5157 4735 4797 4738 4800 4738 4800 5087 5177 5067 5157 5087 5177 4708 4766 5088 5178 4708 4766 5087 5177 4711 4769 4734 4796 5088 5178 4709 4767 5088 5178 4708 4766 4709 4767 4741 4803 5086 5176 5088 5178 5088 5178 4734 4796 4741 4803 5086 5176 5067 5157 5087 5177 5087 5177 5088 5178 5086 5176 5089 5179 4595 4653 4569 4623 4595 4653 5089 5179 4596 4774 4718 4777 5090 5180 5083 5173 5090 5180 4718 4777 4714 4772 4715 4773 5091 5181 4714 4772 5091 5181 5090 5180 4714 4772 5092 5182 4715 4773 4716 4775 4715 4773 5092 5182 5091 5181 5083 5173 4745 4807 4718 4777 4745 4807 5083 5173 4743 4805 4733 4795 4718 4777 4745 4807 4718 4777 4733 4795 4717 4776 5093 5183 4596 4774 5089 5179 4596 4774 5093 5183 4716 4775 4668 4729 4669 4790 4667 4728 4667 4728 4669 4790 5094 5184 5101 4792 5094 5184 4726 4788 5094 5184 4669 4790 4726 4788 4667 4728 5013 5099 4666 4727 4640 4699 4657 4718 4642 4702 4657 4718 4640 4699 4665 4726 4657 4718 5013 5099 4658 4719 4658 4719 5013 5099 5095 5185 5097 5187 5096 5186 5089 5179 5096 5186 5093 5183 5089 5179 5098 5188 5099 5189 5091 5181 5091 5181 5099 5189 5090 5180 5098 5188 5092 5182 5100 5190 5092 5182 5098 5188 5091 5181 5083 5173 5099 5189 5084 5174 5099 5189 5083 5173 5090 5180 5102 4791 5092 5182 5101 4792 5092 5182 5102 4791 5100 5190 4729 4786 4728 4785 5103 5191 4728 4785 4730 4789 5103 5191 4730 4789 4755 4815 5103 5191 5080 5170 5103 5191 4755 4815 5101 4792 4716 4775 5093 5183 4716 4775 5101 4792 5092 5182 4667 4728 5104 5192 5105 5193 5104 5192 4667 4728 5094 5184 5097 5187 4568 4622 5106 5194 4568 4622 5097 5187 5089 5179 5013 5099 5105 5193 5095 5185 5105 5193 5013 5099 4667 4728 4568 4622 4602 4659 5106 5194 4602 4659 4568 4622 4598 4655 4661 4722 4604 4661 4656 4717 4604 4661 4661 4722 4660 4721 4660 4721 4601 4658 4604 4661 4601 4658 4660 4721 4659 4720 4659 4720 4658 4719 4601 4658 4658 4719 4602 4659 4601 4658 5106 5194 4658 4719 5095 5185 4658 4719 5106 5194 4602 4659 5097 5187 5095 5185 5105 5193 5095 5185 5097 5187 5106 5194 5096 5186 5105 5193 5104 5192 5105 5193 5096 5186 5097 5187 4661 4722 4644 4705 4643 4704 4644 4705 4661 4722 4650 4711 4650 4711 4656 4717 4651 4712 4656 4717 4650 4711 4661 4722 5094 5184 5096 5186 5104 5192 5096 5186 5094 5184 5093 5183 4727 4787 4729 4786 5080 5170 4729 4786 5103 5191 5080 5170 4569 4623 4568 4622 5089 5179 5107 4583 4538 4607 4535 4606 4538 4607 5107 4583 5108 4586 5109 4604 4538 4607 5108 4586 4538 4607 5109 4604 4551 4601 4551 4601 5110 4603 4550 4598 5110 4603 4551 4601 5109 4604 4549 4599 5110 4603 5111 4597 5110 4603 4549 4599 4550 4598 5111 4597 5112 4596 4549 4599 5112 4596 4541 4600 4549 4599 4523 4562 5112 4596 4518 4567 5112 4596 4523 4562 4541 4600 5107 4583 4526 4561 4515 4573 4526 4561 5107 4583 4535 4606 5113 4697 4637 4695 4619 4668 4637 4695 5114 4700 4638 4696 5114 4700 4637 4695 5113 4697 4638 4696 5115 4703 4641 4701 5115 4703 4638 4696 5114 4700 4613 4680 4641 4701 5115 4703 4635 4692 4622 4677 5116 4691 4634 4693 5116 4691 5117 4690 5116 4691 4634 4693 4635 4692 5117 4690 5118 4683 4634 4693 4558 4612 4634 4693 5118 4683 4556 4610 4558 4612 5118 4683 5001 5098 4998 5081 5119 5084 5001 5098 5119 5084 5120 5083 5120 5083 5000 5096 5001 5098 5000 5096 5121 5086 5002 5097 5121 5086 5000 5096 5120 5083 5002 5097 5122 5088 5005 5093 5122 5088 5002 5097 5121 5086 5005 5093 5122 5088 5008 5089 5123 4931 4859 4934 4863 4936 5123 4931 5124 4919 4859 4934 4859 4934 5124 4919 4849 4917 5124 4919 4850 4918 4849 4917 4850 4918 5124 4919 5125 4922 4853 4923 5125 4922 5126 4925 5125 4922 4853 4923 4850 4918 4853 4923 5126 4925 4854 4924 4882 4955 5127 4958 4881 4953 5128 4749 4881 4953 5127 4958 4881 4953 5128 4749 4689 4954 5128 4749 4688 4961 4689 4954 4688 4961 5128 4749 5129 4748 4687 4970 5129 4748 5130 4747 5129 4748 4687 4970 4688 4961 5036 5127 4687 4970 5130 4747 4872 4944 5131 4948 4876 4993 5132 4964 4876 4993 5131 4948 4876 4993 5132 4964 4889 5009 5132 4964 4890 4991 4889 5009 4890 4991 5132 4964 5133 4965 4899 4975 5133 4965 5134 4992 5133 4965 4899 4975 4890 4991 4894 4969 4899 4975 5134 4992 4990 5070 5135 5073 4991 5071 4991 5071 5135 5073 5136 5075 4991 5071 5136 5075 4995 5076 5136 5075 5020 5104 4995 5076 5020 5104 5136 5075 5137 5103 4980 5057 5137 5103 5138 5106 5137 5103 4980 5057 5020 5104 4979 5056 4980 5057 5138 5106 4941 5021 5139 5049 4973 5051 5139 5049 5140 5058 4973 5051 4973 5051 5140 5058 4981 5061 4983 5063 5140 5058 5141 5060 5140 5058 4983 5063 4981 5061 4987 5067 4983 5063 5142 5066 5142 5066 4983 5063 5141 5060 4937 5017 4987 5067 5142 5066 4797 4865 4799 4863 5143 4861 5144 4860 4797 4865 5143 4861 4797 4865 5144 4860 4796 4877 5144 4860 4793 4858 4796 4877 4793 4858 5144 4860 5145 4873 4794 4855 5145 4873 5146 4872 5145 4873 4794 4855 4793 4858 4806 4871 4794 4855 5146 4872 4808 4837 4767 4826 5147 5195 4808 4837 5147 5195 4764 4856 4764 4856 5148 5196 4765 4857 5148 5196 4764 4856 5147 5195 4763 4878 5148 5196 5149 5197 5148 5196 4763 4878 4765 4857 5150 5198 4762 4864 4763 4878 5150 5198 4763 4878 5149 5197 5150 5198 4777 4836 4762 4864 4777 4836 5150 5198 4760 4820 5151 4825 5147 5195 4767 4826 5151 4825 5152 4854 5147 5195 5147 5195 5152 4854 5148 5196 5149 5197 5152 4854 5153 4823 5152 4854 5149 5197 5148 5196 5150 5198 5149 5197 5154 4822 5154 4822 5149 5197 5153 4823 4760 4820 5150 5198 5154 4822 4526 4561 4514 4572 4515 4573 4541 4600 4524 4560 4540 4588 4541 4600 4523 4562 4524 4560 4535 4606 4525 4559 4526 4561 4525 4559 4535 4606 4539 4587 4473 4531 4472 4527 4487 4522 4479 4538 4490 4525 4480 4536 5172 5202 5169 5199 5171 5201 5169 5199 5170 5200 5171 5201 5173 5203 5174 5204 5172 5202 5173 5203 5172 5202 5171 5201 5175 5206 5173 5203 5176 5205 5173 5203 5175 5206 5174 5204 5171 5201 5170 5200 4926 5005 5170 5200 5035 5126 4926 5005 4923 5002 5171 5201 4926 5005 5171 5201 4923 5002 5173 5203 4921 5000 5176 5205 4923 5002 5176 5205 5173 5203 4923 5002 5166 5209 5165 5210 5155 5207 5155 5207 5158 5208 5166 5209 5167 5212 5158 5208 5157 5211 5158 5208 5167 5212 5166 5209 5167 5212 5156 5214 5168 5213 5156 5214 5167 5212 5157 5211 4905 4981 4904 4980 5159 5215 4905 4981 5159 5215 4908 4984 4917 4996 5159 5215 5160 5216 5159 5215 4917 4996 4908 4984 4918 4997 5160 5216 4919 4998 5160 5216 4918 4997 4917 4996 5161 5218 5159 5215 4904 4980 5159 5215 5161 5218 5162 5217 5160 5216 5162 5217 5163 5219 5162 5217 5160 5216 5159 5215 4919 4998 5160 5216 5164 5220 5164 5220 5160 5216 5163 5219 5165 5210 5162 5217 5161 5218 5162 5217 5165 5210 5166 5209 5163 5219 5166 5209 5167 5212 5166 5209 5163 5219 5162 5217 5163 5219 5168 5213 5164 5220 5168 5213 5163 5219 5167 5212 5169 5199 5165 5210 5170 5200 5165 5210 5169 5199 5155 5207 5169 5199 5158 5208 5155 5207 5158 5208 5169 5199 5172 5202 5157 5211 5158 5208 5172 5202 5157 5211 5172 5202 5174 5204 5156 5214 5176 5205 5168 5213 5176 5205 5156 5214 5175 5206 5174 5204 5175 5206 5156 5214 5156 5214 5157 5211 5174 5204 5035 5126 5170 5200 5165 5210 5035 5126 5165 5210 5161 5218 5168 5213 4921 5000 5164 5220 4921 5000 5168 5213 5176 5205 4921 5000 4919 4998 5164 5220 5035 5126 5161 5218 4904 4980 4963 5040 4962 4509 5177 4510 4963 5040 5177 4510 4967 4516 4953 5032 5178 4514 4950 4517 5178 4514 4953 5032 4954 4515 4950 4517 4454 4513 4468 4498 4465 4495 4451 4508 4962 4509 5194 5222 5196 5224 5193 5221 5196 5224 5194 5222 5195 5223 5197 5225 5193 5221 5196 5224 5197 5225 5196 5224 5198 5226 5199 5228 5198 5226 5200 5227 5198 5226 5199 5228 5197 5225 5200 5227 4817 4885 4816 4884 4817 4885 5200 5227 5198 5226 4784 4845 4817 4885 5198 5226 4784 4845 5198 5226 5196 5224 4781 4842 4784 4845 5195 5223 5196 5224 5195 5223 4784 4845 4779 4840 5188 5229 5183 5231 5188 5229 5187 5230 5183 5231 5185 5233 5184 5234 5186 5232 5184 5234 5185 5233 4818 4886 5184 5234 5187 5230 5186 5232 5187 5230 5184 5234 5183 5231 5179 5238 5190 5236 5189 5237 5190 5236 5179 5238 5180 5235 5191 5240 5180 5235 5181 5239 5180 5235 5191 5240 5190 5236 5191 5240 5182 5242 5192 5241 5182 5242 5191 5240 5181 5239 4783 4843 4779 4840 5183 5231 4783 4843 5183 5231 4782 4850 4791 4852 5183 5231 5184 5234 5183 5231 4791 4852 4782 4850 4818 4886 4792 4853 5184 5234 4792 4853 4791 4852 5184 5234 5192 5241 5186 5232 5191 5240 5186 5232 5192 5241 5185 5233 5186 5232 5190 5236 5191 5240 5190 5236 5186 5232 5187 5230 5189 5237 5187 5230 5188 5229 5187 5230 5189 5237 5190 5236 5193 5221 5179 5238 5194 5222 5179 5238 5193 5221 5180 5235 5195 5223 5194 5222 5179 5238 5179 5238 5189 5237 5195 5223 5193 5221 5181 5239 5180 5235 5181 5239 5193 5221 5197 5225 5182 5242 5200 5227 5192 5241 5200 5227 5182 5242 5199 5228 5181 5239 5197 5225 5182 5242 5182 5242 5197 5225 5199 5228 5185 5233 5200 5227 4816 4884 5200 5227 5185 5233 5192 5241 4781 4842 5195 5223 5189 5237 5189 5237 5188 5229 4781 4842 4779 4840 4781 4842 5188 5229 4816 4884 4818 4886 5185 5233 3960 4226 5100 5190 5102 4791 5100 5190 3960 4226 3959 4228 5102 4791 3961 4224 3960 4226 3961 4224 5102 4791 4727 4787 4727 4787 3954 4222 3961 4224 3954 4222 4727 4787 5080 5170 3954 4222 5080 5170 5079 5169 3954 4222 5079 5169 3953 4219 3953 4219 5079 5169 5078 5168 3953 4219 5078 5168 3952 4220 3952 4220 5078 5168 5077 5167 3952 4220 5077 5167 3955 4236 3955 4236 5084 5174 3956 4234 5084 5174 3955 4236 5077 5167 3956 4234 5084 5174 5099 5189 3956 4234 5099 5189 3957 4232 5098 5188 3958 4230 3957 4232 5098 5188 3957 4232 5099 5189 3959 4228 5098 5188 5100 5190 5098 5188 3959 4228 3958 4230 2633 1929 4437 2828 1868 170 4437 2828 2633 1929 5201 4488 5201 4488 5202 4487 4437 2828 5202 4487 4436 2825 4437 2828 4435 2842 4436 2825 5203 4486 5202 4487 5203 4486 4436 2825 5203 4486 5204 4485 4435 2842 5204 4485 4434 2845 4435 2842 5204 4485 5205 4484 4434 2845 5205 4484 4433 2877 4434 2845 4432 3350 4433 2877 5206 4483 5205 4484 5206 4483 4433 2877 5206 4483 5207 4482 4431 3351 4431 3351 4432 3350 5206 4483 5207 4482 4430 2922 4431 3351 4430 2922 5207 4482 5208 4481 5208 4481 5209 4480 4429 2923 5208 4481 4429 2923 4430 2922 5209 4480 4428 3057 4429 2923 4428 3057 5209 4480 5210 4479 5210 4479 5211 4478 4427 3055 4427 3055 4428 3057 5210 4479 4426 3047 5211 4478 5212 4477 5211 4478 4426 3047 4427 3055 4426 3047 5213 4476 4425 3048 5213 4476 4426 3047 5212 4477 4425 3048 5214 4475 4424 3050 5214 4475 4425 3048 5213 4476 4424 3050 2648 1915 1869 741 2648 1915 4424 3050 5214 4475 4523 4562 4518 4567 4511 4570 3057 3119 3075 3138 3058 3135 3075 3138 3057 3119 3054 3118 2691 2702 5216 2993 2937 3320 5216 2993 2691 2702 5215 2716 2936 3321 5216 2993 5217 2992 5216 2993 2936 3321 2937 3320 2940 3318 5217 2992 5218 2996 5217 2992 2940 3318 2936 3321 3240 3317 2940 3318 5219 2998 5218 2996 5219 2998 2940 3318 2927 3319 3240 3317 5220 2976 5219 2998 5220 2976 3240 3317 5221 2974 2927 3319 5220 2976 2927 3319 5221 2974 2926 2985 5222 2972 2926 2985 5221 2974 2926 2985 5222 2972 2925 2982 2925 2982 5223 2971 2916 2966 5223 2971 2925 2982 5222 2972 2913 2959 2916 2966 5224 2979 2916 2966 5223 2971 5224 2979 2913 2959 5225 2981 2912 2960 5225 2981 2913 2959 5224 2979 5226 2986 2707 2967 2912 2960 2912 2960 5225 2981 5226 2986 5227 2955 2707 2967 5226 2986 2707 2967 5227 2955 2708 2724 5227 2955 2709 2721 2708 2724 2709 2721 5227 2955 5228 2954 5228 2954 2710 2717 2709 2721 2710 2717 5228 2954 5229 2958 2702 2718 2710 2717 5229 2958 2702 2718 5229 2958 5230 2709 2696 2696 2702 2718 5230 2709 2696 2696 5230 2709 5231 2707 2687 2697 2696 2696 5232 2706 2696 2696 5231 2707 5232 2706 2689 2698 2687 2697 5233 2712 2687 2697 5232 2706 5233 2712 5234 2714 2689 2698 5233 2712 2689 2698 5234 2714 2690 2700 5215 2716 2690 2700 5234 2714 2690 2700 5215 2716 2691 2702 3067 3131 3057 3119 3066 3128 5238 5243 3427 3770 3614 3769 3427 3770 5238 5243 3625 4179 5240 5245 1054 1583 5239 5244 5239 5244 1054 1583 76 1614 1043 1169 856 1172 5240 5245 5240 5245 856 1172 1054 1583 5239 5244 3625 4179 5238 5243 3625 4179 5239 5244 76 1614 3612 3767 3929 4181 5235 5246 3929 4181 3612 3767 3610 3765 5235 5246 89 1616 5236 5247 89 1616 5235 5246 3929 4181 89 1616 5237 5248 5236 5247 5237 5248 89 1616 1358 1584 1041 1168 1358 1584 1039 1165 1358 1584 1041 1168 5237 5248 5235 5246 3614 3769 3612 3767 3614 3769 5235 5246 5238 5243 5236 5247 5238 5243 5235 5246 5238 5243 5236 5247 5239 5244 5237 5248 5240 5245 5236 5247 5236 5247 5240 5245 5239 5244 1041 1168 1043 1169 5237 5248 5237 5248 1043 1169 5240 5245 2529 2615 2161 2218 2104 2222 2529 2615 2536 2223 2161 2218 5094 5184 5101 4792 5093 5183 736 798 1260 1372 735 795 3831 3972 81 1593 3307 3401 81 1593 3831 3972 79 1373 3226 3302 3223 3301 5241 3256 5241 3256 4446 3255 3226 3302 5242 622 1892 621 618 620 618 620 619 628 5242 622 3064 3127 3057 3119 3067 3131 3057 3119 3064 3127 3059 3120 483 487 488 484 486 483 3223 3301 9 672 51 671 9 672 3223 3301 3226 3302 51 671 9 672 657 623 657 623 9 672 656 624 5243 2134 2060 2118 2092 2149 5244 2131 5243 2134 2092 2149 5244 2131 2092 2149 2100 2156 2100 2156 5245 2132 5244 2131 5245 2132 2100 2156 2099 2155 2097 2133 5245 2132 2099 2155 2060 2118 2093 2627 5246 2150 2093 2627 2060 2118 2094 2152 5246 2150 2530 2626 2448 2616 2530 2626 5246 2150 2093 2627 5246 2150 2448 2616 5247 2157 5247 2157 2448 2616 2101 2161 5247 2157 2098 2160 5248 2154 2098 2160 5247 2157 2101 2161 2084 2142 5248 2154 2098 2160 5248 2154 2084 2142 2097 2133 2085 2141 2097 2133 2084 2142 2097 2133 2085 2141 2079 2135</p>
        </triangles>
      </mesh>
    </geometry>
    <geometry id="Eye_L-lib" name="Eye_LMesh">
      <mesh>
        <source id="Eye_L-POSITION">
          <float_array id="Eye_L-POSITION-array" count="1989">
2.922207 186.477921 11.925026
2.790931 186.226303 11.922790
3.124137 186.678207 11.919742
3.376957 186.807465 11.907135
3.655545 186.852570 11.888339
3.931918 186.808624 11.865280
4.178561 186.680466 11.840320
4.372159 186.483398 11.816072
4.495625 186.235046 11.795391
4.538540 185.958725 11.780788
4.493675 185.679962 11.772826
4.362501 185.428177 11.770440
4.161024 185.227707 11.775681
3.908743 185.098419 11.788709
3.630725 185.052780 11.808990
3.353430 185.095337 11.829146
3.104512 185.221848 11.852626
2.908061 185.419571 11.876431
2.783344 185.669861 11.897396
2.742827 185.947815 11.913480
3.349705 185.955338 11.802186
3.362513 185.865997 11.797001
3.402565 185.785400 11.790279
3.465200 185.722061 11.782673
3.544976 185.681320 11.775385
3.634087 185.667160 11.769586
3.723609 185.682220 11.762301
3.805112 185.724258 11.757889
3.869896 185.788452 11.756232
3.911728 185.868805 11.757022
3.928190 185.958267 11.759975
3.916212 186.048340 11.765053
3.876530 186.129486 11.771796
3.813022 186.194260 11.779510
3.732802 186.234802 11.787231
3.643148 186.248184 11.794464
3.553204 186.233078 11.800401
3.471903 186.190857 11.804354
3.407264 186.125931 11.806037
3.365201 186.045029 11.805328
3.145247 185.952820 11.845432
3.167378 185.799774 11.836581
3.236082 185.661606 11.824932
3.343556 185.552948 11.811947
3.480397 185.482895 11.801152
3.633354 185.457321 11.796688
3.786275 185.484344 11.778861
3.925675 185.556473 11.769573
4.036620 185.666794 11.766731
4.108486 185.804718 11.767963
4.134736 185.957687 11.773350
4.112705 186.110672 11.782304
4.044435 186.248459 11.793880
3.936501 186.357788 11.807019
3.800247 186.427292 11.820206
3.647983 186.450684 11.832397
3.494684 186.425797 11.842453
3.355509 186.354782 11.849210
3.244275 186.244812 11.852090
3.171783 186.106339 11.850828
2.907263 185.949890 11.891360
2.940248 185.722641 11.878132
3.042194 185.517792 11.860958
3.202124 185.356750 11.841582
3.405409 185.253021 11.825061
3.632372 185.217255 11.816922
3.859123 185.255386 11.792108
4.065490 185.361572 11.778720
4.230031 185.525208 11.774441
4.336939 185.730377 11.776384
4.373502 185.957794 11.784411
4.338169 186.183090 11.797512
4.237112 186.385468 11.814569
4.078790 186.546280 11.833980
3.877988 186.650589 11.853588
3.652973 186.686768 11.871766
3.425897 186.650558 11.886700
3.219441 186.545563 11.896756
3.054357 186.382477 11.901096
2.946870 186.177200 11.899246
2.712174 186.252411 11.891868
2.855097 186.526779 11.894490
3.075188 186.744995 11.887987
3.350682 186.886398 11.875427
3.654529 186.936752 11.855696
3.956874 186.890793 11.831216
4.228090 186.752899 11.805255
4.441459 186.537354 11.778982
4.576329 186.264618 11.756653
4.619591 185.961487 11.738801
4.567014 185.657883 11.727863
4.423980 185.383438 11.725404
4.204708 185.165222 11.731383
3.930078 185.024307 11.744840
3.627164 184.974823 11.764160
3.325464 185.021393 11.787669
3.054347 185.158661 11.814861
2.840353 185.374237 11.840920
2.704513 185.646637 11.863756
2.660346 185.949158 11.881393
3.503879 185.920578 11.680068
3.631468 185.962738 11.665881
3.497931 185.961807 11.682476
3.522421 185.883087 11.676951
3.551504 185.853729 11.673406
3.588525 185.834946 11.669839
3.629822 185.828476 11.666500
3.671412 185.835373 11.663838
3.709043 185.854645 11.661976
3.739079 185.884415 11.661130
3.758645 185.921844 11.661511
3.765825 185.963196 11.662989
3.759945 186.004807 11.665422
3.741567 186.042145 11.668594
3.712310 186.071747 11.672135
3.675285 186.090363 11.675685
3.633969 186.096725 11.678978
3.592462 186.089966 11.681661
3.554814 186.070633 11.683497
3.524726 186.040894 11.684189
3.505107 186.003448 11.683884
3.409404 185.887512 11.710286
3.398974 185.960312 11.714480
3.441853 185.821899 11.704792
3.492697 185.770752 11.698589
3.557402 185.737854 11.692318
3.629684 185.726685 11.686489
3.702393 185.738480 11.681759
3.768523 185.772476 11.678527
3.821105 185.824844 11.677166
3.855113 185.889954 11.677780
3.867445 185.962479 11.680489
3.856581 186.034729 11.684751
3.824122 186.099655 11.690224
3.773089 186.151093 11.696435
3.708967 186.183807 11.702569
3.637187 186.195053 11.708333
3.564751 186.183533 11.713120
3.498841 186.150299 11.716274
3.445915 186.098450 11.717575
3.411525 186.032852 11.716987
3.405068 185.882950 11.754798
3.438582 185.815353 11.749128
3.491002 185.762573 11.742763
3.557773 185.728546 11.736324
3.632253 185.716949 11.730310
3.707288 185.729279 11.725426
3.775451 185.764221 11.722065
3.829720 185.818054 11.720665
3.864762 185.885391 11.721317
3.877816 185.960236 11.723945
3.867285 186.034973 11.728194
3.833969 186.102371 11.733822
3.781073 186.155945 11.740230
3.714439 186.189911 11.746690
3.639970 186.201279 11.752674
3.565023 186.189072 11.757602
3.497091 186.154190 11.760920
3.442784 186.100266 11.762344
3.407351 186.032776 11.761722
3.394341 185.957947 11.759087
1.466485 186.743713 9.259313
1.774690 187.341202 9.264839
2.250579 187.817032 9.252440
2.853328 188.126450 9.223259
3.517161 188.236954 9.180230
4.175399 188.138016 9.127556
4.762995 187.839645 9.070445
5.224494 187.370010 9.014264
5.514519 186.774643 8.964559
5.604045 186.115402 8.926478
5.485854 185.454117 8.903480
5.173415 184.854507 8.897408
4.700661 184.371201 8.907916
4.109341 184.058441 8.935326
3.451878 183.949249 8.978020
2.791168 184.053986 9.032028
2.195043 184.359604 9.091190
1.726982 184.832855 9.148569
1.440554 185.423920 9.198065
1.351616 186.082001 9.236259
1.415343 186.749161 9.603365
1.734215 187.368561 9.609121
2.226163 187.862946 9.596276
2.849329 188.183197 9.566000
3.537206 188.297821 9.521384
4.220140 188.195221 9.466744
4.830825 187.885361 9.407398
5.309555 187.398117 9.349161
5.609820 186.781845 9.297772
5.702959 186.096985 9.258192
5.580601 185.411194 9.234301
5.257309 184.789642 9.227943
4.769107 184.289383 9.238735
4.157095 183.964890 9.267074
3.475715 183.851547 9.311328
2.790108 183.960587 9.367408
2.170286 184.278366 9.428952
1.685135 184.768631 9.488468
1.388490 185.382401 9.539912
1.296536 186.064590 9.579497
1.410649 186.738937 9.958000
1.733321 187.365875 9.963810
2.231305 187.866074 9.950845
2.861895 188.190140 9.920265
3.558047 188.306168 9.875050
4.249374 188.202271 9.819684
4.867651 187.888351 9.759602
5.352459 187.395325 9.700604
5.656756 186.771500 9.648626
5.751456 186.078369 9.608545
5.628061 185.384125 9.584367
5.301078 184.755173 9.577969
4.807171 184.249161 9.588912
4.188002 183.920898 9.617635
3.498432 183.806152 9.662349
2.804438 183.916687 9.719152
2.177023 184.238281 9.781439
1.685737 184.734314 9.841641
1.384652 185.355560 9.893745
1.290846 186.046188 9.933808
1.454899 186.712082 10.308012
1.773951 187.331116 10.313835
2.267522 187.824951 10.301013
2.890489 188.144882 10.270741
3.577715 188.259155 10.226107
4.260322 188.156479 10.171465
4.871065 187.846542 10.112080
5.350067 187.359512 10.053875
5.650924 186.743683 10.002490
5.744909 186.059265 9.962852
5.623526 185.373886 9.939042
5.300619 184.753342 9.932877
4.812536 184.254211 9.943810
4.200898 183.930695 9.972225
3.520016 183.817596 10.016555
2.835037 183.926544 10.072532
2.215920 184.243637 10.133910
1.731016 184.732651 10.193227
1.431693 185.346191 10.244626
1.337369 186.028137 10.284162
1.548417 186.669235 10.644791
1.856206 187.265167 10.650408
2.334318 187.740463 10.638047
2.934459 188.048386 10.608934
3.595852 188.158127 10.566023
4.252966 188.059128 10.513422
4.841028 187.760559 10.456226
5.302464 187.291779 10.400105
5.592523 186.698914 10.350616
5.683514 186.040161 10.312480
5.567139 185.380432 10.289522
5.256024 184.783768 10.283775
4.785213 184.304535 10.294648
4.195730 183.993866 10.322199
3.540107 183.885117 10.364946
2.881187 183.989578 10.418637
2.286239 184.294022 10.477480
1.819818 184.763901 10.534275
1.528877 185.354538 10.583766
1.436119 186.010956 10.621841
1.692060 186.611710 10.960073
1.982273 187.169876 10.965389
2.430997 187.614929 10.953832
2.992867 187.902954 10.926567
3.612126 188.005508 10.886373
4.227493 187.912674 10.837058
4.778438 187.633163 10.783469
5.210951 187.194016 10.730851
5.483156 186.638672 10.684506
5.568877 186.021744 10.648808
5.460167 185.403931 10.627205
5.168693 184.845901 10.622006
4.726217 184.398483 10.632627
4.173029 184.108292 10.658765
3.558774 184.006729 10.698740
2.942281 184.103836 10.748892
2.386405 184.387985 10.803631
1.950115 184.826874 10.856554
1.674856 185.380234 10.903010
1.586655 185.995178 10.938645
1.882995 186.540604 11.246227
2.147410 187.047028 11.250954
2.554609 187.450958 11.240467
3.064384 187.712372 11.215709
3.626225 187.805313 11.179206
4.184827 187.720917 11.134383
4.685013 187.467072 11.085752
5.077956 187.068649 11.038019
5.322190 186.563644 10.995623
5.401247 186.004578 10.963361
5.303894 185.443802 10.942043
5.041011 184.937195 10.939220
4.637583 184.533066 10.949347
4.134092 184.270752 10.973346
3.576169 184.178497 11.009738
3.017349 184.265961 11.055058
2.514365 184.522308 11.104349
2.119101 184.920105 11.152132
1.868364 185.422653 11.194285
1.787017 185.980835 11.226723
2.115482 186.457657 11.495967
2.346467 186.900223 11.500079
2.702038 187.252930 11.490859
3.147174 187.481049 11.469264
3.637955 187.562393 11.437359
4.125947 187.488480 11.398178
4.563149 187.266739 11.355671
4.905189 186.917343 11.313614
5.117522 186.476273 11.276278
5.187561 185.988800 11.248228
5.106663 185.498795 11.231423
4.874580 185.056183 11.226762
4.522085 184.704178 11.236763
4.080729 184.476089 11.258070
3.592798 184.395767 11.289932
3.105316 184.471298 11.329346
2.667468 184.693863 11.371995
2.322218 185.041397 11.413670
2.103072 185.480515 11.450494
2.031667 185.968369 11.478905
2.381403 186.365067 11.705895
2.573407 186.733429 11.709311
2.868959 187.026932 11.701697
3.239037 187.216599 11.683725
3.647213 187.284134 11.657177
4.053125 187.222412 11.624550
4.416119 187.036758 11.588859
4.699037 186.745316 11.553313
4.877676 186.379883 11.522515
4.937377 185.974869 11.499607
4.870625 185.567307 11.485966
4.678424 185.198837 11.482339
4.384072 184.906082 11.490194
4.015710 184.717056 11.508213
3.609364 184.650406 11.534801
3.204459 184.712708 11.567367
2.840649 184.897491 11.602749
2.553398 185.186630 11.637500
2.371001 185.552063 11.668114
2.311617 185.957962 11.691713
2.637194 186.277466 11.869161
2.791410 186.573593 11.871783
3.028853 186.809280 11.865808
3.326169 186.961716 11.851463
3.653992 187.015854 11.829765
3.980374 186.966614 11.802383
4.273319 186.818680 11.772024
4.503950 186.585907 11.742642
4.649550 186.291077 11.717961
4.695713 185.963623 11.701324
4.638052 185.635895 11.692773
4.483838 185.339905 11.689983
4.247138 185.104614 11.696130
3.951048 184.952667 11.710634
3.624413 184.899078 11.731972
3.298953 184.949127 11.758125
3.006522 185.097534 11.786575
2.775695 185.330139 11.814509
2.629197 185.623810 11.839127
2.581470 185.950073 11.858022
2.919766 186.479477 11.957502
2.787671 186.226181 11.955158
3.122868 186.681152 11.952278
3.377237 186.811066 11.939929
3.657568 186.856415 11.921674
3.935889 186.812164 11.899456
4.184597 186.683334 11.875324
4.380097 186.485092 11.851390
4.504422 186.235291 11.830318
4.546614 185.957123 11.813891
4.500775 185.676529 11.803684
4.368824 185.423355 11.801350
4.166149 185.221741 11.806650
3.912317 185.091553 11.819047
3.632470 185.045700 11.837264
3.353631 185.088425 11.859704
3.103167 185.215668 11.884055
2.905602 185.414703 11.907981
2.780045 185.666290 11.929099
2.739305 185.945999 11.945337
3.274596 186.149338 7.521007
3.288539 186.119690 7.518751
3.310991 186.096344 7.516152
3.340155 186.081848 7.513160
3.372452 186.076843 7.510581
3.405303 186.081940 7.508466
3.434623 186.096786 7.506739
3.458107 186.119675 7.506269
3.474146 186.148895 7.506597
3.479975 186.181854 7.507745
3.476315 186.214767 7.509849
3.462027 186.243546 7.511992
3.439552 186.266907 7.514832
3.410732 186.281723 7.517626
3.378871 186.286835 7.520105
3.345873 186.281601 7.522387
3.316128 186.266846 7.523809
3.292071 186.243256 7.524282
3.275980 186.213135 7.524084
3.270069 186.181519 7.523026
5.383872 186.752487 8.673553
5.108723 187.316757 8.720644
4.672846 187.760361 8.773702
4.120993 188.040588 8.827346
3.501174 188.134445 8.877058
2.871861 188.029984 8.917831
2.298100 187.736542 8.945574
1.848195 187.290466 8.957163
1.555805 186.725327 8.951911
1.446607 186.096420 8.930050
1.531619 185.473755 8.893945
1.802659 184.919327 8.847468
2.247024 184.470856 8.793151
2.805807 184.183975 8.737781
3.427337 184.085434 8.687100
4.050104 184.187943 8.646639
4.611026 184.483475 8.620515
5.061906 184.942719 8.610286
5.357628 185.509689 8.615958
5.468402 186.132538 8.637689
5.213352 186.719360 8.404773
4.963871 187.233215 8.447566
4.562945 187.641434 8.496367
4.048426 187.903320 8.546412
3.479069 187.989044 8.592037
2.897052 187.891144 8.629744
2.371699 187.621933 8.655088
1.957116 187.210907 8.665660
1.684254 186.687790 8.660797
1.583760 186.115433 8.640884
1.662907 185.539627 8.607494
1.914735 185.028641 8.564692
2.324657 184.615875 8.514800
2.840739 184.351807 8.463840
3.409935 184.263138 8.417592
3.987333 184.359634 8.380169
4.504676 184.632309 8.355970
4.917559 185.051895 8.346470
5.189729 185.572037 8.351515
5.291387 186.142776 8.371443
5.010928 186.670624 8.164538
4.786639 187.131744 8.202996
4.428629 187.495987 8.246567
3.969718 187.729141 8.291209
3.457036 187.806305 8.332216
2.939511 187.719406 8.365779
2.470580 187.478653 8.388406
2.096116 187.108109 8.397950
1.851056 186.641876 8.393577
1.760540 186.128555 8.375720
1.832424 185.615997 8.345998
2.059321 185.156693 8.307506
2.422323 184.790009 8.263401
2.882866 184.554901 8.218097
3.394735 184.475342 8.176637
3.909704 184.561371 8.143201
4.372931 184.803635 8.121400
4.743156 185.175781 8.112490
4.988406 185.641953 8.116910
5.080608 186.156174 8.134806
4.791053 186.613434 7.966363
4.594998 187.015533 7.999917
4.282756 187.332458 8.037870
3.884660 187.534363 8.076575
3.440773 187.600922 8.112080
2.992170 187.526215 8.141158
2.584156 187.317383 8.160899
2.257045 186.994812 8.169320
2.043067 186.590240 8.165561
1.963301 186.143204 8.150059
2.025563 185.697052 8.124249
2.223979 185.294724 8.090553
2.538203 184.977310 8.052458
2.937799 184.773911 8.013356
3.381960 184.705490 7.977470
3.829512 184.780151 7.948404
4.232647 184.989349 7.929232
4.557903 185.313309 7.921098
4.771543 185.718719 7.924880
4.851800 186.166656 7.940478
4.545688 186.550171 7.801733
4.381918 186.882538 7.829601
4.120205 187.146271 7.861301
3.791732 187.312347 7.893178
3.428864 187.366776 7.922248
3.055541 187.305649 7.946505
2.717080 187.134506 7.962970
2.444242 186.867889 7.970040
2.264434 186.532288 7.967147
2.196095 186.160278 7.954366
2.246989 185.785934 7.932803
2.413436 185.447235 7.904454
2.675199 185.183090 7.872785
3.005347 185.015823 7.840663
3.369579 184.960464 7.811359
3.745219 185.022369 7.786914
4.079177 185.193970 7.770828
4.355104 185.467804 7.763748
4.532178 185.804779 7.766978
4.597578 186.177307 7.780037
4.264401 186.465179 7.664783
4.141595 186.716263 7.685776
3.940735 186.920273 7.710202
3.695519 187.046097 7.734066
3.414974 187.088593 7.756551
3.123338 187.041290 7.775565
2.869231 186.913040 7.787920
2.663105 186.711792 7.793299
2.525120 186.456131 7.791116
2.472238 186.168884 7.781282
2.511160 185.878525 7.764576
2.632294 185.629517 7.743803
2.828697 185.428818 7.719914
3.080218 185.298737 7.695385
3.361564 185.254303 7.672715
3.645317 185.298813 7.654122
3.904288 185.430023 7.641479
4.118087 185.639816 7.635899
4.251670 185.890396 7.638186
4.302918 186.175705 7.648094
3.955097 186.365906 7.567338
3.872867 186.534805 7.581424
3.746644 186.664551 7.596817
3.584847 186.748062 7.612619
3.400457 186.777420 7.627469
3.211137 186.747086 7.639799
3.038519 186.659775 7.648207
2.906219 186.530411 7.651686
2.816771 186.362442 7.650186
2.781975 186.170303 7.643527
2.807410 185.983597 7.632744
2.885104 185.824203 7.619481
3.012629 185.693100 7.603858
3.178471 185.607452 7.587693
3.367615 185.577454 7.572444
3.548377 185.605988 7.560627
3.716742 185.691116 7.552388
3.854674 185.824524 7.548738
3.944293 185.991745 7.550212
3.979581 186.182632 7.556747
3.650069 186.269363 7.518680
3.611411 186.349380 7.525381
3.551075 186.411621 7.532744
3.473148 186.452057 7.540359
3.385612 186.466202 7.547390
3.296775 186.452011 7.553191
3.215003 186.410797 7.557200
3.150810 186.347992 7.558866
3.107672 186.267029 7.558099
3.091590 186.178467 7.555075
3.103411 186.090881 7.550030
3.141041 186.012878 7.543548
3.201988 185.950104 7.536105
3.280498 185.909683 7.528370
3.369385 185.895691 7.521243
3.456587 185.909286 7.515517
3.536825 185.949982 7.511609
3.601738 186.012543 7.509922
3.644701 186.092545 7.510645
3.661478 186.181992 7.513667
3.660964 185.937531 12.146461
3.461782 185.937241 12.147844
3.470689 185.876053 12.144259
3.498229 185.820679 12.139572
3.541307 185.777054 12.134409
3.596155 185.749237 12.129125
3.657292 185.739731 12.124176
3.718821 185.749817 12.120115
3.774458 185.778351 12.117419
3.818865 185.822571 12.116256
3.847887 185.877945 12.116703
3.858630 185.939331 12.118715
3.850055 186.000824 12.122206
3.822698 186.056305 12.126704
3.779310 186.100113 12.131919
3.724324 186.128204 12.137220
3.662968 186.137589 12.142200
3.601306 186.127441 12.146221
3.545532 186.098663 12.149033
3.501002 186.054459 12.150273
3.472167 185.998810 12.149917
3.274076 185.938248 12.126490
3.291252 185.819611 12.119575
3.344532 185.712204 12.110616
3.427933 185.627975 12.100491
3.534015 185.574203 12.090236
3.652312 185.555786 12.080720
3.771406 185.575256 12.072894
3.879566 185.630630 12.067649
3.965569 185.716476 12.065426
4.021175 185.823334 12.066366
4.041296 185.942062 12.070332
4.023942 186.060623 12.077080
3.970841 186.166916 12.085939
3.887100 186.251221 12.096078
3.781598 186.305161 12.106263
3.663684 186.323502 12.115809
3.544931 186.304504 12.123665
3.437193 186.249557 12.129095
3.350970 186.164551 12.131409
3.294684 186.057236 12.130584
3.084526 185.939987 12.084441
3.110075 185.763977 12.074191
3.189183 185.604919 12.060902
3.313189 185.479645 12.045917
3.470744 185.399643 12.030598
3.646332 185.372421 12.016441
3.822875 185.401352 12.004908
3.983539 185.483749 11.997066
4.111317 185.610733 11.994026
4.194195 185.769501 11.995945
4.223402 185.946167 12.001190
4.197279 186.121597 12.011200
4.118609 186.278351 12.024481
3.994554 186.402863 12.039693
3.838028 186.484299 12.054785
3.663006 186.512466 12.068847
3.486536 186.484055 12.080539
3.326605 186.402481 12.088442
3.198533 186.276016 12.091863
3.115068 186.116592 12.090455
2.902727 185.942917 12.021747
2.936307 185.711670 12.008332
3.040042 185.503494 11.990846
3.202840 185.339569 11.971165
3.409388 185.234634 11.951051
3.639581 185.198990 11.932542
3.870726 185.236969 11.917450
4.080820 185.344803 11.907157
4.248135 185.511353 11.902843
4.356867 185.719788 11.905045
4.395136 185.951279 11.912681
4.360470 186.180923 11.925944
4.257495 186.386124 11.943475
4.095559 186.549271 11.963422
3.890330 186.656326 11.983222
3.660860 186.693420 12.001580
3.429605 186.656311 12.016823
3.219677 186.549332 12.027155
3.051956 186.383179 12.031563
2.942742 186.174194 12.029678
3.623147 185.970306 11.529490
3.030008 186.400711 11.770993
2.919253 186.189590 11.768779
3.199024 186.569122 11.766482
3.411284 186.677795 11.756232
3.645190 186.716202 11.741110
3.877488 186.680817 11.722116
4.086281 186.575195 11.701821
4.250957 186.408936 11.681939
4.354626 186.198822 11.664345
4.388323 185.965668 11.651012
4.347289 185.732239 11.642956
4.237148 185.520813 11.640368
4.068386 185.352768 11.645467
3.856512 185.244171 11.655545
3.623290 185.205963 11.670560
3.391205 185.241394 11.689412
3.182454 185.347137 11.709656
3.017383 185.513626 11.730293
2.913595 185.723175 11.747351
2.879157 185.956207 11.760714
</float_array>
          <technique_common>
            <accessor source="#Eye_L-POSITION-array" count="663" stride="3">
              <param name="X" type="float"/>
              <param name="Y" type="float"/>
              <param name="Z" type="float"/>
            </accessor>
          </technique_common>
        </source>
        <source id="Eye_L-Normal0">
          <float_array id="Eye_L-Normal0-array" count="1989">
-0.050906 0.044679 0.997704
-0.072250 0.002464 0.997384
-0.017917 0.077923 0.996798
0.024946 0.097176 0.994955
0.072612 0.101825 0.992149
0.118241 0.091559 0.988755
0.157429 0.067250 0.985238
0.187318 0.034807 0.981683
0.207021 -0.002660 0.978333
0.219224 -0.045336 0.974621
0.217194 -0.093913 0.971600
0.195722 -0.137711 0.970942
0.165291 -0.171951 0.971140
0.132608 -0.208003 0.969097
0.071270 -0.229551 0.970684
0.010393 -0.210797 0.977475
-0.021792 -0.173317 0.984625
-0.051761 -0.136012 0.989354
-0.073244 -0.092488 0.993016
-0.080422 -0.044538 0.995765
0.283259 -0.048678 0.957807
0.272685 0.017280 0.961948
0.242496 0.076556 0.967127
0.191700 0.128794 0.972966
0.118371 0.174055 0.977596
0.070789 0.193217 0.978599
0.022367 0.175308 0.984260
-0.051024 0.132237 0.989904
-0.101459 0.081129 0.991526
-0.132177 0.022846 0.990963
-0.142824 -0.042534 0.988834
-0.133113 -0.109590 0.985023
-0.103095 -0.170830 0.979892
-0.055441 -0.218965 0.974156
0.005181 -0.250434 0.968120
0.072242 -0.261321 0.962545
0.138337 -0.250754 0.958115
0.197360 -0.220280 0.955262
0.243866 -0.173176 0.954222
0.273233 -0.114208 0.955144
0.195222 -0.048402 0.979564
0.189153 -0.010108 0.981896
0.171693 0.024352 0.984850
0.138800 0.056363 0.988715
0.084485 0.084298 0.992853
0.071902 0.095869 0.992794
0.059085 0.084788 0.994646
0.005089 0.057900 0.998309
-0.027583 0.026677 0.999264
-0.045276 -0.007516 0.998946
-0.051932 -0.045761 0.997602
-0.046404 -0.084489 0.995343
-0.028906 -0.119895 0.992366
-0.001632 -0.147803 0.989016
0.033316 -0.165609 0.985629
0.072405 -0.171726 0.982480
0.110748 -0.165628 0.979950
0.144916 -0.148067 0.978302
0.172079 -0.120687 0.977662
0.189377 -0.086465 0.978090
0.160111 -0.047749 0.985943
0.156196 -0.020580 0.987512
0.143815 0.004090 0.989596
0.118690 0.024938 0.992618
0.075975 0.032129 0.996592
0.072308 0.029541 0.996945
0.068988 0.032459 0.997089
0.026266 0.025992 0.999317
0.001005 0.005612 0.999984
-0.009913 -0.018414 0.999781
-0.010347 -0.044393 0.998961
-0.002694 -0.070027 0.997541
0.010102 -0.092904 0.995624
0.026753 -0.111460 0.993409
0.048047 -0.124591 0.991044
0.073301 -0.130830 0.988691
0.099331 -0.128510 0.986721
0.123245 -0.117480 0.985398
0.142580 -0.098731 0.984847
0.155307 -0.074618 0.985044
-0.337935 0.092507 0.936612
-0.276530 0.210834 0.937593
-0.183233 0.303028 0.935200
-0.063197 0.354055 0.933087
0.067635 0.360562 0.930280
0.188416 0.324429 0.926955
0.287738 0.255007 0.923135
0.362770 0.167347 0.916730
0.419080 0.069160 0.905312
0.461275 -0.044616 0.886135
0.466162 -0.175016 0.867215
0.413266 -0.297496 0.860644
0.318917 -0.391800 0.863009
0.201488 -0.460275 0.864610
0.063983 -0.491039 0.868785
-0.072718 -0.465773 0.881911
-0.188624 -0.394035 0.899532
-0.282155 -0.293926 0.913234
-0.342860 -0.172735 0.923369
-0.361907 -0.038936 0.931401
0.248664 0.009066 0.968547
0.072544 -0.047419 0.996237
0.257712 -0.048423 0.965008
0.222294 0.061127 0.973062
0.180403 0.103219 0.978162
0.128483 0.130348 0.983108
0.070762 0.140055 0.987612
0.013036 0.131481 0.991233
-0.038111 0.106153 0.993619
-0.079423 0.065295 0.994700
-0.106707 0.012468 0.994212
-0.116505 -0.045612 0.992142
-0.107739 -0.103685 0.988758
-0.081261 -0.156802 0.984281
-0.039916 -0.198626 0.979262
0.012964 -0.225309 0.974201
0.071355 -0.235080 0.969353
0.129264 -0.226373 0.965425
0.180301 -0.200367 0.962987
0.221490 -0.158771 0.962151
0.248569 -0.105774 0.962821
0.647510 0.148655 0.747417
0.676793 -0.044013 0.734857
0.559809 0.323477 0.762874
0.421111 0.463515 0.779628
0.248393 0.553632 0.794854
0.055813 0.585723 0.808588
-0.137323 0.557536 0.818716
-0.310275 0.470824 0.825866
-0.447963 0.334758 0.829015
-0.538217 0.161494 0.827189
-0.569524 -0.031787 0.821360
-0.537642 -0.225568 0.812441
-0.448817 -0.401083 0.798559
-0.310807 -0.539566 0.782475
-0.135939 -0.628385 0.765933
0.056265 -0.659567 0.749537
0.247340 -0.630552 0.735681
0.419211 -0.544667 0.726360
0.556900 -0.409134 0.722822
0.645648 -0.235769 0.726327
0.816804 0.215680 0.535082
0.702229 0.445515 0.555329
0.520285 0.630260 0.576261
0.290790 0.749542 0.594666
0.040575 0.791919 0.609277
-0.209909 0.753287 0.623295
-0.437851 0.638554 0.632879
-0.618775 0.460501 0.636440
-0.735282 0.235469 0.635542
-0.772547 -0.014901 0.634783
-0.728791 -0.267872 0.630165
-0.610122 -0.495668 0.618113
-0.429546 -0.674890 0.600012
-0.202382 -0.791464 0.576738
0.045989 -0.832585 0.551985
0.293408 -0.795263 0.530535
0.517597 -0.684575 0.513274
0.696703 -0.510512 0.503967
0.813012 -0.287687 0.506210
0.854746 -0.037371 0.517700
-0.925781 0.315700 -0.207999
-0.791004 0.576529 -0.204759
-0.579945 0.786614 -0.211903
-0.317934 0.921130 -0.224583
-0.025942 0.970268 -0.240640
0.272356 0.925920 -0.261715
0.545729 0.787295 -0.286963
0.761261 0.568163 -0.312527
0.895439 0.294591 -0.333775
0.936719 -0.003888 -0.350062
0.884581 -0.293872 -0.362153
0.751322 -0.546661 -0.369700
0.547744 -0.749807 -0.371169
0.280007 -0.888668 -0.363133
-0.021715 -0.938382 -0.344916
-0.319820 -0.891737 -0.320188
-0.585280 -0.755373 -0.294720
-0.798064 -0.539683 -0.268022
-0.933999 -0.263832 -0.240910
-0.974931 0.029425 -0.220553
-0.945110 0.318836 -0.071491
-0.806520 0.587416 -0.066834
-0.589654 0.804590 -0.070308
-0.317817 0.944740 -0.080372
-0.015580 0.995245 -0.096147
0.292454 0.949061 -0.117276
0.574624 0.805970 -0.142196
0.797403 0.579587 -0.168012
0.935640 0.296681 -0.191201
0.977663 -0.010990 -0.209892
0.924262 -0.309940 -0.222886
0.788012 -0.571382 -0.229261
0.578513 -0.782967 -0.228662
0.301796 -0.927771 -0.219453
-0.011342 -0.979413 -0.201547
-0.319881 -0.930633 -0.177758
-0.594201 -0.789775 -0.152251
-0.815242 -0.565141 -0.126477
-0.954645 -0.279644 -0.102238
-0.996229 0.023180 -0.083610
-0.946232 0.315743 0.070363
-0.805458 0.587609 0.077156
-0.585797 0.806753 0.077407
-0.310292 0.948088 0.069634
-0.004490 0.998481 0.054910
0.306656 0.951189 0.034660
0.591173 0.806477 0.010394
0.815838 0.578073 -0.015512
0.955435 0.292467 -0.040081
0.998014 -0.017637 -0.060468
0.944580 -0.319789 -0.074186
0.807399 -0.584617 -0.079559
0.595967 -0.799342 -0.076654
0.316470 -0.946318 -0.065799
-0.000305 -0.998839 -0.048179
-0.312564 -0.949540 -0.026040
-0.590041 -0.807372 -0.001683
-0.814228 -0.580097 0.022829
-0.955595 -0.291415 0.043773
-0.998124 0.015607 0.059197
-0.927293 0.305766 0.215950
-0.786258 0.575830 0.224097
-0.567847 0.791351 0.226525
-0.295421 0.929626 0.220276
0.006827 0.978348 0.206853
0.313658 0.930750 0.187948
0.593782 0.787606 0.164620
0.814975 0.562591 0.138949
0.952773 0.281536 0.113847
0.995422 -0.024049 0.092506
0.943276 -0.322672 0.078191
0.807671 -0.585022 0.073595
0.598637 -0.797143 0.078715
0.323203 -0.941928 0.091169
0.011120 -0.994044 0.108411
-0.297278 -0.946048 0.128914
-0.571936 -0.806102 0.151952
-0.793794 -0.582449 0.175054
-0.934825 -0.298011 0.193109
-0.978587 0.006869 0.205718
-0.885942 0.288616 0.363052
-0.747984 0.550413 0.370899
-0.536347 0.757377 0.372442
-0.273585 0.889441 0.366122
0.017981 0.935239 0.353561
0.313185 0.888316 0.335872
0.582234 0.750053 0.313725
0.794709 0.533855 0.288852
0.927673 0.263998 0.264060
0.969634 -0.029920 0.242726
0.920072 -0.318286 0.228389
0.788719 -0.572337 0.224392
0.586444 -0.776343 0.231030
0.321775 -0.914733 0.244385
0.022267 -0.965075 0.261024
-0.274786 -0.919793 0.280133
-0.540158 -0.785509 0.302000
-0.754261 -0.571076 0.323979
-0.891642 -0.298126 0.340729
-0.935739 -0.002262 0.352686
-0.820885 0.264487 0.506157
-0.690460 0.511125 0.511875
-0.492088 0.704924 0.510815
-0.245381 0.828348 0.503615
0.028662 0.870327 0.491639
0.305317 0.825259 0.475110
0.556998 0.695241 0.454305
0.755965 0.492108 0.431679
0.880215 0.239562 0.409673
0.920178 -0.035035 0.389931
0.875119 -0.305857 0.374991
0.751597 -0.546227 0.369780
0.560299 -0.737939 0.376180
0.312590 -0.866236 0.389773
0.032892 -0.913375 0.405789
-0.245722 -0.871792 0.423792
-0.495668 -0.746040 0.444677
-0.696371 -0.545496 0.466370
-0.825643 -0.290324 0.483763
-0.868095 -0.010908 0.496279
-0.735180 0.233586 0.636355
-0.616989 0.458762 0.639423
-0.436655 0.635323 0.636943
-0.211418 0.747593 0.629609
0.038605 0.785114 0.618147
0.290414 0.743209 0.602744
0.519087 0.624002 0.584098
0.699892 0.437600 0.564498
0.811769 0.208810 0.545371
0.849223 -0.038430 0.526635
0.810528 -0.285807 0.511233
0.697597 -0.507190 0.506079
0.521563 -0.682807 0.511612
0.296315 -0.798423 0.524135
0.042718 -0.840894 0.539512
-0.210889 -0.803432 0.556798
-0.439356 -0.688596 0.576890
-0.621747 -0.505791 0.598002
-0.738725 -0.274124 0.615745
-0.777726 -0.018882 0.628320
-0.634940 0.197513 0.746887
-0.531477 0.396588 0.748499
-0.372547 0.552665 0.745500
-0.173473 0.651541 0.738513
0.047440 0.684076 0.727867
0.269561 0.646151 0.714021
0.470964 0.539304 0.698100
0.629879 0.374495 0.680445
0.729039 0.175762 0.661521
0.764285 -0.039560 0.643664
0.731119 -0.260018 0.630759
0.629889 -0.458400 0.626985
0.473198 -0.613772 0.631956
0.274171 -0.715306 0.642781
0.051323 -0.751845 0.657340
-0.172131 -0.718244 0.674164
-0.374003 -0.616239 0.693088
-0.534851 -0.454793 0.712108
-0.637627 -0.250993 0.728310
-0.671962 -0.025774 0.740137
-0.543016 0.164670 0.823418
-0.452882 0.338909 0.824645
-0.313930 0.475770 0.821639
-0.139515 0.562331 0.815058
0.054116 0.590149 0.805479
0.248587 0.555849 0.793245
0.424924 0.461869 0.778535
0.564125 0.320115 0.761111
0.652492 0.148656 0.743071
0.683465 -0.040060 0.728884
0.652975 -0.234961 0.720011
0.564187 -0.410526 0.716353
0.426684 -0.547259 0.720033
0.252077 -0.635924 0.729423
0.057521 -0.667149 0.742700
-0.137749 -0.636784 0.758638
-0.314507 -0.546792 0.775954
-0.455103 -0.405571 0.792712
-0.545007 -0.227474 0.806984
-0.575125 -0.030596 0.817493
-0.484569 0.144205 0.862785
-0.402836 0.302150 0.863961
-0.276656 0.426186 0.861294
-0.117913 0.504547 0.855295
0.058318 0.529117 0.846542
0.234861 0.497353 0.835153
0.394470 0.413712 0.820510
0.521332 0.288008 0.803284
0.602298 0.132301 0.787231
0.629907 -0.041236 0.775575
0.601266 -0.218539 0.768583
0.520284 -0.378186 0.765690
0.395495 -0.503071 0.768442
0.237417 -0.583729 0.776463
0.060915 -0.611788 0.788673
-0.116415 -0.583754 0.803542
-0.276961 -0.501717 0.819495
-0.404586 -0.373382 0.834803
-0.486195 -0.211693 0.847821
-0.513608 -0.032972 0.857391
-0.358620 0.269879 0.893620
-0.433088 0.126298 0.892459
-0.243255 0.382510 0.891355
-0.098141 0.453297 0.885940
0.062700 0.475526 0.877464
0.223437 0.447063 0.866147
0.367164 0.372254 0.852419
0.481339 0.258968 0.837406
0.555063 0.116797 0.823568
0.580650 -0.041634 0.813088
0.555209 -0.203484 0.806435
0.481260 -0.349184 0.804027
0.367587 -0.462777 0.806670
0.223771 -0.536165 0.813912
0.063187 -0.561670 0.824945
-0.098035 -0.536043 0.838479
-0.244038 -0.461376 0.852982
-0.360104 -0.344723 0.866886
-0.434376 -0.197702 0.878767
-0.459482 -0.034953 0.887499
-0.172331 0.017290 -0.984887
-0.156583 -0.013067 -0.987578
-0.133930 -0.035860 -0.990342
-0.104817 -0.051200 -0.993173
-0.072321 -0.057331 -0.995732
-0.040897 -0.053624 -0.997723
-0.010892 -0.039608 -0.999156
0.013602 -0.016171 -0.999777
0.027875 0.012487 -0.999533
0.032257 0.044993 -0.998466
0.027293 0.077348 -0.996631
0.012908 0.106406 -0.994239
-0.010524 0.131008 -0.991326
-0.039097 0.146392 -0.988454
-0.072229 0.152256 -0.985698
-0.104913 0.147962 -0.983413
-0.133107 0.134450 -0.981940
-0.157014 0.111468 -0.981286
-0.172247 0.082186 -0.981619
-0.177603 0.050079 -0.982827
0.834959 0.285228 -0.470626
0.707275 0.544787 -0.450522
0.502882 0.751017 -0.427883
0.246903 0.881043 -0.403487
-0.034815 0.923745 -0.381424
-0.310340 0.877961 -0.364519
-0.557993 0.751604 -0.351759
-0.757649 0.553973 -0.345082
-0.886385 0.307521 -0.346054
-0.933404 0.033782 -0.357233
-0.892737 -0.243983 -0.378805
-0.762967 -0.502702 -0.406415
-0.562779 -0.704201 -0.432876
-0.313421 -0.832255 -0.457296
-0.032529 -0.876082 -0.481063
0.250448 -0.830112 -0.498187
0.504079 -0.701314 -0.504046
0.698947 -0.509898 -0.501475
0.825879 -0.270021 -0.494987
0.874260 0.004874 -0.485434
0.759840 0.270912 -0.590973
0.642631 0.509060 -0.572610
0.453680 0.699562 -0.552076
0.215446 0.820709 -0.529169
-0.044875 0.860954 -0.506699
-0.299961 0.818998 -0.489148
-0.526711 0.702088 -0.479216
-0.709975 0.519966 -0.474943
-0.830025 0.292183 -0.475066
-0.873552 0.039527 -0.485123
-0.834354 -0.218476 -0.506085
-0.713988 -0.457018 -0.530430
-0.529712 -0.642290 -0.553957
-0.297984 -0.759941 -0.577664
-0.039216 -0.799793 -0.598993
0.221612 -0.757949 -0.613516
0.455394 -0.640778 -0.618077
0.635237 -0.465436 -0.616314
0.752166 -0.243373 -0.612385
0.796398 0.010715 -0.604677
0.672574 0.251147 -0.696110
0.565361 0.466615 -0.680174
0.395999 0.638513 -0.659913
0.182966 0.747384 -0.638702
-0.052824 0.784297 -0.618133
-0.282168 0.747006 -0.601966
-0.486796 0.641170 -0.593238
-0.651203 0.477458 -0.589889
-0.758062 0.272751 -0.592409
-0.796583 0.042467 -0.603035
-0.760873 -0.189485 -0.620619
-0.653812 -0.403067 -0.640365
-0.488868 -0.570279 -0.660144
-0.280230 -0.676067 -0.681472
-0.046207 -0.712470 -0.700179
0.186823 -0.676120 -0.712712
0.396291 -0.572288 -0.717941
0.559581 -0.414779 -0.717515
0.666336 -0.213158 -0.714535
0.706493 0.017712 -0.707498
0.570565 0.227442 -0.789129
0.476725 0.414320 -0.775288
0.329870 0.563350 -0.757511
0.145259 0.659062 -0.737927
-0.058751 0.691346 -0.720131
-0.258132 0.659239 -0.706238
-0.436952 0.567893 -0.697546
-0.578969 0.426153 -0.695118
-0.671010 0.247286 -0.698996
-0.703709 0.046588 -0.708959
-0.672652 -0.155593 -0.723416
-0.580814 -0.340064 -0.739603
-0.437310 -0.486570 -0.756313
-0.255832 -0.579790 -0.773559
-0.052900 -0.611460 -0.789506
0.148216 -0.580572 -0.800605
0.330301 -0.491203 -0.805991
0.473125 -0.354040 -0.806727
0.567308 -0.177053 -0.804248
0.601181 0.024083 -0.798750
0.456393 0.199913 -0.867030
0.377853 0.354792 -0.855190
0.256899 0.476948 -0.840550
0.103981 0.556214 -0.824508
-0.063640 0.582640 -0.810235
-0.227351 0.557957 -0.798120
-0.376994 0.483861 -0.789781
-0.495121 0.366590 -0.787698
-0.571328 0.217778 -0.791301
-0.598441 0.051066 -0.799538
-0.573977 -0.117183 -0.810443
-0.497504 -0.272174 -0.823658
-0.377083 -0.394012 -0.838191
-0.226668 -0.471316 -0.852340
-0.059662 -0.498511 -0.864828
0.107079 -0.474033 -0.873972
0.258429 -0.399927 -0.879359
0.377748 -0.285382 -0.880831
0.456379 -0.135555 -0.879399
0.482520 0.031754 -0.875309
0.336701 0.166239 -0.926821
0.275942 0.286752 -0.917404
0.182646 0.381656 -0.906079
0.063572 0.443091 -0.894220
-0.067700 0.464675 -0.882890
-0.195304 0.446234 -0.873345
-0.311636 0.389345 -0.866772
-0.404076 0.298442 -0.864670
-0.463158 0.182270 -0.867331
-0.484549 0.052248 -0.873203
-0.466495 -0.078770 -0.881010
-0.407282 -0.198803 -0.891403
-0.313685 -0.292799 -0.903256
-0.196454 -0.353676 -0.914505
-0.066582 -0.377358 -0.923671
0.063464 -0.360173 -0.930724
0.182611 -0.302105 -0.935621
0.275305 -0.212677 -0.937537
0.335990 -0.095190 -0.937043
0.356896 0.034629 -0.933502
0.214699 0.131530 -0.967783
0.171828 0.216330 -0.961081
0.106683 0.282908 -0.953196
0.022306 0.326832 -0.944819
-0.069931 0.343763 -0.936449
-0.160174 0.330539 -0.930101
-0.242802 0.289446 -0.925888
-0.308754 0.225167 -0.924105
-0.350777 0.143135 -0.925456
-0.366076 0.051534 -0.929157
-0.352193 -0.039645 -0.935087
-0.309320 -0.124399 -0.942786
-0.244215 -0.191099 -0.950705
-0.161396 -0.235014 -0.958499
-0.070296 -0.252026 -0.965164
0.022398 -0.240000 -0.970515
0.105625 -0.199848 -0.974117
0.170386 -0.136569 -0.975868
0.213415 -0.052549 -0.975547
0.229311 0.038703 -0.972583
0.107554 0.101237 -0.989031
0.081240 0.153419 -0.984816
0.039186 0.196102 -0.979800
-0.013072 0.224249 -0.974444
-0.071322 0.235099 -0.969351
-0.129402 0.227134 -0.965228
-0.180678 0.201633 -0.962652
-0.222824 0.160117 -0.961620
-0.250107 0.108502 -0.962120
-0.259489 0.051234 -0.964386
-0.249695 -0.006607 -0.968302
-0.222540 -0.060235 -0.973061
-0.181742 -0.102663 -0.977972
-0.129409 -0.130926 -0.982910
-0.072370 -0.141122 -0.987344
-0.013498 -0.133147 -0.991004
0.038809 -0.108233 -0.993368
0.080508 -0.067912 -0.994438
0.107670 -0.015747 -0.994062
0.116867 0.041505 -0.992280
0.073122 -0.046151 0.996255
-0.085867 -0.044709 0.995303
-0.078115 -0.094290 0.992475
-0.055775 -0.138116 0.988844
-0.020895 -0.173507 0.984611
0.023351 -0.196472 0.980231
0.072575 -0.204619 0.976147
0.121139 -0.197251 0.972840
0.164732 -0.175081 0.970675
0.199474 -0.140245 0.969815
0.221968 -0.095965 0.970320
0.230017 -0.047208 0.972041
0.222426 0.001750 0.974948
0.199953 0.046320 0.978710
0.164778 0.081460 0.982961
0.120767 0.104465 0.987169
0.072013 0.112476 0.991042
0.023344 0.105155 0.994182
-0.020286 0.083095 0.996335
-0.055199 0.049020 0.997271
-0.077764 0.005162 0.996958
-0.183008 -0.042635 0.982186
-0.170561 -0.121840 0.977785
-0.134595 -0.192736 0.971976
-0.078177 -0.249693 0.965164
-0.007457 -0.286276 0.958118
0.070989 -0.299219 0.951540
0.149230 -0.287317 0.946139
0.218973 -0.251851 0.942667
0.273466 -0.196192 0.941661
0.309254 -0.124180 0.942837
0.322922 -0.045574 0.945328
0.311338 0.031472 0.949778
0.275489 0.102309 0.955844
0.219529 0.158647 0.962621
0.149032 0.195163 0.969382
0.070968 0.208099 0.975530
-0.007174 0.196628 0.980452
-0.077765 0.161615 0.983785
-0.133991 0.106674 0.985224
-0.170327 0.036463 0.984713
-0.285421 -0.040064 0.957564
-0.268159 -0.150445 0.951555
-0.218012 -0.249744 0.943451
-0.139374 -0.329291 0.933886
-0.040625 -0.380137 0.924038
0.068689 -0.397809 0.914894
0.177963 -0.380910 0.907324
0.275508 -0.331720 0.902251
0.352496 -0.255219 0.900339
0.403025 -0.154602 0.902036
0.420638 -0.044036 0.906159
0.403439 0.063053 0.912831
0.353567 0.161164 0.921421
0.276093 0.239122 0.930910
0.178314 0.289989 0.940272
0.069049 0.308461 0.948728
-0.040181 0.292549 0.955406
-0.138676 0.243962 0.959818
-0.217104 0.167298 0.961706
-0.267767 0.069671 0.960961
-0.383728 -0.037243 0.922695
-0.361969 -0.177446 0.915146
-0.298140 -0.303927 0.904843
-0.198393 -0.404478 0.892770
-0.072959 -0.468818 0.880277
0.065817 -0.491079 0.868625
0.204248 -0.469121 0.859191
0.328110 -0.406162 0.852864
0.426358 -0.309042 0.850124
0.490242 -0.183062 0.852145
0.511430 -0.043403 0.858228
0.488721 0.092870 0.867483
0.425285 0.215991 0.878909
0.327490 0.313836 0.891211
0.204282 0.378361 0.902835
0.066027 0.402786 0.912910
-0.072335 0.383397 0.920747
-0.197262 0.322205 0.925890
-0.296720 0.225174 0.928038
-0.361031 0.101608 0.927002
-0.072622 0.047467 -0.996229
-0.254775 0.181803 -0.949757
-0.286246 0.118673 -0.950779
-0.204859 0.231313 -0.951066
-0.140912 0.263643 -0.954273
-0.071606 0.274192 -0.959005
-0.001785 0.262263 -0.964995
0.062360 0.229025 -0.971421
0.112960 0.178081 -0.977511
0.145557 0.114040 -0.982755
0.156955 0.043182 -0.986661
0.146467 -0.025786 -0.988880
0.113075 -0.089616 -0.989537
0.062471 -0.140522 -0.988105
0.000408 -0.170915 -0.985286
-0.070793 -0.181056 -0.980922
-0.141073 -0.169123 -0.975446
-0.204845 -0.135401 -0.969384
-0.254718 -0.085673 -0.963213
-0.285872 -0.023766 -0.957973
-0.297271 0.047012 -0.953635
</float_array>
          <technique_common>
            <accessor source="#Eye_L-Normal0-array" count="663" stride="3">
              <param name="X" type="float"/>
              <param name="Y" type="float"/>
              <param name="Z" type="float"/>
            </accessor>
          </technique_common>
        </source>
        <source id="Eye_L-UV0">
          <float_array id="Eye_L-UV0-array" count="1326">
0.566280 0.464010
0.574080 0.486710
0.579930 0.485720
0.571550 0.461340
0.574490 0.510700
0.580370 0.511500
0.567470 0.533650
0.572830 0.536150
0.553690 0.553310
0.558030 0.557260
0.534520 0.567740
0.537440 0.572770
0.511830 0.575550
0.513060 0.581150
0.487830 0.575960
0.487290 0.581590
0.464890 0.568930
0.462630 0.574050
0.445230 0.555160
0.441520 0.559250
0.430790 0.535990
0.426010 0.538660
0.422990 0.513290
0.417630 0.514280
0.422580 0.489300
0.417190 0.488510
0.429610 0.466350
0.424730 0.463860
0.443380 0.446700
0.439530 0.442740
0.462550 0.432260
0.460130 0.427230
0.485250 0.424450
0.484510 0.418850
0.509250 0.424040
0.510280 0.418400
0.532190 0.431060
0.534930 0.425950
0.551850 0.444840
0.556040 0.440740
0.512310 0.491740
0.508990 0.487330
0.496600 0.500000
0.504480 0.484170
0.499220 0.482560
0.493710 0.482650
0.488500 0.484450
0.484100 0.487760
0.480930 0.492270
0.479320 0.497540
0.479410 0.503050
0.481200 0.508260
0.484510 0.512660
0.489030 0.515820
0.494290 0.517430
0.499800 0.517340
0.505010 0.515550
0.509410 0.512230
0.512570 0.507720
0.514190 0.502460
0.514100 0.496950
0.524590 0.485340
0.518710 0.477530
0.510710 0.471920
0.501370 0.469060
0.491600 0.469230
0.482350 0.472410
0.474540 0.478290
0.468930 0.486290
0.466070 0.495640
0.466230 0.505410
0.469410 0.514650
0.475290 0.522460
0.483290 0.528070
0.492640 0.530930
0.502410 0.530760
0.511650 0.527590
0.519460 0.521710
0.525070 0.513710
0.527930 0.504360
0.527770 0.494590
0.537330 0.459060
0.548040 0.473290
0.558180 0.468130
0.545390 0.451140
0.522740 0.448840
0.527990 0.438950
0.505710 0.443630
0.507670 0.432720
0.487910 0.443930
0.486410 0.433090
0.471060 0.449730
0.466310 0.440000
0.456830 0.460440
0.449330 0.452790
0.446610 0.475030
0.437130 0.470200
0.441390 0.492060
0.430900 0.490520
0.441690 0.509860
0.431270 0.511770
0.447490 0.526700
0.438180 0.531870
0.458200 0.540930
0.450960 0.548850
0.472780 0.551150
0.468370 0.561050
0.489810 0.556370
0.488700 0.567270
0.507620 0.556060
0.509950 0.566910
0.524460 0.550270
0.530050 0.560000
0.538690 0.539560
0.547030 0.547210
0.548910 0.524980
0.559230 0.529810
0.554130 0.507950
0.565450 0.509480
0.553820 0.490140
0.565090 0.488230
0.581970 0.485380
0.582420 0.511770
0.574690 0.537020
0.559540 0.558640
0.538450 0.574520
0.513490 0.583100
0.487100 0.583550
0.461850 0.575820
0.440230 0.560670
0.424350 0.539590
0.415770 0.514620
0.415310 0.488230
0.423040 0.462990
0.438190 0.441370
0.459280 0.425490
0.484250 0.416900
0.510640 0.416450
0.535890 0.424170
0.557500 0.439320
0.573380 0.460410
0.528270 0.468010
0.536640 0.479130
0.516870 0.460020
0.503570 0.455950
0.489650 0.456190
0.476490 0.460710
0.465370 0.469090
0.457380 0.480480
0.453300 0.493790
0.453540 0.507700
0.458060 0.520860
0.466430 0.531980
0.477830 0.539970
0.491140 0.544040
0.505050 0.543810
0.518210 0.539280
0.529330 0.530910
0.537320 0.519520
0.541390 0.506210
0.541160 0.492290
0.766310 0.454910
0.754290 0.456510
0.755530 0.536860
0.767510 0.538990
0.731930 0.613650
0.742760 0.619290
0.685780 0.679330
0.694420 0.687940
0.621550 0.727490
0.627190 0.738220
0.545530 0.753440
0.547630 0.765260
0.465180 0.754680
0.463550 0.766460
0.388390 0.731080
0.383240 0.741700
0.322710 0.684930
0.314600 0.693370
0.274550 0.620700
0.264320 0.626140
0.248590 0.544680
0.237280 0.546570
0.247350 0.464330
0.236080 0.462490
0.270950 0.387540
0.260830 0.382190
0.317100 0.321860
0.309170 0.313540
0.381330 0.273700
0.376400 0.263260
0.457350 0.247750
0.455960 0.236220
0.537700 0.246510
0.540040 0.235020
0.614490 0.270100
0.620350 0.259780
0.680170 0.316260
0.688990 0.308110
0.728330 0.380480
0.739270 0.375350
0.741010 0.458390
0.742250 0.534630
0.719910 0.607510
0.676150 0.669890
0.615240 0.715670
0.543130 0.740380
0.466890 0.741620
0.394000 0.719280
0.331620 0.675520
0.285850 0.614610
0.261140 0.542490
0.259900 0.466250
0.282240 0.393370
0.326000 0.330990
0.386910 0.285220
0.459020 0.260510
0.535260 0.259260
0.608140 0.281610
0.670520 0.325360
0.716300 0.386280
0.726600 0.460570
0.727820 0.532330
0.706820 0.600950
0.665660 0.659700
0.608340 0.702840
0.540480 0.726160
0.468720 0.727380
0.400100 0.706390
0.341340 0.665220
0.298200 0.607900
0.274890 0.540040
0.273660 0.468280
0.294660 0.399660
0.335820 0.340910
0.393140 0.297770
0.461010 0.274450
0.532770 0.273230
0.601390 0.294220
0.660140 0.335390
0.703280 0.392700
0.711240 0.463020
0.712410 0.529980
0.692840 0.594020
0.654440 0.648870
0.600970 0.689160
0.537650 0.710960
0.470690 0.712130
0.406640 0.692560
0.351790 0.654160
0.311500 0.600690
0.289710 0.537370
0.288540 0.470410
0.308100 0.406360
0.346500 0.351510
0.399980 0.311220
0.463290 0.289430
0.530260 0.288260
0.594300 0.307830
0.649150 0.346220
0.689440 0.399700
0.695120 0.465690
0.696220 0.527590
0.678140 0.586800
0.642660 0.637520
0.593230 0.674790
0.534700 0.694950
0.472800 0.696050
0.413590 0.677980
0.362870 0.642490
0.325600 0.593060
0.305430 0.534530
0.304330 0.472630
0.322410 0.413420
0.357900 0.362710
0.407320 0.325440
0.465850 0.305270
0.527750 0.304170
0.586960 0.322250
0.637680 0.357730
0.674950 0.407160
0.678400 0.468540
0.679420 0.525170
0.662880 0.579340
0.630420 0.625750
0.585210 0.659850
0.531660 0.678310
0.475040 0.679330
0.420860 0.662800
0.374460 0.630330
0.340350 0.585120
0.321890 0.531570
0.320880 0.474950
0.337410 0.420770
0.369870 0.374370
0.415090 0.340260
0.468630 0.321800
0.525260 0.320790
0.579430 0.337320
0.625840 0.369780
0.659940 0.415000
0.661200 0.471540
0.662110 0.522720
0.647170 0.571690
0.617830 0.613640
0.576960 0.644460
0.528560 0.661150
0.477380 0.662070
0.428410 0.647130
0.386460 0.617790
0.355630 0.576920
0.338940 0.528520
0.338030 0.477330
0.352970 0.428370
0.382310 0.386420
0.423180 0.355590
0.471580 0.338900
0.522760 0.337980
0.571730 0.352930
0.613680 0.382270
0.644510 0.423140
0.643530 0.474640
0.644340 0.520230
0.631030 0.563840
0.604900 0.601200
0.568500 0.628650
0.525400 0.643510
0.479810 0.644330
0.436200 0.631020
0.398840 0.604880
0.371390 0.568480
0.356530 0.525380
0.355710 0.479790
0.369020 0.436190
0.395160 0.398830
0.431560 0.371370
0.474660 0.356510
0.520250 0.355690
0.563850 0.369000
0.601210 0.395140
0.628670 0.431540
0.625370 0.477850
0.626080 0.517680
0.614450 0.555770
0.591610 0.588400
0.559810 0.612380
0.522160 0.625360
0.482340 0.626070
0.444240 0.614440
0.411610 0.591610
0.387630 0.559810
0.374650 0.522150
0.373940 0.482330
0.385570 0.444240
0.408400 0.411600
0.440200 0.387620
0.477860 0.374640
0.517680 0.373930
0.555770 0.385560
0.588410 0.408400
0.612390 0.440200
0.606660 0.481170
0.607260 0.515050
0.597360 0.547460
0.577930 0.575220
0.550870 0.595620
0.518830 0.606660
0.484950 0.607260
0.452540 0.597360
0.424780 0.577930
0.404380 0.550870
0.393340 0.518830
0.392740 0.484950
0.402640 0.452540
0.422070 0.424780
0.449130 0.404380
0.481170 0.393340
0.515050 0.392740
0.547460 0.402640
0.575220 0.422070
0.595620 0.449130
0.727540 0.272580
0.728100 0.272040
0.646590 0.213590
0.646220 0.214290
0.550580 0.183200
0.550450 0.183980
0.449640 0.183610
0.449760 0.184420
0.353900 0.214800
0.354260 0.215550
0.272880 0.273920
0.273450 0.274550
0.214430 0.355430
0.215160 0.355870
0.184040 0.451430
0.184850 0.451640
0.184450 0.552380
0.185290 0.552330
0.215640 0.648120
0.216420 0.647830
0.274760 0.729140
0.275420 0.728640
0.356270 0.787580
0.356740 0.786930
0.452270 0.817980
0.452510 0.817240
0.553210 0.817560
0.553200 0.816800
0.648960 0.786380
0.648700 0.785670
0.729980 0.727260
0.729510 0.726670
0.788420 0.645750
0.787800 0.645350
0.818820 0.549750
0.818110 0.549580
0.818400 0.448800
0.817670 0.448890
0.787210 0.353060
0.786540 0.353390
0.307260 0.700810
0.378520 0.751110
0.461960 0.776920
0.549360 0.775790
0.632100 0.747820
0.702030 0.695690
0.752330 0.624430
0.778150 0.540990
0.777020 0.453580
0.749040 0.370840
0.696910 0.300910
0.625650 0.250610
0.542210 0.224800
0.454810 0.225930
0.372070 0.253900
0.302140 0.306030
0.251840 0.377290
0.226020 0.460730
0.227150 0.548140
0.255120 0.630880
0.300610 0.707280
0.374160 0.759340
0.460360 0.786110
0.550720 0.785080
0.636280 0.756320
0.708610 0.702590
0.760670 0.629040
0.787440 0.542840
0.786400 0.452480
0.757650 0.366920
0.703920 0.294590
0.630370 0.242530
0.544160 0.215760
0.453810 0.216800
0.368250 0.245550
0.295920 0.299280
0.243860 0.372830
0.217090 0.459040
0.218120 0.549390
0.246880 0.634950
0.294590 0.712860
0.370130 0.766470
0.458760 0.794110
0.551710 0.793190
0.639760 0.763780
0.714220 0.708680
0.767830 0.633130
0.795470 0.544510
0.794540 0.451560
0.765140 0.363500
0.710030 0.289050
0.634490 0.235440
0.545870 0.207800
0.452910 0.208730
0.364860 0.238130
0.290410 0.293230
0.236800 0.368780
0.209160 0.457400
0.210080 0.550350
0.239480 0.638410
0.289180 0.717610
0.366430 0.772590
0.457160 0.801000
0.552380 0.800190
0.642610 0.770250
0.718930 0.713980
0.773900 0.636720
0.802310 0.545990
0.801500 0.450770
0.771560 0.360540
0.715290 0.284230
0.638030 0.229260
0.547300 0.200850
0.452080 0.201650
0.361850 0.231590
0.285540 0.287860
0.230570 0.365120
0.202160 0.455850
0.202960 0.551070
0.232900 0.641300
0.284410 0.721590
0.363120 0.777740
0.455640 0.806820
0.552800 0.806130
0.644900 0.775750
0.722800 0.718500
0.778950 0.639790
0.808020 0.547270
0.807340 0.450110
0.776960 0.358010
0.719710 0.280110
0.641000 0.223960
0.548480 0.194880
0.451320 0.195570
0.359220 0.225950
0.281310 0.283200
0.225170 0.361910
0.196090 0.454430
0.196780 0.551590
0.227150 0.643690
0.280410 0.724790
0.360300 0.781910
0.454280 0.811530
0.553030 0.810960
0.646660 0.780230
0.725870 0.722190
0.782980 0.642300
0.812610 0.548310
0.812040 0.449560
0.781310 0.355930
0.723270 0.276720
0.643380 0.219610
0.549390 0.189980
0.450640 0.190560
0.357010 0.221280
0.277800 0.279330
0.220690 0.359220
0.191060 0.453200
0.191640 0.551950
0.222360 0.645580
0.277350 0.727170
0.358120 0.785010
0.453210 0.815050
0.553150 0.814560
0.647930 0.783580
0.728130 0.724950
0.785960 0.644180
0.816010 0.549100
0.815520 0.449150
0.784540 0.354370
0.725910 0.274170
0.645140 0.216340
0.550050 0.186290
0.450110 0.186780
0.355330 0.217760
0.275130 0.276390
0.217290 0.357170
0.187250 0.452250
0.187740 0.552190
0.218720 0.646970
0.578330 0.458340
0.587370 0.484580
0.587860 0.512340
0.579740 0.538890
0.563820 0.561630
0.541660 0.578330
0.515410 0.587370
0.487660 0.587860
0.461110 0.579750
0.438370 0.563830
0.421660 0.541660
0.412620 0.515420
0.412130 0.487660
0.420240 0.461110
0.436160 0.438370
0.458330 0.421660
0.484580 0.412620
0.512330 0.412130
0.538880 0.420250
0.561620 0.436170
0.523830 0.487330
0.518750 0.480580
0.499990 0.500000
0.511830 0.475730
0.503760 0.473260
0.495310 0.473410
0.487320 0.476160
0.480570 0.481240
0.475730 0.488160
0.473260 0.496240
0.473400 0.504680
0.476150 0.512670
0.481230 0.519420
0.488150 0.524260
0.496230 0.526730
0.504680 0.526590
0.512660 0.523840
0.519410 0.518760
0.524260 0.511840
0.526730 0.503760
0.526580 0.495310
0.542340 0.477490
0.533310 0.465500
0.521020 0.456900
0.506670 0.452510
0.491670 0.452770
0.477480 0.457650
0.465500 0.466680
0.456890 0.478970
0.452500 0.493320
0.452760 0.508320
0.457650 0.522510
0.466680 0.534490
0.478970 0.543100
0.493320 0.547490
0.508320 0.547230
0.522500 0.542340
0.534490 0.533310
0.543090 0.521030
0.547480 0.506680
0.547220 0.491670
0.560540 0.467800
0.547630 0.450670
0.530060 0.438360
0.509540 0.432090
0.488090 0.432460
0.467800 0.439450
0.450660 0.452360
0.438360 0.469940
0.432080 0.490460
0.432460 0.511910
0.439440 0.532190
0.452360 0.549330
0.469930 0.561630
0.490450 0.567910
0.511900 0.567530
0.532190 0.560550
0.549320 0.547640
0.561630 0.530060
0.567900 0.509540
0.567530 0.488090
0.500000 0.500000
0.500000 0.500000
0.500000 0.500000
0.500000 0.500000
0.500000 0.500000
0.500000 0.500000
0.500000 0.500000
0.500000 0.500000
0.500000 0.500000
0.500000 0.500000
0.500000 0.500000
0.500000 0.500000
0.500000 0.500000
0.500000 0.500000
0.500000 0.500000
0.500000 0.500000
0.500000 0.500000
0.500000 0.500000
0.500000 0.500000
0.500000 0.500000
0.500000 0.500000
</float_array>
          <technique_common>
            <accessor source="#Eye_L-UV0-array" count="663" stride="2">
              <param name="S" type="float"/>
              <param name="T" type="float"/>
            </accessor>
          </technique_common>
        </source>
        <vertices id="Eye_L-VERTEX">
          <input semantic="POSITION" source="#Eye_L-POSITION"/>
          <input semantic="NORMAL" source="#Eye_L-Normal0"/>
        </vertices>
        <triangles count="1260" material="Girl_Base_SG">
          <input semantic="VERTEX" offset="0" source="#Eye_L-VERTEX"/>
          <input semantic="TEXCOORD" offset="1" set="0" source="#Eye_L-UV0"/>
          <p> 1 2 60 0 79 1 60 0 1 2 19 3 0 5 79 1 78 4 79 1 0 5 1 2 78 4 2 7 0 5 2 7 78 4 77 6 76 8 2 7 77 6 2 7 76 8 3 9 76 8 75 10 3 9 4 11 3 9 75 10 5 13 4 11 74 12 4 11 75 10 74 12 6 15 5 13 73 14 73 14 5 13 74 12 7 17 73 14 72 16 73 14 7 17 6 15 72 16 8 19 7 17 8 19 72 16 71 18 71 18 9 21 8 19 9 21 71 18 70 20 70 20 10 23 9 21 10 23 70 20 69 22 11 25 69 22 68 24 69 22 11 25 10 23 12 27 11 25 67 26 11 25 68 24 67 26 66 28 13 29 12 27 66 28 12 27 67 26 13 29 65 30 14 31 65 30 13 29 66 28 64 32 14 31 65 30 14 31 64 32 15 33 63 34 15 33 64 32 15 33 63 34 16 35 63 34 17 37 16 35 17 37 63 34 62 36 18 39 62 36 61 38 62 36 18 39 17 37 19 3 61 38 60 0 61 38 19 3 18 39 102 40 100 41 101 42 100 41 103 43 101 42 103 43 104 44 101 42 104 44 105 45 101 42 105 45 106 46 101 42 106 46 107 47 101 42 107 47 108 48 101 42 108 48 109 49 101 42 109 49 110 50 101 42 110 50 111 51 101 42 111 51 112 52 101 42 112 52 113 53 101 42 113 53 114 54 101 42 114 54 115 55 101 42 115 55 116 56 101 42 116 56 117 57 101 42 117 57 118 58 101 42 118 58 119 59 101 42 119 59 120 60 101 42 120 60 102 40 101 42 122 61 100 41 102 40 100 41 122 61 121 62 121 62 123 63 103 43 121 62 103 43 100 41 124 64 104 44 123 63 104 44 103 43 123 63 104 44 124 64 105 45 125 65 105 45 124 64 105 45 126 66 106 46 126 66 105 45 125 65 106 46 127 67 107 47 127 67 106 46 126 66 107 47 128 68 108 48 128 68 107 47 127 67 109 49 128 68 129 69 128 68 109 49 108 48 130 70 110 50 129 69 129 69 110 50 109 49 131 71 111 51 130 70 111 51 110 50 130 70 111 51 131 71 112 52 132 72 112 52 131 71 112 52 133 73 113 53 133 73 112 52 132 72 113 53 134 74 114 54 134 74 113 53 133 73 114 54 135 75 115 55 135 75 114 54 134 74 136 76 115 55 135 75 115 55 136 76 116 56 137 77 116 56 136 76 116 56 137 77 117 57 138 78 117 57 137 77 117 57 138 78 118 58 118 58 139 79 119 59 139 79 118 58 138 78 139 79 120 60 119 59 120 60 139 79 140 80 140 80 102 40 120 60 102 40 140 80 122 61 40 83 21 81 20 82 21 81 40 83 41 84 41 84 42 86 22 85 41 84 22 85 21 81 43 88 23 87 42 86 23 87 22 85 42 86 23 87 43 88 24 89 44 90 24 89 43 88 24 89 44 90 25 91 25 91 44 90 45 92 25 91 46 94 26 93 46 94 25 91 45 92 26 93 47 96 27 95 47 96 26 93 46 94 28 97 47 96 48 98 47 96 28 97 27 95 49 100 29 99 48 98 48 98 29 99 28 97 50 102 30 101 49 100 30 101 29 99 49 100 30 101 50 102 31 103 51 104 31 103 50 102 31 103 51 104 32 105 32 105 51 104 52 106 32 105 53 108 33 107 53 108 32 105 52 106 33 107 54 110 34 109 54 110 33 107 53 108 55 112 34 109 54 110 34 109 55 112 35 111 56 114 35 111 55 112 35 111 56 114 36 113 57 116 36 113 56 114 36 113 57 116 37 115 37 115 58 118 38 117 58 118 37 115 57 116 58 118 39 119 38 117 39 119 58 118 59 120 59 120 20 82 39 119 20 82 59 120 40 83 60 0 41 84 40 83 41 84 60 0 61 38 61 38 62 36 42 86 61 38 42 86 41 84 63 34 43 88 62 36 43 88 42 86 62 36 64 32 44 90 63 34 44 90 43 88 63 34 44 90 64 32 45 92 45 92 64 32 65 30 45 92 66 28 46 94 66 28 45 92 65 30 46 94 67 26 47 96 67 26 46 94 66 28 68 24 47 96 67 26 47 96 68 24 48 98 68 24 69 22 49 100 68 24 49 100 48 98 70 20 50 102 69 22 50 102 49 100 69 22 71 18 51 104 70 20 51 104 50 102 70 20 51 104 71 18 52 106 52 106 71 18 72 16 52 106 73 14 53 108 73 14 52 106 72 16 53 108 74 12 54 110 74 12 53 108 73 14 75 10 54 110 74 12 54 110 75 10 55 112 76 8 55 112 75 10 55 112 76 8 56 114 77 6 56 114 76 8 56 114 77 6 57 116 57 116 77 6 58 118 58 118 77 6 78 4 78 4 59 120 58 118 59 120 78 4 79 1 79 1 40 83 59 120 40 83 79 1 60 0 1 2 81 122 80 121 81 122 1 2 0 5 0 5 82 123 81 122 82 123 0 5 2 7 2 7 83 124 82 123 83 124 2 7 3 9 3 9 84 125 83 124 84 125 3 9 4 11 4 11 85 126 84 125 85 126 4 11 5 13 86 127 5 13 6 15 5 13 86 127 85 126 87 128 6 15 7 17 6 15 87 128 86 127 7 17 88 129 87 128 88 129 7 17 8 19 8 19 89 130 88 129 89 130 8 19 9 21 9 21 90 131 89 130 90 131 9 21 10 23 10 23 91 132 90 131 91 132 10 23 11 25 11 25 12 27 91 132 92 133 91 132 12 27 93 134 92 133 13 29 13 29 92 133 12 27 93 134 14 31 94 135 14 31 93 134 13 29 15 33 94 135 14 31 94 135 15 33 95 136 16 35 95 136 15 33 95 136 16 35 96 137 16 35 17 37 96 137 97 138 96 137 17 37 17 37 18 39 97 138 98 139 97 138 18 39 99 140 98 139 19 3 98 139 18 39 19 3 80 121 19 3 1 2 19 3 80 121 99 140 20 82 141 141 160 142 141 141 20 82 21 81 21 81 142 143 141 141 142 143 21 81 22 85 143 144 22 85 23 87 22 85 143 144 142 143 144 145 23 87 24 89 23 87 144 145 143 144 145 146 24 89 25 91 24 89 145 146 144 145 25 91 146 147 145 146 146 147 25 91 26 93 26 93 147 148 146 147 147 148 26 93 27 95 27 95 148 149 147 148 148 149 27 95 28 97 149 150 148 149 29 99 28 97 29 99 148 149 150 151 149 150 30 101 30 101 149 150 29 99 150 151 31 103 151 152 31 103 150 151 30 101 151 152 32 105 152 153 32 105 151 152 31 103 33 107 152 153 32 105 152 153 33 107 153 154 33 107 34 109 153 154 153 154 34 109 154 155 34 109 35 111 154 155 35 111 155 156 154 155 156 157 155 156 36 113 35 111 36 113 155 156 156 157 37 115 157 158 37 115 156 157 36 113 157 158 38 117 158 159 38 117 157 158 37 115 38 117 159 160 158 159 159 160 38 117 39 119 39 119 160 142 159 160 160 142 39 119 20 82 123 63 141 141 142 143 141 141 123 63 121 62 142 143 124 64 123 63 124 64 142 143 143 144 143 144 144 145 124 64 144 145 125 65 124 64 126 66 125 65 145 146 144 145 145 146 125 65 127 67 145 146 146 147 145 146 127 67 126 66 128 68 146 147 147 148 146 147 128 68 127 67 147 148 129 69 128 68 129 69 147 148 148 149 148 149 149 150 129 69 149 150 130 70 129 69 149 150 150 151 130 70 150 151 131 71 130 70 150 151 132 72 131 71 132 72 150 151 151 152 151 152 133 73 132 72 133 73 151 152 152 153 152 153 153 154 133 73 153 154 134 74 133 73 153 154 154 155 134 74 154 155 135 75 134 74 154 155 155 156 135 75 155 156 136 76 135 75 155 156 137 77 136 76 137 77 155 156 156 157 156 157 138 78 137 77 138 78 156 157 157 158 157 158 139 79 138 78 139 79 157 158 158 159 158 159 159 160 139 79 159 160 140 80 139 79 122 61 140 80 160 142 159 160 160 142 140 80 121 62 160 142 141 141 160 142 121 62 122 61 181 162 162 164 161 161 162 164 181 162 182 163 182 163 163 166 162 164 163 166 182 163 183 165 184 167 163 166 183 165 163 166 184 167 164 168 185 169 164 168 184 167 164 168 185 169 165 170 185 169 166 172 165 170 166 172 185 169 186 171 186 171 167 174 166 172 167 174 186 171 187 173 168 176 187 173 188 175 187 173 168 176 167 174 189 177 168 176 188 175 168 176 189 177 169 178 190 179 169 178 189 177 169 178 190 179 170 180 190 179 171 182 170 180 171 182 190 179 191 181 191 181 172 184 171 182 172 184 191 181 192 183 173 186 192 183 193 185 192 183 173 186 172 184 194 187 173 186 193 185 173 186 194 187 174 188 195 189 174 188 194 187 174 188 195 189 175 190 195 189 176 192 175 190 176 192 195 189 196 191 196 191 177 194 176 192 177 194 196 191 197 193 198 195 177 194 197 193 177 194 198 195 178 196 199 197 178 196 198 195 178 196 199 197 179 198 200 199 179 198 199 197 179 198 200 199 180 200 200 199 161 161 180 200 161 161 200 199 181 162 202 202 181 162 201 201 181 162 202 202 182 163 203 203 182 163 202 202 182 163 203 203 183 165 204 204 183 165 203 203 183 165 204 204 184 167 205 205 184 167 204 204 184 167 205 205 185 169 206 206 185 169 205 205 185 169 206 206 186 171 207 207 186 171 206 206 186 171 207 207 187 173 208 208 187 173 207 207 187 173 208 208 188 175 209 209 188 175 208 208 188 175 209 209 189 177 210 210 189 177 209 209 189 177 210 210 190 179 210 210 191 181 190 179 191 181 210 210 211 211 211 211 192 183 191 181 192 183 211 211 212 212 212 212 193 185 192 183 193 185 212 212 213 213 214 214 193 185 213 213 193 185 214 214 194 187 215 215 194 187 214 214 194 187 215 215 195 189 215 215 196 191 195 189 196 191 215 215 216 216 216 216 197 193 196 191 197 193 216 216 217 217 217 217 198 195 197 193 198 195 217 217 218 218 219 219 198 195 218 218 198 195 219 219 199 197 220 220 199 197 219 219 199 197 220 220 200 199 201 201 200 199 220 220 200 199 201 201 181 162 222 222 201 201 221 221 201 201 222 222 202 202 222 222 203 203 202 202 203 203 222 222 223 223 223 223 204 204 203 203 204 204 223 223 224 224 224 224 205 205 204 204 205 205 224 224 225 225 226 226 205 205 225 225 205 205 226 226 206 206 227 227 206 206 226 226 206 206 227 227 207 207 228 228 207 207 227 227 207 207 228 228 208 208 228 228 209 209 208 208 209 209 228 228 229 229 229 229 210 210 209 209 210 210 229 229 230 230 230 230 211 211 210 210 211 211 230 230 231 231 231 231 212 212 211 211 212 212 231 231 232 232 232 232 213 213 212 212 213 213 232 232 233 233 233 233 214 214 213 213 214 214 233 233 234 234 234 234 215 215 214 214 215 215 234 234 235 235 235 235 216 216 215 215 216 216 235 235 236 236 236 236 217 217 216 216 217 217 236 236 237 237 237 237 218 218 217 217 218 218 237 237 238 238 238 238 219 219 218 218 219 219 238 238 239 239 239 239 220 220 219 219 220 220 239 239 240 240 221 221 220 220 240 240 220 220 221 221 201 201 242 242 221 221 241 241 221 221 242 242 222 222 223 223 242 242 243 243 242 242 223 223 222 222 243 243 224 224 223 223 224 224 243 243 244 244 244 244 225 225 224 224 225 225 244 244 245 245 246 246 225 225 245 245 225 225 246 246 226 226 247 247 226 226 246 246 226 226 247 247 227 227 228 228 247 247 248 248 247 247 228 228 227 227 229 229 248 248 249 249 248 248 229 229 228 228 249 249 230 230 229 229 230 230 249 249 250 250 251 251 230 230 250 250 230 230 251 251 231 231 252 252 231 231 251 251 231 231 252 252 232 232 253 253 232 232 252 252 232 232 253 253 233 233 253 253 234 234 233 233 234 234 253 253 254 254 254 254 235 235 234 234 235 235 254 254 255 255 256 256 235 235 255 255 235 235 256 256 236 236 257 257 236 236 256 256 236 236 257 257 237 237 258 258 237 237 257 257 237 237 258 258 238 238 258 258 239 239 238 238 239 239 258 258 259 259 259 259 240 240 239 239 240 240 259 259 260 260 241 241 240 240 260 260 240 240 241 241 221 221 262 262 241 241 261 261 241 241 262 262 242 242 243 243 262 262 263 263 262 262 243 243 242 242 244 244 263 263 264 264 263 263 244 244 243 243 264 264 245 245 244 244 245 245 264 264 265 265 266 266 245 245 265 265 245 245 266 266 246 246 267 267 246 246 266 266 246 246 267 267 247 247 248 248 267 267 268 268 267 267 248 248 247 247 249 249 268 268 269 269 268 268 249 249 248 248 269 269 250 250 249 249 250 250 269 269 270 270 271 271 250 250 270 270 250 250 271 271 251 251 272 272 251 251 271 271 251 251 272 272 252 252 273 273 252 252 272 272 252 252 273 273 253 253 273 273 254 254 253 253 254 254 273 273 274 274 274 274 255 255 254 254 255 255 274 274 275 275 276 276 255 255 275 275 255 255 276 276 256 256 277 277 256 256 276 276 256 256 277 277 257 257 278 278 257 257 277 277 257 257 278 278 258 258 259 259 278 278 279 279 278 278 259 259 258 258 279 279 260 260 259 259 260 260 279 279 280 280 261 261 260 260 280 280 260 260 261 261 241 241 282 282 261 261 281 281 261 261 282 282 262 262 263 263 282 282 283 283 282 282 263 263 262 262 264 264 283 283 284 284 283 283 264 264 263 263 265 265 284 284 285 285 284 284 265 265 264 264 286 286 265 265 285 285 265 265 286 286 266 266 287 287 266 266 286 286 266 266 287 287 267 267 268 268 287 287 288 288 287 287 268 268 267 267 269 269 288 288 289 289 288 288 269 269 268 268 270 270 289 289 290 290 289 289 270 270 269 269 291 291 270 270 290 290 270 270 291 291 271 271 292 292 271 271 291 291 271 271 292 292 272 272 293 293 272 272 292 292 272 272 293 293 273 273 274 274 293 293 294 294 293 293 274 274 273 273 294 294 275 275 274 274 275 275 294 294 295 295 296 296 275 275 295 295 275 275 296 296 276 276 297 297 276 276 296 296 276 276 297 297 277 277 298 298 277 277 297 297 277 277 298 298 278 278 279 279 298 298 299 299 298 298 279 279 278 278 299 299 280 280 279 279 280 280 299 299 300 300 281 281 280 280 300 300 280 280 281 281 261 261 302 302 281 281 301 301 281 281 302 302 282 282 302 302 283 283 282 282 283 283 302 302 303 303 303 303 284 284 283 283 284 284 303 303 304 304 285 285 304 304 305 305 304 304 285 285 284 284 306 306 285 285 305 305 285 285 306 306 286 286 287 287 306 306 307 307 306 306 287 287 286 286 288 288 307 307 308 308 307 307 288 288 287 287 289 289 308 308 309 309 308 308 289 289 288 288 290 290 309 309 310 310 309 309 290 290 289 289 311 311 290 290 310 310 290 290 311 311 291 291 312 312 291 291 311 311 291 291 312 312 292 292 313 313 292 292 312 312 292 292 313 313 293 293 294 294 313 313 314 314 313 313 294 294 293 293 314 314 295 295 294 294 295 295 314 314 315 315 316 316 295 295 315 315 295 295 316 316 296 296 317 317 296 296 316 316 296 296 317 317 297 297 317 317 318 318 297 297 298 298 297 297 318 318 318 318 319 319 298 298 299 299 298 298 319 319 300 300 319 319 320 320 319 319 300 300 299 299 301 301 300 300 320 320 300 300 301 301 281 281 301 301 322 322 302 302 322 322 301 301 321 321 322 322 303 303 302 302 303 303 322 322 323 323 323 323 304 304 303 303 304 304 323 323 324 324 324 324 305 305 304 304 305 305 324 324 325 325 306 306 325 325 326 326 325 325 306 306 305 305 307 307 326 326 327 327 326 326 307 307 306 306 308 308 327 327 328 328 327 327 308 308 307 307 309 309 328 328 329 329 328 328 309 309 308 308 329 329 310 310 309 309 310 310 329 329 330 330 331 331 310 310 330 330 310 310 331 331 311 311 331 331 312 312 311 311 312 312 331 331 332 332 313 313 312 312 333 333 312 312 332 332 333 333 334 334 314 314 313 313 334 334 313 313 333 333 314 314 335 335 315 315 335 335 314 314 334 334 336 336 315 315 335 335 315 315 336 336 316 316 337 337 316 316 336 336 316 316 337 337 317 317 337 337 338 338 317 317 318 318 317 317 338 338 319 319 318 318 339 339 318 318 338 338 339 339 320 320 319 319 340 340 319 319 339 339 340 340 320 320 321 321 301 301 321 321 320 320 340 340 321 321 342 342 322 322 342 342 321 321 341 341 342 342 323 323 322 322 323 323 342 342 343 343 343 343 324 324 323 323 324 324 343 343 344 344 344 344 325 325 324 324 325 325 344 344 345 345 326 326 345 345 346 346 345 345 326 326 325 325 327 327 346 346 347 347 346 346 327 327 326 326 328 328 347 347 348 348 347 347 328 328 327 327 329 329 348 348 349 349 348 348 329 329 328 328 349 349 330 330 329 329 330 330 349 349 350 350 350 350 331 331 330 330 331 331 350 350 351 351 332 332 351 351 352 352 351 351 332 332 331 331 333 333 332 332 353 353 332 332 352 352 353 353 354 354 334 334 333 333 354 354 333 333 353 353 334 334 355 355 335 335 355 355 334 334 354 354 356 356 335 335 355 355 335 335 356 356 336 336 357 357 336 336 356 356 336 336 357 357 337 337 357 357 358 358 337 337 338 338 337 337 358 358 339 339 338 338 359 359 338 338 358 358 359 359 340 340 339 339 360 360 339 339 359 359 360 360 340 340 341 341 321 321 341 341 340 340 360 360 341 341 361 362 342 342 361 362 341 341 362 361 361 362 343 343 342 342 343 343 361 362 363 363 363 363 344 344 343 343 344 344 363 363 364 364 364 364 345 345 344 344 345 345 364 364 365 365 346 346 365 365 366 366 365 365 346 346 345 345 347 347 366 366 367 367 366 366 347 347 346 346 348 348 367 367 368 368 367 367 348 348 347 347 368 368 349 349 348 348 349 349 368 368 369 369 369 369 350 350 349 349 350 350 369 369 370 370 370 370 351 351 350 350 351 351 370 370 371 371 371 371 352 352 351 351 352 352 371 371 372 372 353 353 352 352 373 373 352 352 372 372 373 373 354 354 353 353 374 374 374 374 353 353 373 373 354 354 375 375 355 355 375 375 354 354 374 374 376 376 355 355 375 375 355 355 376 376 356 356 377 377 356 356 376 376 356 356 377 377 357 357 377 377 378 378 357 357 358 358 357 357 378 378 359 359 358 358 379 379 358 358 378 378 379 379 360 360 359 359 380 380 359 359 379 379 380 380 360 360 362 361 341 341 362 361 360 360 380 380 551 381 382 383 552 384 382 383 551 381 381 382 383 385 552 384 382 383 552 384 383 385 553 386 383 385 554 388 553 386 554 388 383 385 384 387 555 390 384 387 385 389 384 387 555 390 554 388 556 392 385 389 386 391 385 389 556 392 555 390 557 394 386 391 387 393 386 391 557 394 556 392 558 396 387 393 388 395 387 393 558 396 557 394 558 396 389 397 559 398 389 397 558 396 388 395 390 399 559 398 389 397 559 398 390 399 560 400 391 401 560 400 390 399 560 400 391 401 541 402 392 403 542 404 541 402 541 402 391 401 392 403 543 406 392 403 393 405 392 403 543 406 542 404 544 408 393 405 394 407 393 405 544 408 543 406 545 410 394 407 395 409 394 407 545 410 544 408 395 409 546 412 545 410 546 412 395 409 396 411 396 411 547 414 546 412 547 414 396 411 397 413 397 413 548 416 547 414 548 416 397 413 398 415 399 417 549 418 548 416 548 416 398 415 399 417 400 419 550 420 549 418 400 419 549 418 399 417 381 382 551 381 550 420 381 382 550 420 400 419 401 421 402 422 169 178 168 176 169 178 402 422 402 422 167 174 168 176 167 174 402 422 403 423 403 423 166 172 167 174 166 172 403 423 404 424 404 424 165 170 166 172 165 170 404 424 405 425 405 425 406 426 165 170 164 168 165 170 406 426 406 426 407 427 164 168 163 166 164 168 407 427 407 427 162 164 163 166 162 164 407 427 408 428 408 428 161 161 162 164 161 161 408 428 409 429 409 429 180 200 161 161 180 200 409 429 410 430 410 430 411 431 180 200 179 198 180 200 411 431 178 196 179 198 412 432 179 198 411 431 412 432 177 194 178 196 413 433 178 196 412 432 413 433 176 192 413 433 414 434 413 433 176 192 177 194 414 434 175 190 176 192 175 190 414 434 415 435 415 435 416 436 175 190 174 188 175 190 416 436 173 186 174 188 417 437 174 188 416 436 417 437 417 437 172 184 173 186 172 184 417 437 418 438 418 438 171 182 172 184 171 182 418 438 419 439 419 439 170 180 171 182 170 180 419 439 420 440 420 440 401 421 170 180 169 178 170 180 401 421 421 441 422 442 401 421 402 422 401 421 422 442 422 442 403 423 402 422 403 423 422 442 423 443 423 443 404 424 403 423 404 424 423 443 424 444 424 444 405 425 404 424 405 425 424 444 425 445 425 445 426 446 405 425 406 426 405 425 426 446 426 446 427 447 406 426 407 427 406 426 427 447 427 447 408 428 407 427 408 428 427 447 428 448 428 448 409 429 408 428 409 429 428 448 429 449 429 449 410 430 409 429 410 430 429 449 430 450 411 431 410 430 431 451 410 430 430 450 431 451 412 432 411 431 432 452 411 431 431 451 432 452 413 433 412 432 433 453 412 432 432 452 433 453 433 453 414 434 413 433 414 434 433 453 434 454 434 454 415 435 414 434 415 435 434 454 435 455 435 455 436 456 415 435 416 436 415 435 436 456 417 437 416 436 437 457 416 436 436 456 437 457 418 438 417 437 438 458 417 437 437 457 438 458 438 458 419 439 418 438 419 439 438 458 439 459 439 459 420 440 419 439 420 440 439 459 440 460 440 460 421 441 420 440 401 421 420 440 421 441 441 461 442 462 421 441 422 442 421 441 442 462 423 443 442 462 443 463 442 462 423 443 422 442 443 463 424 444 423 443 424 444 443 463 444 464 444 464 425 445 424 444 425 445 444 464 445 465 445 465 446 466 425 445 426 446 425 445 446 466 427 447 426 446 447 467 426 446 446 466 447 467 447 467 428 448 427 447 428 448 447 467 448 468 448 468 429 449 428 448 429 449 448 468 449 469 449 469 430 450 429 449 430 450 449 469 450 470 431 451 430 450 451 471 430 450 450 470 451 471 432 452 431 451 452 472 431 451 451 471 452 472 433 453 432 452 453 473 432 452 452 472 453 473 453 473 434 454 433 453 434 454 453 473 454 474 454 474 435 455 434 454 435 455 454 474 455 475 455 475 456 476 435 455 436 456 435 455 456 476 437 457 436 456 457 477 457 477 436 456 456 476 437 457 458 478 438 458 458 478 437 457 457 477 459 479 438 458 458 478 438 458 459 479 439 459 459 479 440 460 439 459 440 460 459 479 460 480 460 480 441 461 440 460 421 441 440 460 441 461 461 481 442 462 441 461 442 462 461 481 462 482 443 463 462 482 463 483 462 482 443 463 442 462 444 464 463 483 464 484 463 483 444 464 443 463 464 484 445 465 444 464 445 465 464 484 465 485 465 485 466 486 445 465 446 466 445 465 466 486 447 467 446 466 467 487 446 466 466 486 467 487 467 487 468 488 447 467 448 468 447 467 468 488 468 488 449 469 448 468 449 469 468 488 469 489 469 489 450 470 449 469 450 470 469 489 470 490 451 471 450 470 471 491 450 470 470 490 471 491 472 492 451 471 471 491 451 471 472 492 452 472 473 493 452 472 472 492 452 472 473 493 453 473 474 494 453 473 473 493 453 473 474 494 454 474 474 494 475 495 454 474 455 475 454 474 475 495 456 476 455 475 476 496 455 475 475 495 476 496 457 477 456 476 477 497 477 497 456 476 476 496 457 477 478 498 458 478 478 498 457 477 477 497 478 498 459 479 458 478 459 479 478 498 479 499 479 499 460 480 459 479 460 480 479 499 480 500 480 500 441 461 460 480 441 461 480 500 461 481 481 501 462 482 461 481 462 482 481 501 482 502 463 483 482 502 483 503 482 502 463 483 462 482 464 484 483 503 484 504 483 503 464 484 463 483 465 485 484 504 485 505 484 504 465 485 464 484 485 505 466 486 465 485 466 486 485 505 486 506 486 506 467 487 466 486 467 487 486 506 487 507 487 507 488 508 467 487 468 488 467 487 488 508 469 489 468 488 489 509 468 488 488 508 489 509 470 490 469 489 490 510 469 489 489 509 490 510 470 490 491 511 471 491 491 511 470 490 490 510 492 512 471 491 491 511 471 491 492 512 472 492 493 513 472 492 492 512 472 492 493 513 473 493 494 514 473 493 493 513 473 493 494 514 474 494 494 514 495 515 474 494 475 495 474 494 495 515 476 496 475 495 496 516 475 495 495 515 496 516 477 497 476 496 497 517 497 517 476 496 496 516 478 498 497 517 498 518 497 517 478 498 477 497 498 518 479 499 478 498 479 499 498 518 499 519 499 519 480 500 479 499 480 500 499 519 500 520 500 520 461 481 480 500 461 481 500 520 481 501 482 502 501 521 502 522 501 521 482 502 481 501 483 503 502 522 503 523 502 522 483 503 482 502 484 504 503 523 504 524 503 523 484 504 483 503 485 505 504 524 505 525 504 524 485 505 484 504 505 525 486 506 485 505 486 506 505 525 506 526 506 526 487 507 486 506 487 507 506 526 507 527 507 527 508 528 487 507 488 508 487 507 508 528 489 509 488 508 509 529 488 508 508 528 509 529 490 510 489 509 510 530 489 509 509 529 510 530 490 510 511 531 491 511 511 531 490 510 510 530 491 511 512 532 492 512 512 532 491 511 511 531 513 533 492 512 512 532 492 512 513 533 493 513 514 534 493 513 513 533 493 513 514 534 494 514 495 515 494 514 515 535 494 514 514 534 515 535 496 516 495 515 516 536 495 515 515 535 516 536 517 537 497 517 496 516 517 537 496 516 516 536 497 517 518 538 498 518 518 538 497 517 517 537 519 539 498 518 518 538 498 518 519 539 499 519 520 540 499 519 519 539 499 519 520 540 500 520 501 521 500 520 520 540 500 520 501 521 481 501 502 522 521 541 522 542 521 541 502 522 501 521 503 523 522 542 523 543 522 542 503 523 502 522 504 524 523 543 524 544 523 543 504 524 503 523 505 525 524 544 525 545 524 544 505 525 504 524 525 545 506 526 505 525 506 526 525 545 526 546 526 546 507 527 506 526 507 527 526 546 527 547 527 547 508 528 507 527 508 528 527 547 528 548 509 529 508 528 529 549 508 528 528 548 529 549 530 550 510 530 509 529 530 550 509 529 529 549 531 551 511 531 510 530 531 551 510 530 530 550 511 531 532 552 512 532 532 552 511 531 531 551 533 553 512 532 532 552 512 532 533 553 513 533 534 554 513 533 533 553 513 533 534 554 514 534 515 535 534 554 535 555 534 554 515 535 514 534 516 536 535 555 536 556 535 555 516 536 515 535 517 537 536 556 537 557 536 556 517 537 516 536 517 537 538 558 518 538 538 558 517 537 537 557 539 559 518 538 538 558 518 538 539 559 519 539 540 560 519 539 539 559 519 539 540 560 520 540 521 541 520 540 540 560 520 540 521 541 501 521 542 404 522 542 521 541 521 541 541 402 542 404 523 543 542 404 543 406 542 404 523 543 522 542 524 544 543 406 544 408 543 406 524 544 523 543 525 545 544 408 545 410 544 408 525 545 524 544 545 410 526 546 525 545 526 546 545 410 546 412 546 412 527 547 526 546 527 547 546 412 547 414 547 414 528 548 527 547 528 548 547 414 548 416 549 418 529 549 528 548 528 548 548 416 549 418 550 420 530 550 529 549 550 420 529 549 549 418 551 381 531 551 530 550 551 381 530 550 550 420 531 551 552 384 532 552 552 384 531 551 551 381 553 386 532 552 552 384 532 552 553 386 533 553 553 386 534 554 533 553 534 554 553 386 554 388 535 555 554 388 555 390 554 388 535 555 534 554 536 556 555 390 556 392 555 390 536 556 535 555 537 557 556 392 557 394 556 392 537 557 536 556 537 557 558 396 538 558 558 396 537 557 557 394 538 558 559 398 539 559 559 398 538 558 558 396 560 400 539 559 559 398 539 559 560 400 540 560 541 402 540 560 560 400 540 560 541 402 521 541 641 562 380 380 622 561 380 380 641 562 362 361 361 362 641 562 640 563 641 562 361 362 362 361 640 563 363 363 361 362 363 363 640 563 639 564 639 564 364 364 363 363 364 364 639 564 638 565 638 565 365 365 364 364 365 365 638 565 637 566 366 366 637 566 636 567 637 566 366 366 365 365 367 367 636 567 635 568 636 567 367 367 366 366 368 368 635 568 634 569 635 568 368 368 367 367 369 369 634 569 633 570 634 569 369 369 368 368 633 570 370 370 369 369 370 370 633 570 632 571 632 571 371 371 370 370 371 371 632 571 631 572 631 572 372 372 371 371 372 372 631 572 630 573 373 373 372 372 629 574 372 372 630 573 629 574 628 575 374 374 373 373 628 575 373 373 629 574 374 374 627 576 375 375 627 576 374 374 628 575 626 577 375 375 627 576 375 375 626 577 376 376 625 578 376 376 626 577 376 376 625 578 377 377 625 578 624 579 377 377 378 378 377 377 624 579 379 379 378 378 623 580 378 378 624 579 623 580 380 380 379 379 622 561 379 379 623 580 622 561 562 581 563 582 561 583 563 582 564 584 561 583 564 584 565 585 561 583 565 585 566 586 561 583 566 586 567 587 561 583 567 587 568 588 561 583 568 588 569 589 561 583 569 589 570 590 561 583 570 590 571 591 561 583 571 591 572 592 561 583 572 592 573 593 561 583 573 593 574 594 561 583 574 594 575 595 561 583 575 595 576 596 561 583 576 596 577 597 561 583 577 597 578 598 561 583 578 598 579 599 561 583 579 599 580 600 561 583 580 600 581 601 561 583 581 601 562 581 561 583 582 602 563 582 562 581 563 582 582 602 583 603 584 604 563 582 583 603 563 582 584 604 564 584 585 605 564 584 584 604 564 584 585 605 565 585 565 585 586 606 566 586 586 606 565 585 585 605 566 586 587 607 567 587 587 607 566 586 586 606 567 587 588 608 568 588 588 608 567 587 587 607 568 588 589 609 569 589 589 609 568 588 588 608 590 610 569 589 589 609 569 589 590 610 570 590 591 611 571 591 590 610 590 610 571 591 570 590 592 612 572 592 591 611 572 592 571 591 591 611 572 592 592 612 573 593 593 613 573 593 592 612 573 593 593 613 574 594 574 594 593 613 594 614 594 614 575 595 574 594 575 595 594 614 595 615 595 615 576 596 575 595 576 596 595 615 596 616 597 617 576 596 596 616 576 596 597 617 577 597 598 618 577 597 597 617 577 597 598 618 578 598 599 619 578 598 598 618 578 598 599 619 579 599 579 599 599 619 580 600 580 600 599 619 600 620 600 620 581 601 580 600 581 601 600 620 601 621 601 621 562 581 581 601 562 581 601 621 582 602 602 622 583 603 582 602 583 603 602 622 603 623 604 624 583 603 603 623 583 603 604 624 584 604 605 625 584 604 604 624 584 604 605 625 585 605 606 626 585 605 605 625 585 605 606 626 586 606 586 606 607 627 587 607 607 627 586 606 606 626 587 607 608 628 588 608 608 628 587 607 607 627 588 608 609 629 589 609 609 629 588 608 608 628 610 630 589 609 609 629 589 609 610 630 590 610 610 630 611 631 591 611 610 630 591 611 590 610 612 632 592 612 611 631 592 612 591 611 611 631 613 633 593 613 612 632 593 613 592 612 612 632 593 613 613 633 594 614 594 614 613 633 614 634 614 634 595 615 594 614 595 615 614 634 615 635 615 635 596 616 595 615 596 616 615 635 616 636 616 636 617 637 597 617 616 636 597 617 596 616 618 638 597 617 617 637 597 617 618 638 598 618 619 639 598 618 618 638 598 618 619 639 599 619 599 619 619 639 600 620 600 620 619 639 620 640 620 640 601 621 600 620 601 621 620 640 621 641 621 641 582 602 601 621 582 602 621 641 602 622 602 622 623 580 603 623 623 580 602 622 622 561 624 579 603 623 623 580 603 623 624 579 604 624 625 578 604 624 624 579 604 624 625 578 605 625 626 577 605 625 625 578 605 625 626 577 606 626 606 626 627 576 607 627 627 576 606 626 626 577 607 627 628 575 608 628 628 575 607 627 627 576 608 628 629 574 609 629 629 574 608 628 628 575 630 573 609 629 629 574 609 629 630 573 610 630 630 573 631 572 611 631 630 573 611 631 610 630 632 571 612 632 631 572 612 632 611 631 631 572 613 633 612 632 632 571 613 633 632 571 633 570 613 633 633 570 614 634 614 634 633 570 634 569 634 569 615 635 614 634 615 635 634 569 635 568 635 568 616 636 615 635 616 636 635 568 636 567 636 567 637 566 617 637 636 567 617 637 616 636 637 566 638 565 618 638 637 566 618 638 617 637 639 564 619 639 638 565 619 639 618 638 638 565 620 640 619 639 639 564 620 640 639 564 640 563 640 563 621 641 620 640 621 641 640 563 641 562 641 562 602 622 621 641 602 622 641 562 622 561 642 642 644 643 643 644 642 642 643 644 645 645 642 642 645 645 646 646 642 642 646 646 647 647 642 642 647 647 648 648 642 642 648 648 649 649 642 642 649 649 650 650 642 642 650 650 651 651 642 642 651 651 652 652 642 642 652 652 653 653 642 642 653 653 654 654 642 642 654 654 655 655 642 642 655 655 656 656 642 642 656 656 657 657 642 642 657 657 658 658 642 642 658 658 659 659 642 642 659 659 660 660 642 642 660 660 661 661 642 642 661 661 662 662 642 642 662 662 644 643</p>
        </triangles>
      </mesh>
    </geometry>
    <geometry id="Eye_R-lib" name="Eye_RMesh">
      <mesh>
        <source id="Eye_R-POSITION">
          <float_array id="Eye_R-POSITION-array" count="1989">
-3.576816 185.951965 11.529465
-2.982527 186.383453 11.770972
-2.877005 186.173813 11.768637
-3.149165 186.549835 11.766826
-3.357875 186.656647 11.756064
-3.589738 186.693985 11.741187
-3.821301 186.657516 11.722228
-4.030095 186.551575 11.702075
-4.196222 186.386459 11.681845
-4.302104 186.177368 11.664650
-4.338479 185.945953 11.651038
-4.301817 185.713974 11.642673
-4.195390 185.504303 11.640891
-4.029624 185.338104 11.645493
-3.820553 185.230820 11.655768
-3.589362 185.193542 11.671002
-3.358413 185.229767 11.689374
-3.149098 185.335419 11.709613
-2.983822 185.501266 11.729619
-2.877093 185.709991 11.747334
-2.840069 185.942184 11.760889
-2.877051 186.461319 11.925014
-2.750200 186.211578 11.922829
-3.074726 186.659393 11.919776
-3.324089 186.786652 11.907109
-3.600283 186.830093 11.888412
-3.875470 186.785217 11.865246
-4.122124 186.657120 11.840307
-4.317297 186.460724 11.816076
-4.443625 186.213882 11.795396
-4.490353 185.939377 11.780742
-4.449686 185.662857 11.772779
-4.322695 185.413101 11.770414
-4.124949 185.214462 11.775646
-3.875758 185.086700 11.788734
-3.599791 185.042084 11.808994
-3.323552 185.085129 11.829168
-3.074598 185.211578 11.852648
-2.877131 185.408875 11.876431
-2.750223 185.658157 11.897391
-2.706342 185.934814 11.913471
-3.308505 185.939484 11.802238
-3.322421 185.850693 11.797035
-3.363255 185.770447 11.790283
-3.426315 185.707321 11.782643
-3.506089 185.666611 11.775385
-3.594784 185.652283 11.769608
-3.683518 185.667038 11.762353
-3.763910 185.708313 11.757902
-3.827399 185.772049 11.756249
-3.867907 185.851685 11.757026
-3.883010 185.940506 11.759953
-3.869863 186.029907 11.765018
-3.829301 186.110641 11.771766
-3.765353 186.175095 11.779492
-3.685125 186.215744 11.787236
-3.595945 186.229324 11.794490
-3.506834 186.214645 11.800379
-3.426689 186.173050 11.804345
-3.363424 186.108856 11.806046
-3.322725 186.028503 11.805350
-3.105824 185.937988 11.845475
-3.129785 185.785614 11.836590
-3.199747 185.648163 11.824932
-3.307868 185.539856 11.811943
-3.444764 185.469803 11.801182
-3.597182 185.444000 11.796671
-3.748739 185.470322 11.778870
-3.886304 185.541504 11.769565
-3.995090 185.650848 11.766723
-4.064620 185.787537 11.767959
-4.088572 185.939438 11.773315
-4.064524 186.091431 11.782291
-3.994758 186.228302 11.793880
-3.885972 186.337296 11.807002
-3.749740 186.406799 11.820219
-3.598241 186.430618 11.832379
-3.446359 186.406555 11.842432
-3.309141 186.336548 11.849196
-3.200153 186.227737 11.852102
-3.130100 186.090378 11.850823
-2.869683 185.936142 11.891374
-2.905410 185.709991 11.878140
-3.009196 185.506119 11.860945
-3.170039 185.345428 11.841578
-3.373326 185.241714 11.825069
-3.599519 185.205444 11.816909
-3.824353 185.242615 11.792073
-4.028164 185.347641 11.778724
-4.189610 185.509827 11.774445
-4.293059 185.713196 11.776359
-4.326184 185.938950 11.784390
-4.287818 186.162674 11.797512
-4.184523 186.363907 11.814557
-4.024987 186.524109 11.833962
-3.824123 186.628433 11.853614
-3.600120 186.665314 11.871749
-3.375063 186.630371 11.886664
-3.171419 186.527130 11.896761
-3.009753 186.365677 11.901092
-2.905919 186.161926 11.899281
-2.670921 186.237900 11.892211
-2.809026 186.510071 11.894576
-3.024385 186.726196 11.888828
-3.296150 186.865128 11.875127
-3.597389 186.913467 11.855888
-3.898495 186.866394 11.831348
-4.169882 186.728516 11.805522
-4.384824 186.513809 11.779098
-4.522993 186.242538 11.756373
-4.570221 185.941711 11.738380
-4.522379 185.640442 11.727782
-4.384054 185.368286 11.725292
-4.168912 185.151947 11.731714
-3.897594 185.012772 11.745011
-3.596840 184.964172 11.765001
-3.296176 185.011169 11.788674
-3.025063 185.148804 11.814897
-2.810007 185.363861 11.840805
-2.671783 185.635269 11.863512
-2.623791 185.936401 11.881244
-3.460807 185.903793 11.680072
-3.586844 185.945206 11.665881
-3.454344 185.944763 11.682476
-3.479699 185.866501 11.676956
-3.508995 185.837326 11.673423
-3.546021 185.818283 11.669822
-3.587131 185.811905 11.666492
-3.628334 185.818512 11.663830
-3.665427 185.837585 11.661988
-3.694869 185.867126 11.661125
-3.713761 185.904221 11.661533
-3.720320 185.945221 11.662980
-3.713951 185.986542 11.665409
-3.695129 186.023682 11.668590
-3.665690 186.053162 11.672118
-3.628666 186.071808 11.675633
-3.587554 186.078262 11.678969
-3.546423 186.071716 11.681656
-3.509350 186.052719 11.683502
-3.479858 186.023224 11.684223
-3.460896 185.986115 11.683897
-3.367685 185.871429 11.710269
-3.356379 185.943787 11.714455
-3.400795 185.806107 11.704736
-3.451980 185.755127 11.698589
-3.516723 185.722260 11.692314
-3.588613 185.710968 11.686523
-3.660742 185.722412 11.681755
-3.725926 185.755936 11.678578
-3.777447 185.807785 11.677175
-3.810391 185.872269 11.677772
-3.821582 185.944260 11.680446
-3.809779 186.016052 11.684764
-3.776616 186.080582 11.690176
-3.725264 186.131912 11.696404
-3.661080 186.164612 11.702638
-3.589684 186.176056 11.708329
-3.517931 186.164841 11.713063
-3.452976 186.132080 11.716240
-3.401087 186.080872 11.717524
-3.367853 186.015808 11.716974
-3.363998 185.867142 11.754798
-3.398168 185.799942 11.749124
-3.450922 185.747208 11.742766
-3.517668 185.713150 11.736302
-3.591831 185.701401 11.730323
-3.666187 185.713470 11.725451
-3.733483 185.748047 11.722069
-3.786618 185.801270 11.720691
-3.820553 185.867905 11.721313
-3.832457 185.942276 11.723953
-3.820935 186.016617 11.728211
-3.786903 186.083664 11.733822
-3.733624 186.137054 11.740226
-3.667021 186.170944 11.746707
-3.592928 186.182495 11.752669
-3.518677 186.170654 11.757550
-3.451700 186.136292 11.760894
-3.398519 186.082932 11.762306
-3.364259 186.015854 11.761687
-3.352346 185.941681 11.759116
-1.370610 186.730850 9.259315
-1.661420 187.323288 9.264872
-2.123317 187.791595 9.252432
-2.716952 188.092056 9.223242
-3.377463 188.193863 9.180241
-4.038031 188.087997 9.127522
-4.632608 187.786087 9.070409
-5.104500 187.316940 9.014243
-5.406966 186.725769 8.964557
-5.510139 186.073166 8.926481
-5.406534 185.419174 8.903512
-5.106051 184.828110 8.897870
-4.637297 184.357315 8.910234
-4.047699 184.055206 8.939380
-3.394628 183.950150 8.982460
-2.741659 184.052017 9.035171
-2.151196 184.351929 9.092294
-1.679610 184.822357 9.148562
-1.379984 185.414139 9.198045
-1.274151 186.071732 9.236252
-1.325743 186.737198 9.603380
-1.627229 187.351654 9.609127
-2.105049 187.838379 9.596280
-2.718919 188.149704 9.566004
-3.403238 188.255447 9.521374
-4.088177 188.146011 9.466744
-4.705467 187.832718 9.407378
-5.194103 187.346497 9.349144
-5.506270 186.734802 9.297809
-5.613099 186.056808 9.258195
-5.505452 185.378342 9.234307
-5.193835 184.765610 9.228468
-4.708729 184.278503 9.241302
-4.097689 183.965164 9.271518
-3.420460 183.855911 9.316163
-2.743257 183.961456 9.370887
-2.130631 184.272491 9.430199
-1.643155 184.759293 9.488393
-1.333727 185.373535 9.539902
-1.225233 186.055328 9.579510
-1.328115 186.727661 9.958000
-1.633857 187.349716 9.963891
-2.117950 187.842438 9.950871
-2.739310 188.157700 9.920261
-3.431712 188.265060 9.875017
-4.124577 188.154633 9.819701
-4.748843 187.837708 9.759580
-5.242743 187.345825 9.700624
-5.558117 186.726974 9.648635
-5.666300 186.040512 9.608540
-5.557300 185.353500 9.584373
-5.241786 184.733078 9.578461
-4.750650 184.240021 9.591473
-4.131986 183.922623 9.622084
-3.446291 183.811996 9.667285
-2.760730 183.918884 9.722610
-2.141273 184.233322 9.782645
-1.648442 184.725677 9.841633
-1.335505 185.347473 9.893743
-1.225921 186.037476 9.933800
-1.379750 186.700836 10.308019
-1.682826 187.315140 10.313835
-2.163175 187.801941 10.301009
-2.777118 188.113495 10.270720
-3.460458 188.219696 10.226122
-4.144089 188.110962 10.171441
-4.759887 187.798447 10.112088
-5.246934 187.313034 10.053866
-5.558021 186.701981 10.002462
-5.664854 186.024002 9.962846
-5.557215 185.345444 9.939047
-5.245583 184.732712 9.933246
-4.760495 184.245514 9.946043
-4.149425 183.932159 9.976211
-3.472183 183.822937 10.020901
-2.795090 183.928452 10.075575
-2.183844 184.238693 10.134960
-1.697489 184.724487 10.193213
-1.387494 185.338211 10.244569
-1.278655 186.019440 10.284127
-1.480634 186.657806 10.644787
-1.773826 187.249237 10.650420
-2.239662 187.717972 10.638069
-2.831274 188.018127 10.608947
-3.488656 188.120712 10.566023
-4.146165 188.016327 10.513379
-4.738328 187.715820 10.456223
-5.206582 187.248596 10.400114
-5.505983 186.660446 10.350593
-5.608840 186.007660 10.312474
-5.505167 185.354202 10.289537
-5.205100 184.764099 10.283981
-4.738014 184.295288 10.296337
-4.149620 183.993423 10.325381
-3.497519 183.888077 10.368378
-2.845510 183.989761 10.421022
-2.257296 184.288513 10.478171
-1.789160 184.755844 10.534309
-1.488897 185.346466 10.583804
-1.383220 186.001907 10.621831
-1.631313 186.599762 10.960108
-1.908625 187.153656 10.965387
-2.346223 187.592758 10.953828
-2.900260 187.874176 10.926556
-3.515489 187.970367 10.886373
-4.130714 187.873077 10.837069
-4.684710 187.591980 10.783471
-5.122752 187.154633 10.730868
-5.403209 186.603470 10.684500
-5.499618 185.991974 10.648793
-5.402316 185.379791 10.627186
-5.121351 184.827148 10.622035
-4.683742 184.387863 10.633658
-4.132508 184.104980 10.660890
-3.521568 184.006241 10.701114
-2.910765 184.101471 10.750428
-2.359840 184.381348 10.803976
-1.921361 184.818802 10.856554
-1.638281 185.371780 10.902969
-1.538880 185.985641 10.938624
-1.828658 186.527908 11.246215
-2.081998 187.030640 11.250954
-2.479511 187.429382 11.240463
-2.982208 187.685150 11.215717
-3.540181 187.772827 11.179214
-4.098029 187.684830 11.134411
-4.600363 187.429932 11.085772
-4.997669 187.033234 11.038019
-5.249069 186.531830 10.995616
-5.337349 185.977371 10.963357
-5.249888 185.421555 10.942043
-4.996389 184.919632 10.939208
-4.599051 184.520935 10.949722
-4.098536 184.264114 10.974500
-3.543836 184.174347 11.011006
-2.989207 184.260803 11.055815
-2.488991 184.514755 11.104387
-2.091340 184.911804 11.152074
-1.834255 185.413635 11.194268
-1.743654 185.970612 11.226719
-2.066584 186.444336 11.495946
-2.288481 186.883469 11.500079
-2.635938 187.231949 11.490898
-3.074915 187.455521 11.469204
-3.562007 187.532730 11.437359
-4.048934 187.456177 11.398216
-4.487416 187.233734 11.355671
-4.832851 186.885849 11.313626
-5.051058 186.447784 11.276249
-5.128715 185.964127 11.248254
-5.056118 185.478256 11.231458
-4.831919 185.039703 11.226748
-4.486004 184.691132 11.236814
-4.048534 184.466629 11.258422
-3.563703 184.388184 11.290332
-3.078965 184.463730 11.329478
-2.641748 184.685715 11.371969
-2.294557 185.032608 11.413652
-2.070429 185.470810 11.450520
-1.991656 185.957275 11.478909
-2.336807 186.351059 11.705891
-2.521676 186.716583 11.709282
-2.810748 187.006714 11.701732
-3.175764 187.192886 11.683721
-3.580647 187.257370 11.657146
-3.985321 187.193848 11.624512
-4.348932 187.007980 11.588859
-4.634330 186.717697 11.553318
-4.817596 186.354568 11.522532
-4.883298 185.952545 11.499612
-4.823155 185.548248 11.485996
-4.637305 185.183014 11.482335
-4.348470 184.893036 11.490211
-3.984399 184.706268 11.508222
-3.580904 184.641037 11.534805
-3.177479 184.703918 11.567392
-2.813649 184.888733 11.602736
-2.524914 185.177200 11.637474
-2.338881 185.541595 11.668114
-2.273880 185.946060 11.691722
-2.595617 186.262985 11.869178
-2.744389 186.556808 11.871792
-2.976827 186.790039 11.865808
-3.270044 186.939865 11.851446
-3.595105 186.991913 11.829748
-3.920120 186.941498 11.802341
-4.213233 186.793365 11.772019
-4.445706 186.561523 11.742629
-4.594814 186.268433 11.717948
-4.645621 185.943192 11.701332
-4.593083 185.618240 11.692747
-4.443847 185.324646 11.689983
-4.211570 185.091583 11.696152
-3.918950 184.941360 11.710647
-3.594664 184.888931 11.731976
-3.270418 184.939606 11.758151
-2.977995 185.088028 11.786575
-2.745978 185.319992 11.814509
-2.596834 185.612656 11.839140
-2.544987 185.937531 11.858044
-2.875078 186.463043 11.957502
-2.747430 186.211716 11.955172
-3.073946 186.662582 11.952309
-3.324831 186.790497 11.939938
-3.602737 186.834076 11.921678
-3.879831 186.789001 11.899422
-4.128634 186.660065 11.875316
-4.325686 186.462540 11.851390
-4.452832 186.214249 11.830318
-4.498814 185.938049 11.813891
-4.457234 185.659500 11.803672
-4.329448 185.408401 11.801358
-4.130512 185.208572 11.806633
-3.879669 185.079971 11.819008
-3.601886 185.035141 11.837285
-3.324098 185.078415 11.859760
-3.073686 185.205734 11.884029
-2.875033 185.404190 11.908019
-2.747355 185.654831 11.929090
-2.703248 185.933151 11.945351
-3.169056 186.115112 7.520897
-3.183808 186.085602 7.518654
-3.206565 186.062393 7.516029
-3.235906 186.047455 7.513029
-3.268403 186.042007 7.510707
-3.301357 186.047073 7.508389
-3.330572 186.061539 7.506887
-3.353669 186.084259 7.506176
-3.368071 186.113129 7.506588
-3.373411 186.145508 7.507668
-3.368649 186.178040 7.509619
-3.353306 186.207382 7.511888
-3.329999 186.230576 7.514763
-3.300909 186.245392 7.517689
-3.268645 186.250824 7.520172
-3.236202 186.246063 7.522318
-3.207065 186.231567 7.523882
-3.183947 186.208511 7.524370
-3.168478 186.178452 7.524337
-3.163826 186.146927 7.522908
-5.273346 186.702545 8.673548
-4.985579 187.263290 8.720641
-4.539202 187.706619 8.773710
-3.980354 187.990372 8.827348
-3.358071 188.090851 8.877024
-2.731843 187.994888 8.917842
-2.166859 187.710068 8.945569
-1.730385 187.271301 8.957192
-1.454839 186.711044 8.951952
-1.363724 186.084747 8.930050
-1.465362 185.462662 8.893949
-1.749627 184.907547 8.847473
-2.198877 184.460770 8.794035
-2.753877 184.178207 8.740367
-3.369051 184.081558 8.690763
-3.987128 184.180115 8.649995
-4.545397 184.465927 8.622367
-4.991102 184.913757 8.610584
-5.274576 185.472916 8.615958
-5.371332 186.088791 8.637697
-5.100519 186.669006 8.404773
-4.838847 187.179855 8.447559
-4.427713 187.588211 8.496370
-3.906293 187.853592 8.546413
-3.334545 187.945511 8.592031
-2.755436 187.855591 8.629744
-2.238180 187.594238 8.655082
-1.836196 187.190048 8.665675
-1.579264 186.671661 8.660790
-1.495651 186.101761 8.640850
-1.590796 185.526672 8.607479
-1.855425 185.014984 8.564696
-2.271643 184.602798 8.515356
-2.785940 184.341568 8.465695
-3.350407 184.253555 8.420299
-3.923327 184.346115 8.382635
-4.436869 184.610291 8.357228
-4.843377 185.020386 8.346604
-5.103446 185.533630 8.351518
-5.191892 186.098053 8.371426
-4.896637 186.620712 8.164530
-4.660814 187.079315 8.203035
-4.293306 187.443954 8.246598
-3.827976 187.680435 8.291214
-3.313065 187.763092 8.332245
-2.798118 187.683212 8.365798
-2.336562 187.449570 8.388432
-1.973619 187.085281 8.397950
-1.742955 186.623505 8.393568
-1.667949 186.112579 8.375722
-1.754465 185.600647 8.345998
-1.993378 185.140915 8.307508
-2.363642 184.773697 8.263652
-2.824472 184.539627 8.219202
-3.333203 184.459763 8.178311
-3.844229 184.541992 8.144710
-4.302890 184.777313 8.122081
-4.665660 185.142090 8.112538
-4.899217 185.602325 8.116913
-4.978898 186.110825 8.134801
-4.676090 186.564484 7.966361
-4.469545 186.964630 7.999919
-4.148738 187.282135 8.037872
-3.744947 187.486938 8.076564
-3.299096 187.558273 8.112073
-2.852805 187.489594 8.141150
-2.451235 187.286972 8.160891
-2.134250 186.969910 8.169284
-1.932980 186.569153 8.165580
-1.866874 186.124573 8.150052
-1.942100 185.679321 8.124220
-2.151447 185.276505 8.090559
-2.473072 184.957932 8.052514
-2.874654 184.754181 8.013835
-3.317127 184.684540 7.978268
-3.761238 184.755692 7.949087
-4.159395 184.959518 7.929451
-4.476534 185.277863 7.921092
-4.679459 185.678223 7.924888
-4.748271 186.121429 7.940476
-4.430735 186.502869 7.801701
-4.257951 186.833923 7.829593
-3.988922 187.098129 7.861299
-3.655718 187.266693 7.893167
-3.291239 187.325027 7.922214
-2.919850 187.268890 7.946503
-2.586753 187.102707 7.962940
-2.322350 186.840607 7.970068
-2.153139 186.508514 7.967151
-2.096243 186.138626 7.954366
-2.158238 185.765152 7.932784
-2.334118 185.426178 7.904467
-2.602527 185.161026 7.872785
-2.935783 184.992218 7.840738
-3.299593 184.935104 7.811574
-3.672301 184.993774 7.787057
-4.001219 185.161545 7.770839
-4.269186 185.431259 7.763748
-4.437053 185.764160 7.766971
-4.492542 186.132889 7.780042
-4.150408 186.420288 7.664735
-4.020602 186.670563 7.685740
-3.814002 186.875107 7.710170
-3.565207 187.002670 7.734064
-3.283492 187.048096 7.756538
-2.993357 187.004562 7.775532
-2.743323 186.879959 7.787899
-2.543585 186.682144 7.793299
-2.413638 186.429230 7.791111
-2.369649 186.143829 7.781269
-2.417239 185.854248 7.764557
-2.545445 185.605194 7.743814
-2.747137 185.403748 7.719972
-3.001618 185.272171 7.695395
-3.283323 185.225616 7.672721
-3.564941 185.267731 7.654131
-3.819592 185.396164 7.641458
-4.027100 185.602676 7.635911
-4.153578 185.850296 7.638202
-4.196917 186.132874 7.648087
-3.843062 186.324097 7.567308
-3.756017 186.492554 7.581424
-3.626062 186.622681 7.596793
-3.461892 186.707352 7.612630
-3.276816 186.738541 7.627473
-3.088543 186.710403 7.639813
-2.918733 186.625748 7.648197
-2.790500 186.498444 7.651684
-2.706264 186.332489 7.650179
-2.677409 186.141586 7.643514
-2.708445 185.955566 7.632748
-2.790747 185.796036 7.619470
-2.921876 185.664505 7.603880
-3.089783 185.577835 7.587704
-3.279343 185.546356 7.572476
-3.458822 185.573059 7.560647
-3.624353 185.656189 7.552391
-3.758218 185.787598 7.548744
-3.842991 185.952835 7.550195
-3.872763 186.141830 7.556758
-3.540509 186.230850 7.518670
-3.499537 186.310837 7.525359
-3.437419 186.373367 7.532727
-3.358372 186.414139 7.540352
-3.270500 186.429153 7.547370
-3.182187 186.416046 7.553195
-3.101753 186.375839 7.557202
-3.039584 186.314178 7.558876
-2.998935 186.233963 7.558136
-2.985552 186.146164 7.555065
-2.999942 186.058960 7.550027
-3.039889 185.981064 7.543546
-3.102571 185.918015 7.536109
-3.182146 185.877136 7.528392
-3.271249 185.862274 7.521266
-3.357888 185.875244 7.515549
-3.436790 185.914597 7.511600
-3.499790 185.976242 7.509958
-3.540332 186.055298 7.510647
-3.554441 186.144012 7.513654
-3.622203 185.922852 12.146461
-3.424188 185.923126 12.147840
-3.433789 185.862457 12.144259
-3.461802 185.807205 12.139594
-3.505172 185.763702 12.134409
-3.559993 185.735901 12.129112
-3.620875 185.726242 12.124180
-3.681896 185.736069 12.120128
-3.736836 185.764282 12.117407
-3.780440 185.808044 12.116290
-3.808575 185.863083 12.116703
-3.818461 185.923996 12.118715
-3.809098 185.985199 12.122197
-3.781224 186.040314 12.126678
-3.737524 186.083984 12.131907
-3.682538 186.112000 12.137220
-3.621466 186.121506 12.142212
-3.560399 186.111816 12.146226
-3.505315 186.083191 12.149046
-3.461687 186.039551 12.150290
-3.433742 185.984253 12.149925
-3.237291 185.924500 12.126515
-3.255784 185.806534 12.119583
-3.310029 185.699615 12.110603
-3.393889 185.615692 12.100473
-3.499967 185.561905 12.090176
-3.617778 185.543350 12.080694
-3.735907 185.562256 12.072873
-3.842770 185.617065 12.067645
-3.927180 185.702011 12.065421
-3.981070 185.808090 12.066349
-3.999509 185.925903 12.070336
-3.980667 186.043747 12.077075
-3.926511 186.149475 12.085960
-3.842177 186.233398 12.096052
-3.736691 186.287399 12.106285
-3.619380 186.305969 12.115840
-3.501678 186.287628 12.123694
-3.395435 186.233414 12.129125
-3.310890 186.149231 12.131438
-3.256303 186.042877 12.130580
-3.048368 185.926727 12.084471
-3.075874 185.751678 12.074208
-3.156312 185.593185 12.060897
-3.281018 185.468292 12.045882
-3.438536 185.388275 12.030563
-3.613455 185.360718 12.016419
-3.788643 185.388962 12.004894
-3.947375 185.470413 11.997074
-4.072790 185.596237 11.994018
-4.153087 185.753677 11.995940
-4.179749 185.928986 12.001220
-4.151398 186.103378 12.011213
-4.071060 186.259399 12.024481
-3.946122 186.383392 12.039659
-3.789610 186.464920 12.054764
-3.615430 186.493408 12.068821
-3.440606 186.465775 12.080539
-3.282851 186.385452 12.088459
-3.157372 186.260284 12.091927
-3.076493 186.102097 12.090515
-2.866815 185.929855 12.021738
-2.903038 185.699921 12.008332
-3.008533 185.492584 11.990832
-3.172164 185.329071 11.971165
-3.378721 185.224045 11.951072
-3.608015 185.187958 11.932529
-3.837470 185.225037 11.917428
-4.045018 185.331696 11.907148
-4.209291 185.496674 11.902847
-4.314606 185.703384 11.905045
-4.349439 185.933167 11.912685
-4.311727 186.161285 11.925953
-4.206532 186.365265 11.943487
-4.043355 186.527893 11.963430
-3.838115 186.634933 11.983201
-3.609746 186.672699 12.001572
-3.380589 186.636810 12.016819
-3.173505 186.531464 12.027129
-3.009136 186.367035 12.031602
-2.903518 186.159592 12.029704
</float_array>
          <technique_common>
            <accessor source="#Eye_R-POSITION-array" count="663" stride="3">
              <param name="X" type="float"/>
              <param name="Y" type="float"/>
              <param name="Z" type="float"/>
            </accessor>
          </technique_common>
        </source>
        <source id="Eye_R-Normal0">
          <float_array id="Eye_R-Normal0-array" count="11340">
0.276869 0.149940 -0.949137
0.276869 0.149940 -0.949137
0.276869 0.149940 -0.949137
0.233365 0.210058 -0.949430
0.233365 0.210058 -0.949430
0.233365 0.210058 -0.949430
0.177446 0.250866 -0.951619
0.177446 0.250866 -0.951619
0.177446 0.250866 -0.951619
0.105528 0.274534 -0.955769
0.105528 0.274534 -0.955769
0.105528 0.274534 -0.955769
0.035391 0.274792 -0.960852
0.035391 0.274792 -0.960852
0.035391 0.274792 -0.960852
-0.034621 0.252185 -0.967060
-0.034621 0.252185 -0.967060
-0.034621 0.252185 -0.967060
-0.091326 0.211136 -0.973181
-0.091326 0.211136 -0.973181
-0.091326 0.211136 -0.973181
-0.136079 0.149439 -0.979362
-0.136079 0.149439 -0.979362
-0.136079 0.149439 -0.979362
-0.157706 0.082665 -0.984020
-0.157706 0.082665 -0.984020
-0.157706 0.082665 -0.984020
-0.157719 0.010689 -0.987426
-0.157719 0.010689 -0.987426
-0.157719 0.010689 -0.987426
-0.134733 -0.059989 -0.989065
-0.134733 -0.059989 -0.989065
-0.134733 -0.059989 -0.989064
-0.091930 -0.119053 -0.988623
-0.091930 -0.119053 -0.988623
-0.091930 -0.119053 -0.988623
-0.034219 -0.161181 -0.986332
-0.034219 -0.161181 -0.986331
-0.034219 -0.161181 -0.986332
0.035072 -0.183898 -0.982320
0.035072 -0.183898 -0.982319
0.035072 -0.183898 -0.982320
0.106606 -0.184117 -0.977106
0.106606 -0.184117 -0.977106
0.106606 -0.184117 -0.977106
0.175615 -0.161905 -0.971054
0.175615 -0.161905 -0.971054
0.175615 -0.161905 -0.971054
0.235561 -0.118404 -0.964620
0.235561 -0.118404 -0.964620
0.235561 -0.118404 -0.964620
0.277591 -0.060569 -0.958788
0.277591 -0.060569 -0.958788
0.277591 -0.060569 -0.958788
0.299737 0.007894 -0.953989
0.299737 0.007894 -0.953989
0.299737 0.007894 -0.953989
0.299644 0.079578 -0.950727
0.299644 0.079578 -0.950727
0.299644 0.079578 -0.950727
-0.133214 -0.055227 0.989547
-0.133214 -0.055227 0.989547
-0.133214 -0.055227 0.989547
-0.133214 -0.055227 0.989547
-0.133214 -0.055227 0.989547
-0.133214 -0.055227 0.989547
-0.126110 -0.072866 0.989337
-0.126110 -0.072866 0.989337
-0.126110 -0.072866 0.989337
-0.126110 -0.072866 0.989337
-0.126110 -0.072866 0.989337
-0.126110 -0.072866 0.989337
-0.114713 -0.088316 0.989465
-0.114713 -0.088316 0.989465
-0.114713 -0.088316 0.989465
-0.114713 -0.088316 0.989465
-0.114713 -0.088316 0.989465
-0.114713 -0.088316 0.989465
-0.099672 -0.098115 0.990171
-0.099672 -0.098115 0.990171
-0.099672 -0.098115 0.990171
-0.099672 -0.098115 0.990171
-0.099672 -0.098115 0.990171
-0.099672 -0.098115 0.990171
-0.082366 -0.101554 0.991414
-0.082366 -0.101554 0.991415
-0.082366 -0.101554 0.991414
-0.082366 -0.101554 0.991415
-0.082366 -0.101554 0.991414
-0.082366 -0.101554 0.991414
-0.066113 -0.097974 0.992990
-0.066113 -0.097974 0.992990
-0.066113 -0.097974 0.992990
-0.066113 -0.097974 0.992990
-0.066113 -0.097974 0.992990
-0.066113 -0.097974 0.992990
-0.052962 -0.088838 0.994637
-0.052962 -0.088838 0.994637
-0.052962 -0.088838 0.994637
-0.052962 -0.088838 0.994637
-0.052962 -0.088838 0.994637
-0.052962 -0.088838 0.994637
-0.044008 -0.078103 0.995974
-0.044007 -0.078103 0.995974
-0.044008 -0.078103 0.995974
-0.044007 -0.078103 0.995974
-0.044008 -0.078103 0.995974
-0.044008 -0.078103 0.995974
-0.035727 -0.065641 0.997204
-0.035727 -0.065641 0.997204
-0.035727 -0.065641 0.997204
-0.035727 -0.065641 0.997204
-0.035727 -0.065641 0.997204
-0.035727 -0.065641 0.997204
-0.026242 -0.051171 0.998345
-0.026242 -0.051171 0.998345
-0.026242 -0.051171 0.998345
-0.026242 -0.051171 0.998345
-0.026242 -0.051171 0.998345
-0.026242 -0.051171 0.998345
-0.017169 -0.034341 0.999263
-0.017169 -0.034341 0.999263
-0.017169 -0.034341 0.999263
-0.017169 -0.034341 0.999263
-0.017169 -0.034341 0.999263
-0.017169 -0.034341 0.999263
-0.017065 -0.018117 0.999690
-0.017065 -0.018117 0.999690
-0.017065 -0.018117 0.999690
-0.017065 -0.018117 0.999690
-0.017065 -0.018117 0.999690
-0.017065 -0.018117 0.999690
-0.028697 -0.002215 0.999586
-0.028697 -0.002215 0.999586
-0.028697 -0.002215 0.999586
-0.028697 -0.002215 0.999586
-0.028697 -0.002215 0.999586
-0.028697 -0.002215 0.999586
-0.055132 0.006102 0.998460
-0.055132 0.006102 0.998460
-0.055132 0.006102 0.998460
-0.055132 0.006102 0.998460
-0.055132 0.006102 0.998460
-0.055132 0.006102 0.998460
-0.092906 -0.020047 0.995473
-0.092906 -0.020047 0.995473
-0.092906 -0.020047 0.995473
-0.092906 -0.020047 0.995473
-0.092906 -0.020047 0.995473
-0.092906 -0.020047 0.995473
-0.053122 -0.020126 0.998385
-0.053122 -0.020126 0.998385
-0.053122 -0.020126 0.998385
-0.053122 -0.020126 0.998385
-0.053122 -0.020126 0.998385
-0.053122 -0.020126 0.998385
-0.091280 0.006365 0.995805
-0.091280 0.006365 0.995805
-0.091280 0.006365 0.995805
-0.091280 0.006365 0.995805
-0.091280 0.006365 0.995805
-0.091280 0.006365 0.995805
-0.117773 -0.001823 0.993039
-0.117773 -0.001823 0.993039
-0.117773 -0.001823 0.993039
-0.117773 -0.001823 0.993039
-0.117773 -0.001823 0.993039
-0.117773 -0.001823 0.993039
-0.129096 -0.017751 0.991473
-0.129096 -0.017751 0.991473
-0.129096 -0.017751 0.991473
-0.129096 -0.017751 0.991473
-0.129096 -0.017751 0.991473
-0.129096 -0.017751 0.991473
-0.134621 -0.036413 0.990228
-0.134621 -0.036413 0.990228
-0.134621 -0.036413 0.990228
-0.134621 -0.036413 0.990228
-0.134621 -0.036413 0.990228
-0.134621 -0.036413 0.990228
-0.124384 -0.038595 0.991483
-0.124384 -0.038595 0.991483
-0.124384 -0.038595 0.991483
-0.119106 -0.022546 0.992626
-0.119106 -0.022546 0.992626
-0.119106 -0.022546 0.992626
-0.110014 -0.009904 0.993881
-0.110014 -0.009904 0.993881
-0.110014 -0.009904 0.993881
-0.096723 -0.000200 0.995311
-0.096723 -0.000200 0.995311
-0.096723 -0.000200 0.995311
-0.081465 0.004738 0.996665
-0.081465 0.004738 0.996665
-0.081465 0.004738 0.996665
-0.063704 0.004706 0.997958
-0.063704 0.004706 0.997958
-0.063704 0.004706 0.997958
-0.049583 0.000058 0.998770
-0.049583 0.000058 0.998770
-0.049583 0.000058 0.998770
-0.037858 -0.008521 0.999247
-0.037858 -0.008521 0.999247
-0.037858 -0.008521 0.999247
-0.026343 -0.024402 0.999355
-0.026343 -0.024402 0.999355
-0.026343 -0.024402 0.999355
-0.021723 -0.038713 0.999014
-0.021723 -0.038713 0.999014
-0.021723 -0.038713 0.999014
-0.021722 -0.055328 0.998232
-0.021722 -0.055328 0.998232
-0.021722 -0.055328 0.998232
-0.026996 -0.071715 0.997060
-0.026996 -0.071715 0.997060
-0.026996 -0.071715 0.997060
-0.035674 -0.083609 0.995860
-0.035674 -0.083609 0.995860
-0.035674 -0.083609 0.995860
-0.047856 -0.092377 0.994573
-0.047856 -0.092377 0.994573
-0.047856 -0.092377 0.994573
-0.065179 -0.098044 0.993045
-0.065179 -0.098044 0.993045
-0.065179 -0.098043 0.993045
-0.080404 -0.098004 0.991933
-0.080404 -0.098004 0.991933
-0.080404 -0.098004 0.991933
-0.096822 -0.092618 0.990983
-0.096822 -0.092618 0.990983
-0.096822 -0.092618 0.990983
-0.108522 -0.084275 0.990515
-0.108522 -0.084275 0.990515
-0.108522 -0.084275 0.990515
-0.119041 -0.069536 0.990451
-0.119041 -0.069536 0.990451
-0.119041 -0.069536 0.990451
-0.124153 -0.053687 0.990810
-0.124153 -0.053687 0.990810
-0.124153 -0.053687 0.990810
-0.310411 -0.006596 0.950580
-0.310411 -0.006596 0.950580
-0.310411 -0.006596 0.950580
-0.310411 -0.006596 0.950580
-0.310411 -0.006596 0.950580
-0.310411 -0.006596 0.950580
-0.287069 0.064930 0.955707
-0.287069 0.064930 0.955707
-0.287069 0.064930 0.955707
-0.287069 0.064930 0.955707
-0.287069 0.064930 0.955707
-0.287069 0.064930 0.955707
-0.241879 0.126682 0.962001
-0.241879 0.126682 0.962001
-0.241879 0.126682 0.962001
-0.241879 0.126682 0.962001
-0.241879 0.126682 0.962001
-0.241879 0.126682 0.962001
-0.181257 0.171133 0.968431
-0.181257 0.171133 0.968431
-0.181257 0.171133 0.968431
-0.181257 0.171133 0.968431
-0.181257 0.171133 0.968431
-0.181257 0.171133 0.968431
-0.109160 0.195016 0.974707
-0.109160 0.195016 0.974707
-0.109160 0.195016 0.974707
-0.109160 0.195016 0.974707
-0.109160 0.195016 0.974707
-0.109160 0.195016 0.974707
-0.033289 0.194566 0.980324
-0.033289 0.194566 0.980325
-0.033289 0.194566 0.980325
-0.033289 0.194566 0.980325
-0.033289 0.194566 0.980325
-0.033289 0.194566 0.980324
0.039415 0.170570 0.984557
0.039415 0.170570 0.984557
0.039415 0.170570 0.984557
0.039415 0.170570 0.984557
0.039415 0.170570 0.984557
0.039415 0.170570 0.984557
0.099987 0.126939 0.986858
0.099987 0.126939 0.986858
0.099987 0.126939 0.986858
0.099987 0.126939 0.986858
0.099987 0.126939 0.986858
0.099987 0.126939 0.986858
0.145114 0.064285 0.987324
0.145114 0.064285 0.987324
0.145114 0.064285 0.987324
0.145114 0.064285 0.987324
0.145114 0.064285 0.987324
0.145114 0.064285 0.987324
0.169407 -0.009331 0.985502
0.169407 -0.009331 0.985502
0.169407 -0.009331 0.985502
0.169407 -0.009331 0.985502
0.169407 -0.009331 0.985502
0.169407 -0.009331 0.985502
0.170891 -0.085994 0.981530
0.170891 -0.085994 0.981530
0.170891 -0.085994 0.981530
0.170891 -0.085994 0.981530
0.170891 -0.085994 0.981530
0.170891 -0.085994 0.981530
0.148268 -0.158331 0.976190
0.148268 -0.158331 0.976190
0.148268 -0.158331 0.976190
0.148268 -0.158331 0.976190
0.148268 -0.158331 0.976190
0.148268 -0.158331 0.976190
0.103384 -0.220442 0.969906
0.103384 -0.220442 0.969906
0.103384 -0.220442 0.969906
0.103384 -0.220442 0.969906
0.103384 -0.220442 0.969906
0.103384 -0.220442 0.969906
0.041932 -0.265548 0.963185
0.041932 -0.265548 0.963185
0.041932 -0.265548 0.963185
0.041932 -0.265548 0.963185
0.041932 -0.265548 0.963185
0.041932 -0.265548 0.963185
-0.030896 -0.288585 0.956956
-0.030896 -0.288585 0.956956
-0.030896 -0.288585 0.956956
-0.030896 -0.288585 0.956956
-0.030896 -0.288585 0.956956
-0.030896 -0.288585 0.956956
-0.107857 -0.288012 0.951534
-0.107857 -0.288012 0.951534
-0.107857 -0.288012 0.951534
-0.107857 -0.288012 0.951534
-0.107857 -0.288012 0.951534
-0.107857 -0.288012 0.951534
-0.180389 -0.263613 0.947612
-0.180389 -0.263613 0.947612
-0.180389 -0.263613 0.947612
-0.180389 -0.263613 0.947612
-0.180389 -0.263613 0.947612
-0.180389 -0.263613 0.947612
-0.240256 -0.218796 0.945730
-0.240256 -0.218796 0.945730
-0.240256 -0.218796 0.945730
-0.240256 -0.218796 0.945730
-0.240256 -0.218796 0.945730
-0.240256 -0.218796 0.945730
-0.286691 -0.154569 0.945472
-0.286691 -0.154569 0.945472
-0.286691 -0.154569 0.945472
-0.286691 -0.154569 0.945472
-0.286691 -0.154569 0.945472
-0.286691 -0.154569 0.945472
-0.310207 -0.082244 0.947105
-0.310207 -0.082244 0.947105
-0.310207 -0.082244 0.947105
-0.310207 -0.082244 0.947105
-0.310207 -0.082244 0.947105
-0.310207 -0.082244 0.947105
-0.208798 -0.024304 0.977657
-0.208798 -0.024304 0.977657
-0.208798 -0.024304 0.977657
-0.208798 -0.024304 0.977657
-0.208798 -0.024304 0.977657
-0.208798 -0.024304 0.977657
-0.195587 0.016612 0.980546
-0.195587 0.016612 0.980546
-0.195587 0.016612 0.980546
-0.195587 0.016612 0.980546
-0.195587 0.016612 0.980546
-0.195587 0.016612 0.980546
-0.170218 0.051550 0.984057
-0.170218 0.051550 0.984057
-0.170218 0.051550 0.984057
-0.170218 0.051550 0.984057
-0.170218 0.051550 0.984057
-0.170218 0.051550 0.984057
-0.126627 0.086958 0.988132
-0.126627 0.086958 0.988132
-0.126627 0.086958 0.988132
-0.126627 0.086958 0.988132
-0.126627 0.086958 0.988132
-0.126627 0.086958 0.988132
-0.062293 0.120228 0.990790
-0.062293 0.120228 0.990790
-0.062293 0.120228 0.990790
-0.062293 0.120228 0.990790
-0.062293 0.120228 0.990790
-0.062293 0.120228 0.990790
-0.082589 0.120234 0.989304
-0.082589 0.120234 0.989304
-0.082589 0.120234 0.989304
-0.082589 0.120234 0.989304
-0.082589 0.120234 0.989304
-0.082589 0.120234 0.989304
-0.018192 0.086598 0.996077
-0.018192 0.086598 0.996077
-0.018192 0.086598 0.996077
-0.018192 0.086598 0.996077
-0.018192 0.086598 0.996077
-0.018192 0.086598 0.996077
0.025372 0.051176 0.998367
0.025372 0.051176 0.998367
0.025372 0.051176 0.998367
0.025372 0.051176 0.998367
0.025372 0.051176 0.998367
0.025372 0.051176 0.998367
0.050348 0.016326 0.998598
0.050348 0.016326 0.998598
0.050348 0.016326 0.998598
0.050348 0.016326 0.998598
0.050348 0.016326 0.998598
0.050348 0.016326 0.998598
0.064133 -0.023931 0.997654
0.064133 -0.023931 0.997654
0.064133 -0.023931 0.997654
0.064133 -0.023931 0.997654
0.064133 -0.023931 0.997654
0.064133 -0.023931 0.997654
0.065931 -0.068071 0.995500
0.065931 -0.068071 0.995500
0.065931 -0.068071 0.995500
0.065931 -0.068071 0.995500
0.065931 -0.068071 0.995500
0.065931 -0.068071 0.995500
0.053446 -0.110722 0.992413
0.053446 -0.110722 0.992413
0.053446 -0.110722 0.992413
0.053446 -0.110722 0.992413
0.053446 -0.110722 0.992413
0.053446 -0.110722 0.992413
0.027984 -0.146704 0.988785
0.027984 -0.146704 0.988784
0.027984 -0.146704 0.988784
0.027984 -0.146704 0.988784
0.027984 -0.146704 0.988785
0.027984 -0.146704 0.988785
-0.007545 -0.172636 0.984957
-0.007545 -0.172636 0.984957
-0.007545 -0.172636 0.984957
-0.007545 -0.172636 0.984957
-0.007545 -0.172636 0.984957
-0.007545 -0.172636 0.984957
-0.050271 -0.185848 0.981292
-0.050271 -0.185848 0.981292
-0.050271 -0.185848 0.981292
-0.050271 -0.185848 0.981292
-0.050271 -0.185848 0.981292
-0.050271 -0.185848 0.981292
-0.094434 -0.184905 0.978209
-0.094434 -0.184905 0.978209
-0.094434 -0.184905 0.978209
-0.094434 -0.184905 0.978209
-0.094434 -0.184905 0.978209
-0.094434 -0.184905 0.978209
-0.135773 -0.170613 0.975939
-0.135773 -0.170613 0.975939
-0.135773 -0.170613 0.975939
-0.135773 -0.170613 0.975939
-0.135773 -0.170613 0.975939
-0.135773 -0.170613 0.975939
-0.170741 -0.144051 0.974729
-0.170741 -0.144051 0.974729
-0.170741 -0.144051 0.974729
-0.170741 -0.144051 0.974729
-0.170741 -0.144051 0.974729
-0.170741 -0.144051 0.974729
-0.195626 -0.108352 0.974675
-0.195626 -0.108352 0.974675
-0.195626 -0.108352 0.974675
-0.195626 -0.108352 0.974675
-0.195626 -0.108352 0.974675
-0.195626 -0.108352 0.974675
-0.208636 -0.067463 0.975664
-0.208636 -0.067463 0.975664
-0.208636 -0.067463 0.975664
-0.208636 -0.067463 0.975664
-0.208636 -0.067463 0.975664
-0.208636 -0.067463 0.975664
-0.190907 -0.027232 0.981230
-0.190907 -0.027232 0.981230
-0.190907 -0.027232 0.981230
-0.190907 -0.027232 0.981230
-0.190907 -0.027232 0.981230
-0.190907 -0.027232 0.981230
-0.179562 0.008248 0.983712
-0.179562 0.008248 0.983712
-0.179562 0.008248 0.983712
-0.179562 0.008248 0.983712
-0.179562 0.008248 0.983712
-0.179562 0.008248 0.983712
-0.157522 0.038801 0.986753
-0.157522 0.038801 0.986753
-0.157522 0.038801 0.986753
-0.157522 0.038801 0.986753
-0.157522 0.038801 0.986753
-0.157522 0.038801 0.986753
-0.114574 0.068788 0.991030
-0.114575 0.068788 0.991030
-0.114575 0.068788 0.991030
-0.114575 0.068788 0.991030
-0.114575 0.068788 0.991030
-0.114575 0.068788 0.991030
-0.047576 0.087036 0.995068
-0.047576 0.087036 0.995068
-0.047576 0.087036 0.995068
-0.047576 0.087036 0.995068
-0.047576 0.087036 0.995068
-0.047576 0.087036 0.995069
-0.097562 0.087416 0.991383
-0.097562 0.087416 0.991383
-0.097562 0.087416 0.991383
-0.097562 0.087416 0.991383
-0.097562 0.087416 0.991383
-0.097562 0.087416 0.991383
-0.030693 0.068734 0.997163
-0.030693 0.068734 0.997163
-0.030693 0.068734 0.997163
-0.030693 0.068734 0.997163
-0.030693 0.068734 0.997163
-0.030693 0.068734 0.997163
0.012090 0.038231 0.999196
0.012090 0.038231 0.999196
0.012090 0.038231 0.999196
0.012090 0.038231 0.999196
0.012090 0.038231 0.999196
0.012090 0.038231 0.999196
0.034004 0.008039 0.999389
0.034004 0.008039 0.999389
0.034004 0.008039 0.999389
0.034004 0.008039 0.999389
0.034004 0.008039 0.999389
0.034004 0.008039 0.999389
0.046284 -0.028403 0.998524
0.046284 -0.028403 0.998524
0.046284 -0.028403 0.998524
0.046284 -0.028403 0.998524
0.046284 -0.028403 0.998524
0.046284 -0.028403 0.998524
0.046676 -0.066378 0.996702
0.046676 -0.066378 0.996702
0.046676 -0.066378 0.996702
0.046676 -0.066378 0.996702
0.046676 -0.066378 0.996702
0.046676 -0.066378 0.996702
0.035209 -0.102206 0.994140
0.035209 -0.102206 0.994140
0.035209 -0.102206 0.994140
0.035209 -0.102206 0.994140
0.035209 -0.102206 0.994140
0.035209 -0.102206 0.994140
0.013226 -0.132945 0.991035
0.013226 -0.132945 0.991035
0.013226 -0.132945 0.991035
0.013226 -0.132945 0.991035
0.013226 -0.132945 0.991035
0.013226 -0.132945 0.991035
-0.016574 -0.154631 0.987833
-0.016574 -0.154631 0.987833
-0.016574 -0.154631 0.987833
-0.016574 -0.154631 0.987833
-0.016574 -0.154631 0.987833
-0.016574 -0.154631 0.987833
-0.052642 -0.165803 0.984753
-0.052642 -0.165803 0.984753
-0.052642 -0.165803 0.984753
-0.052642 -0.165803 0.984753
-0.052642 -0.165803 0.984753
-0.052642 -0.165803 0.984753
-0.090918 -0.165287 0.982046
-0.090918 -0.165287 0.982046
-0.090918 -0.165287 0.982046
-0.090918 -0.165287 0.982046
-0.090918 -0.165287 0.982046
-0.090918 -0.165287 0.982046
-0.126420 -0.153342 0.980053
-0.126420 -0.153342 0.980053
-0.126420 -0.153342 0.980053
-0.126420 -0.153342 0.980053
-0.126420 -0.153342 0.980053
-0.126420 -0.153342 0.980053
-0.156923 -0.130941 0.978892
-0.156923 -0.130941 0.978892
-0.156923 -0.130941 0.978892
-0.156923 -0.130941 0.978892
-0.156923 -0.130941 0.978892
-0.156923 -0.130941 0.978892
-0.179368 -0.100300 0.978656
-0.179368 -0.100300 0.978656
-0.179368 -0.100300 0.978656
-0.179368 -0.100300 0.978656
-0.179368 -0.100300 0.978656
-0.179368 -0.100300 0.978656
-0.190948 -0.064886 0.979453
-0.190948 -0.064886 0.979453
-0.190948 -0.064886 0.979453
-0.190948 -0.064886 0.979453
-0.190948 -0.064886 0.979453
-0.190948 -0.064886 0.979453
0.312230 0.150324 0.938038
0.312230 0.150324 0.938038
0.312230 0.150324 0.938038
0.312230 0.150324 0.938038
0.312230 0.150324 0.938038
0.312230 0.150324 0.938038
0.234009 0.258213 0.937319
0.234009 0.258213 0.937319
0.234009 0.258213 0.937319
0.234009 0.258213 0.937319
0.234009 0.258213 0.937319
0.234009 0.258213 0.937319
0.124905 0.336976 0.933191
0.124905 0.336976 0.933191
0.124905 0.336976 0.933191
0.124905 0.336976 0.933191
0.124905 0.336976 0.933191
0.124905 0.336976 0.933191
-0.002113 0.370567 0.928803
-0.002113 0.370567 0.928803
-0.002113 0.370567 0.928803
-0.002113 0.370567 0.928803
-0.002113 0.370567 0.928803
-0.002113 0.370567 0.928803
-0.133492 0.356902 0.924554
-0.133492 0.356903 0.924554
-0.133492 0.356903 0.924554
-0.133492 0.356903 0.924554
-0.133492 0.356902 0.924554
-0.133492 0.356903 0.924554
-0.244954 0.301203 0.921561
-0.244954 0.301203 0.921561
-0.244954 0.301203 0.921561
-0.244954 0.301203 0.921561
-0.244954 0.301203 0.921561
-0.244954 0.301203 0.921561
-0.333508 0.219732 0.916783
-0.333508 0.219732 0.916783
-0.333508 0.219732 0.916783
-0.333508 0.219732 0.916783
-0.333508 0.219732 0.916783
-0.333508 0.219732 0.916783
-0.398871 0.127543 0.908094
-0.398871 0.127543 0.908094
-0.398871 0.127543 0.908094
-0.398871 0.127543 0.908094
-0.398871 0.127543 0.908094
-0.398871 0.127543 0.908094
-0.451403 0.023100 0.892021
-0.451403 0.023100 0.892021
-0.451403 0.023100 0.892021
-0.451403 0.023100 0.892021
-0.451403 0.023100 0.892021
-0.451403 0.023100 0.892021
-0.484148 -0.102081 0.869011
-0.484148 -0.102081 0.869011
-0.484148 -0.102081 0.869011
-0.484148 -0.102081 0.869011
-0.484148 -0.102081 0.869011
-0.484148 -0.102081 0.869011
-0.455954 -0.239765 0.857099
-0.455954 -0.239765 0.857099
-0.455954 -0.239765 0.857099
-0.455954 -0.239765 0.857099
-0.455954 -0.239765 0.857099
-0.455954 -0.239765 0.857099
-0.373370 -0.347330 0.860207
-0.373370 -0.347330 0.860207
-0.373370 -0.347330 0.860207
-0.373370 -0.347330 0.860207
-0.373370 -0.347330 0.860207
-0.373370 -0.347330 0.860207
-0.263462 -0.428292 0.864380
-0.263462 -0.428292 0.864380
-0.263462 -0.428292 0.864380
-0.263462 -0.428292 0.864380
-0.263462 -0.428292 0.864380
-0.263462 -0.428292 0.864380
-0.138328 -0.482394 0.864963
-0.138328 -0.482394 0.864963
-0.138328 -0.482394 0.864963
-0.138328 -0.482394 0.864963
-0.138328 -0.482394 0.864963
-0.138328 -0.482394 0.864963
0.009182 -0.484766 0.874596
0.009182 -0.484766 0.874596
0.009182 -0.484766 0.874596
0.009182 -0.484766 0.874596
0.009182 -0.484766 0.874596
0.009182 -0.484766 0.874596
0.135130 -0.433792 0.890822
0.135130 -0.433792 0.890822
0.135130 -0.433792 0.890822
0.135130 -0.433792 0.890822
0.135130 -0.433792 0.890822
0.135130 -0.433792 0.890822
0.243125 -0.352127 0.903823
0.243125 -0.352127 0.903823
0.243125 -0.352127 0.903823
0.243125 -0.352127 0.903823
0.243125 -0.352127 0.903823
0.243125 -0.352127 0.903823
0.324041 -0.241714 0.914643
0.324041 -0.241714 0.914643
0.324041 -0.241714 0.914643
0.324041 -0.241714 0.914643
0.324041 -0.241714 0.914643
0.324041 -0.241714 0.914643
0.364743 -0.112087 0.924337
0.364743 -0.112087 0.924337
0.364743 -0.112087 0.924337
0.364743 -0.112087 0.924337
0.364743 -0.112087 0.924337
0.364743 -0.112087 0.924337
0.358380 0.023586 0.933278
0.358380 0.023586 0.933278
0.358380 0.023586 0.933278
0.358380 0.023586 0.933278
0.358380 0.023586 0.933278
0.358380 0.023586 0.933278
-0.697737 0.067665 0.713151
-0.697737 0.067665 0.713151
-0.697737 0.067665 0.713151
-0.697737 0.067665 0.713151
-0.697737 0.067665 0.713151
-0.697737 0.067665 0.713151
-0.635121 0.261819 0.726686
-0.635121 0.261819 0.726686
-0.635121 0.261819 0.726686
-0.635121 0.261819 0.726686
-0.635121 0.261819 0.726686
-0.635121 0.261819 0.726686
-0.515824 0.425803 0.743383
-0.515824 0.425803 0.743383
-0.515824 0.425803 0.743383
-0.515824 0.425803 0.743383
-0.515824 0.425803 0.743383
-0.515824 0.425803 0.743383
-0.350473 0.547369 0.759971
-0.350473 0.547369 0.759971
-0.350473 0.547369 0.759971
-0.350473 0.547369 0.759971
-0.350473 0.547369 0.759971
-0.350473 0.547369 0.759971
-0.154601 0.617864 0.770936
-0.154601 0.617864 0.770936
-0.154601 0.617864 0.770936
-0.154601 0.617864 0.770936
-0.154601 0.617864 0.770936
-0.154601 0.617864 0.770936
0.043118 0.617343 0.785512
0.043118 0.617343 0.785512
0.043118 0.617343 0.785512
0.043118 0.617343 0.785512
0.043118 0.617343 0.785512
0.043118 0.617343 0.785512
0.237914 0.546196 0.803161
0.237914 0.546196 0.803161
0.237914 0.546196 0.803161
0.237914 0.546196 0.803161
0.237914 0.546196 0.803161
0.237914 0.546196 0.803161
0.403505 0.423375 0.811134
0.403505 0.423375 0.811133
0.403505 0.423375 0.811133
0.403505 0.423375 0.811133
0.403505 0.423375 0.811134
0.403505 0.423375 0.811133
0.523148 0.258489 0.812096
0.523148 0.258489 0.812096
0.523148 0.258489 0.812096
0.523148 0.258489 0.812096
0.523148 0.258489 0.812096
0.523148 0.258489 0.812096
0.581369 0.068545 0.810748
0.581369 0.068545 0.810748
0.581369 0.068545 0.810748
0.581369 0.068545 0.810748
0.581369 0.068545 0.810748
0.581369 0.068545 0.810748
0.575382 -0.132643 0.807058
0.575382 -0.132643 0.807058
0.575382 -0.132643 0.807058
0.575382 -0.132643 0.807058
0.575382 -0.132643 0.807058
0.575382 -0.132643 0.807058
0.509624 -0.323886 0.797108
0.509624 -0.323886 0.797108
0.509624 -0.323886 0.797108
0.509624 -0.323886 0.797108
0.509624 -0.323886 0.797108
0.509624 -0.323886 0.797108
0.391541 -0.483381 0.782968
0.391541 -0.483381 0.782968
0.391541 -0.483381 0.782968
0.391541 -0.483381 0.782968
0.391541 -0.483381 0.782968
0.391541 -0.483381 0.782968
0.230155 -0.599586 0.766502
0.230155 -0.599586 0.766502
0.230155 -0.599586 0.766502
0.230155 -0.599586 0.766502
0.230155 -0.599586 0.766502
0.230155 -0.599586 0.766502
0.041438 -0.662610 0.747817
0.041438 -0.662610 0.747817
0.041438 -0.662610 0.747817
0.041438 -0.662610 0.747817
0.041438 -0.662610 0.747817
0.041438 -0.662610 0.747817
-0.156182 -0.665465 0.729906
-0.156182 -0.665465 0.729907
-0.156182 -0.665465 0.729906
-0.156182 -0.665465 0.729906
-0.156182 -0.665465 0.729906
-0.156182 -0.665465 0.729906
-0.348202 -0.605573 0.715567
-0.348202 -0.605573 0.715567
-0.348202 -0.605573 0.715567
-0.348202 -0.605573 0.715567
-0.348202 -0.605573 0.715567
-0.348202 -0.605573 0.715567
-0.512857 -0.489367 0.705335
-0.512857 -0.489367 0.705335
-0.512857 -0.489367 0.705335
-0.512857 -0.489367 0.705335
-0.512857 -0.489367 0.705335
-0.512857 -0.489367 0.705335
-0.633723 -0.328451 0.700368
-0.633723 -0.328451 0.700368
-0.633723 -0.328451 0.700368
-0.633723 -0.328451 0.700368
-0.633723 -0.328451 0.700368
-0.633723 -0.328451 0.700368
-0.697966 -0.136252 0.703050
-0.697966 -0.136252 0.703050
-0.697966 -0.136252 0.703050
-0.697966 -0.136252 0.703050
-0.697966 -0.136252 0.703050
-0.697966 -0.136252 0.703050
-0.889637 0.441913 0.115146
-0.889637 0.441913 0.115146
-0.889637 0.441913 0.115146
-0.889637 0.441913 0.115146
-0.889637 0.441913 0.115146
-0.889637 0.441913 0.115146
-0.707812 0.692530 0.139301
-0.707812 0.692530 0.139301
-0.707812 0.692530 0.139301
-0.707812 0.692530 0.139301
-0.707812 0.692530 0.139301
-0.707812 0.692530 0.139301
-0.460035 0.871692 0.168879
-0.460035 0.871692 0.168879
-0.460035 0.871692 0.168879
-0.460035 0.871692 0.168879
-0.460035 0.871692 0.168879
-0.460035 0.871692 0.168879
-0.168262 0.965750 0.197521
-0.168262 0.965750 0.197521
-0.168262 0.965750 0.197521
-0.168262 0.965750 0.197521
-0.168262 0.965750 0.197521
-0.168262 0.965750 0.197521
0.140649 0.965652 0.218481
0.140649 0.965652 0.218481
0.140649 0.965652 0.218481
0.140649 0.965652 0.218481
0.140649 0.965652 0.218481
0.140649 0.965652 0.218481
0.435492 0.869631 0.232570
0.435492 0.869631 0.232570
0.435492 0.869631 0.232570
0.435492 0.869631 0.232570
0.435492 0.869631 0.232570
0.435492 0.869631 0.232570
0.683644 0.687409 0.245152
0.683644 0.687409 0.245152
0.683644 0.687409 0.245152
0.683644 0.687409 0.245152
0.683644 0.687409 0.245152
0.683644 0.687409 0.245152
0.864240 0.438528 0.246541
0.864240 0.438527 0.246541
0.864240 0.438528 0.246541
0.864240 0.438528 0.246541
0.864240 0.438527 0.246541
0.864240 0.438528 0.246541
0.959660 0.142626 0.242301
0.959660 0.142626 0.242301
0.959660 0.142626 0.242301
0.959660 0.142626 0.242301
0.959660 0.142626 0.242301
0.959661 0.142626 0.242301
0.956451 -0.166717 0.239596
0.956451 -0.166717 0.239596
0.956451 -0.166717 0.239596
0.956451 -0.166717 0.239596
0.956451 -0.166717 0.239596
0.956451 -0.166717 0.239596
0.858600 -0.457797 0.230711
0.858600 -0.457797 0.230711
0.858600 -0.457797 0.230711
0.858600 -0.457797 0.230711
0.858600 -0.457797 0.230711
0.858600 -0.457797 0.230711
0.678697 -0.703543 0.210707
0.678697 -0.703543 0.210707
0.678697 -0.703543 0.210707
0.678697 -0.703543 0.210707
0.678697 -0.703543 0.210707
0.678697 -0.703543 0.210707
0.431461 -0.882849 0.185524
0.431461 -0.882849 0.185524
0.431461 -0.882849 0.185524
0.431461 -0.882849 0.185524
0.431461 -0.882849 0.185524
0.431461 -0.882849 0.185524
0.142000 -0.977487 0.156061
0.142000 -0.977487 0.156061
0.142000 -0.977487 0.156061
0.142000 -0.977487 0.156061
0.142000 -0.977487 0.156061
0.142000 -0.977487 0.156061
-0.162897 -0.978317 0.127909
-0.162897 -0.978317 0.127909
-0.162897 -0.978317 0.127909
-0.162897 -0.978317 0.127909
-0.162897 -0.978317 0.127909
-0.162897 -0.978317 0.127909
-0.455111 -0.884599 0.101774
-0.455111 -0.884599 0.101774
-0.455111 -0.884599 0.101774
-0.455111 -0.884599 0.101774
-0.455111 -0.884599 0.101774
-0.455111 -0.884599 0.101774
-0.704208 -0.705526 0.079529
-0.704208 -0.705526 0.079529
-0.704208 -0.705526 0.079529
-0.704208 -0.705526 0.079529
-0.704208 -0.705526 0.079529
-0.704208 -0.705526 0.079529
-0.888000 -0.454195 0.071856
-0.888000 -0.454195 0.071856
-0.888000 -0.454195 0.071856
-0.888000 -0.454195 0.071856
-0.888000 -0.454195 0.071856
-0.888000 -0.454195 0.071856
-0.983821 -0.160174 0.080253
-0.983821 -0.160174 0.080253
-0.983821 -0.160174 0.080253
-0.983821 -0.160174 0.080253
-0.983821 -0.160174 0.080253
-0.983821 -0.160174 0.080253
-0.984300 0.148297 0.095719
-0.984300 0.148297 0.095719
-0.984300 0.148297 0.095719
-0.984300 0.148297 0.095719
-0.984300 0.148297 0.095719
-0.984300 0.148297 0.095719
0.890291 0.438083 -0.124356
0.890291 0.438083 -0.124356
0.890291 0.438083 -0.124356
0.890291 0.438083 -0.124356
0.890291 0.438083 -0.124356
0.890291 0.438083 -0.124356
0.708484 0.693686 -0.129809
0.708484 0.693686 -0.129809
0.708484 0.693686 -0.129809
0.708484 0.693686 -0.129809
0.708484 0.693686 -0.129809
0.708484 0.693686 -0.129809
0.452862 0.879780 -0.144579
0.452862 0.879780 -0.144579
0.452862 0.879780 -0.144579
0.452862 0.879780 -0.144579
0.452862 0.879780 -0.144579
0.452862 0.879780 -0.144579
0.160859 0.973392 -0.163194
0.160859 0.973392 -0.163194
0.160859 0.973392 -0.163194
0.160859 0.973392 -0.163194
0.160859 0.973392 -0.163194
0.160859 0.973392 -0.163194
-0.140694 0.972303 -0.186634
-0.140694 0.972303 -0.186634
-0.140694 0.972303 -0.186634
-0.140694 0.972303 -0.186634
-0.140694 0.972303 -0.186634
-0.140694 0.972303 -0.186634
-0.425829 0.879250 -0.213518
-0.425829 0.879250 -0.213518
-0.425829 0.879250 -0.213518
-0.425829 0.879250 -0.213518
-0.425829 0.879250 -0.213518
-0.425829 0.879250 -0.213518
-0.669703 0.702244 -0.241560
-0.669703 0.702244 -0.241560
-0.669703 0.702244 -0.241560
-0.669703 0.702244 -0.241560
-0.669703 0.702244 -0.241560
-0.669703 0.702244 -0.241560
-0.849057 0.456220 -0.266393
-0.849057 0.456220 -0.266393
-0.849057 0.456220 -0.266393
-0.849057 0.456220 -0.266393
-0.849057 0.456220 -0.266393
-0.849057 0.456220 -0.266393
-0.944015 0.165647 -0.285301
-0.944015 0.165647 -0.285301
-0.944015 0.165647 -0.285301
-0.944015 0.165647 -0.285301
-0.944015 0.165647 -0.285301
-0.944015 0.165647 -0.285301
-0.943863 -0.139106 -0.299619
-0.943863 -0.139106 -0.299619
-0.943863 -0.139106 -0.299619
-0.943863 -0.139106 -0.299619
-0.943863 -0.139106 -0.299619
-0.943863 -0.139106 -0.299619
-0.849559 -0.429052 -0.306860
-0.849559 -0.429052 -0.306860
-0.849559 -0.429052 -0.306860
-0.849559 -0.429052 -0.306860
-0.849559 -0.429052 -0.306860
-0.849559 -0.429052 -0.306860
-0.670637 -0.675852 -0.305729
-0.670637 -0.675852 -0.305729
-0.670637 -0.675852 -0.305729
-0.670637 -0.675852 -0.305729
-0.670637 -0.675852 -0.305729
-0.670637 -0.675852 -0.305729
-0.424162 -0.855980 -0.295609
-0.424162 -0.855980 -0.295609
-0.424162 -0.855980 -0.295609
-0.424162 -0.855980 -0.295609
-0.424162 -0.855980 -0.295609
-0.424162 -0.855980 -0.295609
-0.134823 -0.950910 -0.278555
-0.134823 -0.950910 -0.278555
-0.134823 -0.950910 -0.278555
-0.134823 -0.950910 -0.278555
-0.134823 -0.950910 -0.278555
-0.134823 -0.950910 -0.278555
0.169080 -0.951825 -0.255815
0.169080 -0.951825 -0.255815
0.169080 -0.951825 -0.255816
0.169080 -0.951825 -0.255815
0.169080 -0.951825 -0.255815
0.169080 -0.951825 -0.255815
0.458263 -0.858662 -0.229555
0.458263 -0.858662 -0.229555
0.458263 -0.858662 -0.229555
0.458263 -0.858662 -0.229555
0.458263 -0.858662 -0.229555
0.458263 -0.858662 -0.229555
0.703808 -0.680957 -0.202364
0.703809 -0.680957 -0.202364
0.703809 -0.680957 -0.202364
0.703809 -0.680957 -0.202364
0.703809 -0.680957 -0.202364
0.703808 -0.680957 -0.202364
0.884911 -0.432390 -0.173123
0.884911 -0.432390 -0.173123
0.884911 -0.432390 -0.173123
0.884911 -0.432390 -0.173123
0.884911 -0.432390 -0.173123
0.884911 -0.432390 -0.173123
0.977848 -0.147867 -0.148148
0.977848 -0.147867 -0.148148
0.977848 -0.147867 -0.148148
0.977848 -0.147867 -0.148148
0.977848 -0.147867 -0.148148
0.977848 -0.147867 -0.148148
0.980111 0.148567 -0.131565
0.980111 0.148567 -0.131565
0.980111 0.148567 -0.131565
0.980111 0.148567 -0.131565
0.980111 0.148567 -0.131565
0.980111 0.148567 -0.131565
0.897521 0.440583 0.018524
0.897521 0.440583 0.018524
0.897521 0.440583 0.018524
0.897521 0.440583 0.018524
0.897521 0.440583 0.018524
0.897521 0.440583 0.018524
0.713122 0.700820 0.017548
0.713122 0.700820 0.017548
0.713122 0.700820 0.017548
0.713122 0.700820 0.017548
0.713122 0.700820 0.017548
0.713122 0.700820 0.017548
0.452142 0.891925 0.006129
0.452142 0.891925 0.006129
0.452142 0.891925 0.006129
0.452142 0.891925 0.006129
0.452142 0.891925 0.006129
0.452142 0.891925 0.006129
0.153844 0.987996 -0.013977
0.153844 0.987996 -0.013977
0.153844 0.987996 -0.013977
0.153844 0.987996 -0.013977
0.153844 0.987996 -0.013977
0.153844 0.987996 -0.013977
-0.154372 0.987219 -0.039597
-0.154372 0.987219 -0.039597
-0.154372 0.987219 -0.039597
-0.154372 0.987219 -0.039597
-0.154372 0.987219 -0.039597
-0.154372 0.987219 -0.039597
-0.446400 0.892269 -0.067702
-0.446400 0.892269 -0.067702
-0.446400 0.892269 -0.067702
-0.446400 0.892269 -0.067702
-0.446400 0.892269 -0.067702
-0.446400 0.892269 -0.067702
-0.696543 0.711136 -0.095468
-0.696543 0.711136 -0.095468
-0.696543 0.711136 -0.095468
-0.696543 0.711136 -0.095468
-0.696543 0.711136 -0.095468
-0.696543 0.711136 -0.095468
-0.880238 0.459005 -0.120399
-0.880238 0.459005 -0.120399
-0.880238 0.459005 -0.120399
-0.880238 0.459005 -0.120399
-0.880238 0.459005 -0.120399
-0.880238 0.459005 -0.120399
-0.976681 0.162126 -0.140749
-0.976681 0.162126 -0.140749
-0.976681 0.162126 -0.140749
-0.976681 0.162126 -0.140749
-0.976681 0.162126 -0.140749
-0.976681 0.162126 -0.140749
-0.976505 -0.149469 -0.155234
-0.976505 -0.149469 -0.155234
-0.976505 -0.149469 -0.155234
-0.976505 -0.149469 -0.155234
-0.976505 -0.149469 -0.155234
-0.976505 -0.149469 -0.155234
-0.880198 -0.446090 -0.162033
-0.880198 -0.446090 -0.162033
-0.880198 -0.446090 -0.162033
-0.880198 -0.446090 -0.162033
-0.880198 -0.446090 -0.162033
-0.880198 -0.446090 -0.162033
-0.697232 -0.698669 -0.160402
-0.697232 -0.698669 -0.160402
-0.697232 -0.698669 -0.160402
-0.697232 -0.698669 -0.160402
-0.697232 -0.698669 -0.160402
-0.697232 -0.698669 -0.160402
-0.445284 -0.882653 -0.150489
-0.445284 -0.882653 -0.150489
-0.445284 -0.882653 -0.150489
-0.445284 -0.882653 -0.150489
-0.445284 -0.882653 -0.150489
-0.445284 -0.882653 -0.150489
-0.149260 -0.979744 -0.133502
-0.149260 -0.979744 -0.133502
-0.149260 -0.979744 -0.133502
-0.149260 -0.979744 -0.133502
-0.149260 -0.979744 -0.133502
-0.149260 -0.979744 -0.133502
0.161798 -0.980594 -0.110709
0.161797 -0.980594 -0.110709
0.161797 -0.980594 -0.110709
0.161797 -0.980594 -0.110709
0.161798 -0.980594 -0.110709
0.161798 -0.980594 -0.110709
0.457543 -0.885166 -0.084470
0.457543 -0.885166 -0.084470
0.457543 -0.885166 -0.084470
0.457543 -0.885166 -0.084470
0.457543 -0.885166 -0.084470
0.457543 -0.885166 -0.084470
0.708934 -0.703003 -0.056569
0.708934 -0.703003 -0.056569
0.708934 -0.703003 -0.056569
0.708934 -0.703003 -0.056569
0.708934 -0.703003 -0.056569
0.708934 -0.703003 -0.056569
0.893766 -0.447606 -0.028845
0.893766 -0.447606 -0.028845
0.893766 -0.447606 -0.028845
0.893766 -0.447606 -0.028845
0.893766 -0.447606 -0.028845
0.893765 -0.447606 -0.028845
0.987635 -0.156643 -0.006280
0.987635 -0.156643 -0.006280
0.987635 -0.156643 -0.006280
0.987635 -0.156643 -0.006280
0.987635 -0.156643 -0.006280
0.987635 -0.156643 -0.006280
0.989264 0.145805 0.009908
0.989264 0.145805 0.009908
0.989264 0.145805 0.009908
0.989264 0.145805 0.009908
0.989264 0.145805 0.009908
0.989264 0.145805 0.009908
0.885399 0.434429 0.165350
0.885399 0.434429 0.165350
0.885399 0.434429 0.165350
0.885399 0.434429 0.165350
0.885399 0.434429 0.165350
0.885399 0.434429 0.165350
0.700145 0.693812 0.168591
0.700145 0.693812 0.168591
0.700145 0.693812 0.168591
0.700145 0.693812 0.168591
0.700145 0.693812 0.168591
0.700145 0.693812 0.168591
0.440494 0.883560 0.159015
0.440494 0.883560 0.159015
0.440494 0.883560 0.159015
0.440494 0.883560 0.159015
0.440494 0.883560 0.159015
0.440494 0.883560 0.159015
0.143065 0.979946 0.138702
0.143065 0.979946 0.138702
0.143065 0.979946 0.138702
0.143065 0.979946 0.138702
0.143065 0.979946 0.138702
0.143065 0.979946 0.138702
-0.165018 0.979818 0.112813
-0.165018 0.979818 0.112813
-0.165018 0.979818 0.112813
-0.165018 0.979818 0.112813
-0.165018 0.979818 0.112813
-0.165018 0.979818 0.112813
-0.457458 0.885221 0.084355
-0.457458 0.885221 0.084355
-0.457458 0.885221 0.084355
-0.457458 0.885221 0.084355
-0.457458 0.885221 0.084355
-0.457458 0.885221 0.084355
-0.708040 0.703901 0.056593
-0.708040 0.703901 0.056593
-0.708040 0.703901 0.056593
-0.708040 0.703901 0.056593
-0.708040 0.703901 0.056593
-0.708040 0.703901 0.056593
-0.891694 0.451525 0.031743
-0.891694 0.451525 0.031743
-0.891694 0.451525 0.031743
-0.891694 0.451525 0.031743
-0.891694 0.451525 0.031743
-0.891694 0.451525 0.031743
-0.987848 0.155014 0.011234
-0.987849 0.155014 0.011234
-0.987848 0.155014 0.011234
-0.987849 0.155014 0.011234
-0.987848 0.155014 0.011234
-0.987849 0.155014 0.011234
-0.987661 -0.156571 -0.003296
-0.987661 -0.156571 -0.003296
-0.987661 -0.156571 -0.003296
-0.987661 -0.156571 -0.003296
-0.987661 -0.156571 -0.003296
-0.987661 -0.156571 -0.003296
-0.891345 -0.453215 -0.010041
-0.891345 -0.453215 -0.010041
-0.891345 -0.453215 -0.010041
-0.891345 -0.453215 -0.010041
-0.891345 -0.453215 -0.010041
-0.891345 -0.453215 -0.010041
-0.708423 -0.705736 -0.008511
-0.708423 -0.705736 -0.008511
-0.708423 -0.705736 -0.008511
-0.708423 -0.705736 -0.008511
-0.708423 -0.705736 -0.008511
-0.708423 -0.705736 -0.008511
-0.456435 -0.889756 0.001314
-0.456435 -0.889756 0.001314
-0.456435 -0.889756 0.001314
-0.456435 -0.889756 0.001314
-0.456435 -0.889756 0.001314
-0.456435 -0.889756 0.001314
-0.160423 -0.986870 0.018765
-0.160423 -0.986870 0.018765
-0.160423 -0.986870 0.018765
-0.160423 -0.986870 0.018765
-0.160423 -0.986870 0.018765
-0.160423 -0.986870 0.018765
0.150610 -0.987722 0.041491
0.150610 -0.987722 0.041491
0.150610 -0.987722 0.041491
0.150610 -0.987722 0.041491
0.150610 -0.987722 0.041491
0.150610 -0.987722 0.041491
0.446357 -0.892303 0.067536
0.446357 -0.892303 0.067536
0.446356 -0.892303 0.067536
0.446357 -0.892303 0.067536
0.446356 -0.892303 0.067536
0.446357 -0.892303 0.067536
0.697811 -0.709944 0.095072
0.697811 -0.709944 0.095072
0.697811 -0.709944 0.095072
0.697811 -0.709944 0.095072
0.697811 -0.709944 0.095072
0.697811 -0.709944 0.095072
0.882379 -0.454945 0.120134
0.882379 -0.454945 0.120134
0.882379 -0.454945 0.120134
0.882379 -0.454945 0.120134
0.882379 -0.454945 0.120134
0.882379 -0.454945 0.120134
0.976605 -0.163662 0.139493
0.976605 -0.163662 0.139493
0.976605 -0.163662 0.139493
0.976605 -0.163662 0.139493
0.976605 -0.163662 0.139493
0.976605 -0.163662 0.139493
0.978059 0.139539 0.154694
0.978059 0.139539 0.154694
0.978059 0.139539 0.154694
0.978059 0.139539 0.154694
0.978059 0.139539 0.154694
0.978059 0.139539 0.154694
0.853124 0.418940 0.310915
0.853124 0.418940 0.310915
0.853124 0.418940 0.310915
0.853124 0.418940 0.310915
0.853124 0.418940 0.310915
0.853124 0.418940 0.310915
0.669988 0.671759 0.316002
0.669988 0.671759 0.316002
0.669988 0.671759 0.316002
0.669988 0.671759 0.316002
0.669988 0.671759 0.316002
0.669988 0.671759 0.316002
0.418401 0.854483 0.307895
0.418401 0.854483 0.307895
0.418401 0.854483 0.307895
0.418401 0.854483 0.307895
0.418401 0.854483 0.307895
0.418401 0.854483 0.307895
0.129008 0.949012 0.287635
0.129008 0.949012 0.287635
0.129008 0.949012 0.287635
0.129008 0.949012 0.287635
0.129008 0.949012 0.287635
0.129008 0.949012 0.287635
-0.171874 0.949635 0.262016
-0.171874 0.949635 0.262016
-0.171874 0.949635 0.262016
-0.171874 0.949635 0.262016
-0.171874 0.949635 0.262016
-0.171874 0.949635 0.262016
-0.457813 0.857542 0.234584
-0.457813 0.857542 0.234584
-0.457813 0.857542 0.234584
-0.457813 0.857542 0.234584
-0.457813 0.857542 0.234584
-0.457813 0.857542 0.234584
-0.703053 0.680067 0.207907
-0.703053 0.680067 0.207907
-0.703053 0.680067 0.207907
-0.703053 0.680067 0.207907
-0.703053 0.680067 0.207907
-0.703053 0.680067 0.207907
-0.882189 0.433654 0.183539
-0.882189 0.433654 0.183539
-0.882189 0.433654 0.183539
-0.882189 0.433654 0.183539
-0.882189 0.433654 0.183539
-0.882189 0.433654 0.183539
-0.976004 0.144262 0.163112
-0.976004 0.144262 0.163112
-0.976004 0.144262 0.163112
-0.976004 0.144262 0.163112
-0.976004 0.144262 0.163112
-0.976004 0.144262 0.163112
-0.975819 -0.160028 0.148894
-0.975818 -0.160028 0.148894
-0.975818 -0.160028 0.148894
-0.975819 -0.160028 0.148894
-0.975818 -0.160028 0.148894
-0.975818 -0.160028 0.148894
-0.881772 -0.449765 0.142092
-0.881772 -0.449765 0.142092
-0.881772 -0.449765 0.142092
-0.881772 -0.449765 0.142092
-0.881772 -0.449765 0.142092
-0.881772 -0.449765 0.142092
-0.703052 -0.696449 0.143793
-0.703052 -0.696449 0.143793
-0.703052 -0.696449 0.143793
-0.703052 -0.696449 0.143793
-0.703052 -0.696449 0.143793
-0.703052 -0.696449 0.143793
-0.456959 -0.876123 0.153617
-0.456958 -0.876123 0.153617
-0.456958 -0.876123 0.153617
-0.456958 -0.876123 0.153617
-0.456959 -0.876123 0.153617
-0.456958 -0.876123 0.153617
-0.167949 -0.971027 0.169996
-0.167949 -0.971028 0.169996
-0.167949 -0.971027 0.169996
-0.167949 -0.971028 0.169996
-0.167949 -0.971027 0.169996
-0.167949 -0.971028 0.169996
0.135990 -0.971882 0.192228
0.135990 -0.971882 0.192228
0.135990 -0.971882 0.192228
0.135990 -0.971882 0.192228
0.135990 -0.971882 0.192228
0.135990 -0.971882 0.192228
0.424866 -0.878562 0.218213
0.424866 -0.878562 0.218213
0.424866 -0.878562 0.218213
0.424866 -0.878562 0.218213
0.424866 -0.878562 0.218213
0.424866 -0.878562 0.218213
0.670237 -0.700584 0.244877
0.670237 -0.700584 0.244877
0.670237 -0.700584 0.244877
0.670237 -0.700584 0.244877
0.670237 -0.700584 0.244877
0.670237 -0.700584 0.244877
0.850243 -0.453245 0.267688
0.850243 -0.453245 0.267688
0.850243 -0.453245 0.267688
0.850243 -0.453245 0.267688
0.850243 -0.453245 0.267688
0.850243 -0.453245 0.267688
0.943739 -0.167989 0.284845
0.943739 -0.167989 0.284845
0.943739 -0.167989 0.284845
0.943739 -0.167989 0.284845
0.943739 -0.167989 0.284845
0.943739 -0.167989 0.284845
0.945207 0.129813 0.299555
0.945207 0.129813 0.299555
0.945207 0.129813 0.299555
0.945207 0.129813 0.299555
0.945207 0.129813 0.299555
0.945207 0.129813 0.299555
0.797827 0.393055 0.457143
0.797827 0.393055 0.457143
0.797827 0.393055 0.457143
0.797827 0.393055 0.457143
0.797827 0.393055 0.457143
0.797827 0.393055 0.457143
0.623321 0.632409 0.459924
0.623321 0.632409 0.459924
0.623321 0.632409 0.459924
0.623321 0.632409 0.459924
0.623321 0.632409 0.459924
0.623321 0.632409 0.459924
0.386677 0.805297 0.449420
0.386677 0.805297 0.449420
0.386677 0.805297 0.449420
0.386677 0.805297 0.449420
0.386677 0.805297 0.449420
0.386677 0.805297 0.449420
0.111840 0.895824 0.430107
0.111840 0.895824 0.430107
0.111840 0.895824 0.430107
0.111840 0.895824 0.430107
0.111840 0.895824 0.430107
0.111840 0.895824 0.430107
-0.174662 0.897093 0.405853
-0.174662 0.897093 0.405853
-0.174662 0.897093 0.405853
-0.174662 0.897093 0.405853
-0.174662 0.897093 0.405853
-0.174662 0.897093 0.405853
-0.447541 0.809654 0.379693
-0.447541 0.809654 0.379693
-0.447541 0.809654 0.379693
-0.447541 0.809654 0.379693
-0.447541 0.809654 0.379693
-0.447541 0.809654 0.379693
-0.681549 0.640268 0.354327
-0.681549 0.640268 0.354327
-0.681549 0.640268 0.354327
-0.681549 0.640268 0.354327
-0.681549 0.640268 0.354327
-0.681549 0.640268 0.354327
-0.851862 0.405676 0.331296
-0.851862 0.405676 0.331296
-0.851862 0.405676 0.331296
-0.851862 0.405676 0.331296
-0.851862 0.405676 0.331296
-0.851862 0.405676 0.331296
-0.941190 0.130135 0.311811
-0.941190 0.130135 0.311811
-0.941190 0.130135 0.311811
-0.941190 0.130135 0.311811
-0.941190 0.130135 0.311811
-0.941190 0.130135 0.311811
-0.940940 -0.159918 0.298425
-0.940940 -0.159918 0.298425
-0.940940 -0.159918 0.298425
-0.940940 -0.159918 0.298425
-0.940940 -0.159918 0.298425
-0.940940 -0.159918 0.298425
-0.851366 -0.435617 0.292256
-0.851366 -0.435617 0.292256
-0.851366 -0.435617 0.292256
-0.851366 -0.435617 0.292256
-0.851366 -0.435617 0.292256
-0.851366 -0.435617 0.292256
-0.681051 -0.670742 0.293725
-0.681051 -0.670742 0.293725
-0.681051 -0.670742 0.293725
-0.681051 -0.670742 0.293725
-0.681051 -0.670742 0.293725
-0.681051 -0.670742 0.293725
-0.446872 -0.841780 0.302839
-0.446872 -0.841780 0.302839
-0.446872 -0.841780 0.302839
-0.446872 -0.841780 0.302839
-0.446872 -0.841780 0.302839
-0.446872 -0.841780 0.302839
-0.171626 -0.932199 0.318668
-0.171626 -0.932199 0.318669
-0.171626 -0.932199 0.318668
-0.171626 -0.932199 0.318669
-0.171626 -0.932199 0.318668
-0.171626 -0.932199 0.318668
0.118055 -0.933044 0.339842
0.118055 -0.933044 0.339842
0.118055 -0.933044 0.339842
0.118055 -0.933044 0.339842
0.118055 -0.933044 0.339842
0.118055 -0.933044 0.339842
0.393383 -0.844131 0.364270
0.393383 -0.844131 0.364270
0.393383 -0.844131 0.364270
0.393383 -0.844131 0.364270
0.393383 -0.844131 0.364270
0.393383 -0.844131 0.364270
0.626870 -0.674917 0.389257
0.626870 -0.674917 0.389257
0.626870 -0.674917 0.389257
0.626870 -0.674917 0.389257
0.626870 -0.674917 0.389257
0.626870 -0.674917 0.389257
0.797691 -0.441362 0.410960
0.797692 -0.441362 0.410960
0.797692 -0.441362 0.410960
0.797692 -0.441362 0.410960
0.797691 -0.441362 0.410960
0.797691 -0.441362 0.410960
0.887846 -0.168307 0.428255
0.887846 -0.168307 0.428255
0.887846 -0.168307 0.428255
0.887846 -0.168307 0.428255
0.887846 -0.168307 0.428255
0.887846 -0.168307 0.428255
0.888202 0.117227 0.444247
0.888202 0.117227 0.444247
0.888202 0.117227 0.444247
0.888202 0.117227 0.444247
0.888202 0.117227 0.444247
0.888202 0.117227 0.444247
0.723189 0.357594 0.590867
0.723189 0.357594 0.590867
0.723189 0.357594 0.590867
0.723189 0.357594 0.590867
0.723189 0.357594 0.590867
0.723189 0.357594 0.590867
0.563545 0.577263 0.590919
0.563545 0.577263 0.590919
0.563545 0.577263 0.590919
0.563545 0.577263 0.590919
0.563545 0.577263 0.590919
0.563545 0.577263 0.590919
0.346112 0.737069 0.580462
0.346112 0.737069 0.580462
0.346112 0.737069 0.580462
0.346112 0.737069 0.580462
0.346112 0.737069 0.580462
0.346112 0.737069 0.580462
0.091995 0.821620 0.562563
0.091995 0.821620 0.562563
0.091995 0.821620 0.562563
0.091995 0.821620 0.562563
0.091995 0.821620 0.562563
0.091995 0.821620 0.562563
-0.173395 0.823269 0.540520
-0.173395 0.823269 0.540521
-0.173395 0.823269 0.540521
-0.173395 0.823269 0.540520
-0.173395 0.823269 0.540521
-0.173395 0.823269 0.540521
-0.426620 0.742194 0.516859
-0.426620 0.742194 0.516859
-0.426620 0.742194 0.516859
-0.426620 0.742194 0.516859
-0.426620 0.742194 0.516859
-0.426620 0.742194 0.516859
-0.643563 0.585209 0.493313
-0.643563 0.585209 0.493313
-0.643563 0.585209 0.493313
-0.643563 0.585209 0.493313
-0.643563 0.585209 0.493313
-0.643563 0.585209 0.493313
-0.800701 0.364495 0.475417
-0.800701 0.364495 0.475416
-0.800701 0.364495 0.475416
-0.800701 0.364495 0.475416
-0.800701 0.364495 0.475417
-0.800701 0.364495 0.475416
-0.880373 0.112595 0.460723
-0.880373 0.112595 0.460723
-0.880373 0.112595 0.460723
-0.880373 0.112595 0.460723
-0.880373 0.112595 0.460723
-0.880373 0.112595 0.460723
-0.880811 -0.155763 0.447114
-0.880811 -0.155763 0.447114
-0.880811 -0.155763 0.447114
-0.880811 -0.155763 0.447114
-0.880811 -0.155763 0.447114
-0.880811 -0.155763 0.447114
-0.800446 -0.408990 0.438192
-0.800446 -0.408991 0.438192
-0.800446 -0.408991 0.438192
-0.800446 -0.408991 0.438192
-0.800446 -0.408990 0.438192
-0.800446 -0.408990 0.438192
-0.642949 -0.629077 0.436898
-0.642949 -0.629077 0.436898
-0.642949 -0.629077 0.436898
-0.642949 -0.629077 0.436898
-0.642949 -0.629077 0.436898
-0.642949 -0.629077 0.436898
-0.426058 -0.787338 0.445615
-0.426058 -0.787338 0.445615
-0.426058 -0.787338 0.445615
-0.426058 -0.787338 0.445615
-0.426058 -0.787338 0.445615
-0.426058 -0.787338 0.445615
-0.171167 -0.871029 0.460447
-0.171167 -0.871029 0.460447
-0.171167 -0.871029 0.460447
-0.171167 -0.871029 0.460447
-0.171167 -0.871029 0.460447
-0.171167 -0.871029 0.460447
0.097170 -0.871925 0.479901
0.097170 -0.871925 0.479901
0.097170 -0.871925 0.479901
0.097170 -0.871925 0.479901
0.097170 -0.871925 0.479901
0.097170 -0.871925 0.479901
0.352244 -0.789681 0.502322
0.352244 -0.789681 0.502322
0.352244 -0.789681 0.502322
0.352244 -0.789681 0.502322
0.352244 -0.789681 0.502322
0.352244 -0.789681 0.502322
0.568480 -0.632759 0.525782
0.568480 -0.632759 0.525782
0.568480 -0.632759 0.525782
0.568480 -0.632759 0.525782
0.568480 -0.632759 0.525782
0.568480 -0.632759 0.525782
0.724959 -0.417284 0.548005
0.724959 -0.417284 0.548005
0.724959 -0.417284 0.548005
0.724959 -0.417284 0.548005
0.724959 -0.417284 0.548005
0.724959 -0.417284 0.548005
0.807732 -0.164018 0.566275
0.807732 -0.164018 0.566275
0.807732 -0.164018 0.566275
0.807732 -0.164018 0.566275
0.807732 -0.164018 0.566275
0.807732 -0.164018 0.566275
0.807525 0.101994 0.580949
0.807525 0.101994 0.580949
0.807524 0.101994 0.580949
0.807524 0.101994 0.580949
0.807525 0.101994 0.580949
0.807525 0.101994 0.580949
0.632840 0.312640 0.708357
0.632840 0.312640 0.708357
0.632840 0.312640 0.708357
0.632840 0.312640 0.708357
0.632840 0.312640 0.708357
0.632840 0.312640 0.708357
0.491140 0.508282 0.707411
0.491140 0.508282 0.707411
0.491140 0.508282 0.707411
0.491140 0.508282 0.707411
0.491140 0.508282 0.707411
0.491140 0.508282 0.707411
0.296948 0.651042 0.698546
0.296948 0.651042 0.698546
0.296948 0.651042 0.698546
0.296948 0.651042 0.698546
0.296948 0.651042 0.698546
0.296948 0.651042 0.698546
0.070022 0.726957 0.683103
0.070022 0.726957 0.683103
0.070022 0.726957 0.683103
0.070022 0.726957 0.683103
0.070022 0.726957 0.683103
0.070022 0.726957 0.683103
-0.168136 0.729041 0.663498
-0.168136 0.729041 0.663498
-0.168136 0.729041 0.663498
-0.168136 0.729041 0.663498
-0.168136 0.729041 0.663498
-0.168136 0.729041 0.663498
-0.395316 0.656409 0.642537
-0.395316 0.656409 0.642537
-0.395316 0.656409 0.642537
-0.395316 0.656409 0.642537
-0.395316 0.656409 0.642537
-0.395316 0.656409 0.642537
-0.589803 0.513150 0.623546
-0.589803 0.513149 0.623546
-0.589803 0.513149 0.623546
-0.589803 0.513149 0.623546
-0.589803 0.513150 0.623546
-0.589803 0.513149 0.623546
-0.730349 0.313542 0.606862
-0.730349 0.313542 0.606862
-0.730349 0.313542 0.606862
-0.730349 0.313542 0.606862
-0.730349 0.313542 0.606862
-0.730349 0.313542 0.606862
-0.800625 0.093626 0.591805
-0.800626 0.093627 0.591805
-0.800626 0.093627 0.591805
-0.800626 0.093627 0.591805
-0.800625 0.093626 0.591805
-0.800625 0.093626 0.591805
-0.805169 -0.144756 0.575107
-0.805169 -0.144756 0.575107
-0.805169 -0.144756 0.575107
-0.805169 -0.144756 0.575107
-0.805169 -0.144756 0.575107
-0.805169 -0.144756 0.575107
-0.731211 -0.375973 0.569189
-0.731211 -0.375973 0.569189
-0.731211 -0.375973 0.569189
-0.731211 -0.375973 0.569189
-0.731211 -0.375973 0.569189
-0.731211 -0.375973 0.569189
-0.589115 -0.570183 0.572568
-0.589115 -0.570183 0.572568
-0.589115 -0.570183 0.572568
-0.589115 -0.570183 0.572568
-0.589115 -0.570183 0.572568
-0.589115 -0.570183 0.572568
-0.394834 -0.713677 0.578594
-0.394834 -0.713677 0.578594
-0.394834 -0.713677 0.578594
-0.394834 -0.713677 0.578594
-0.394834 -0.713677 0.578594
-0.394834 -0.713677 0.578594
-0.166575 -0.788670 0.591821
-0.166575 -0.788670 0.591821
-0.166575 -0.788670 0.591821
-0.166575 -0.788670 0.591821
-0.166575 -0.788670 0.591821
-0.166575 -0.788670 0.591821
0.073796 -0.789317 0.609535
0.073796 -0.789317 0.609535
0.073796 -0.789317 0.609535
0.073796 -0.789317 0.609535
0.073796 -0.789317 0.609535
0.073796 -0.789317 0.609535
0.302162 -0.715655 0.629711
0.302162 -0.715655 0.629711
0.302162 -0.715655 0.629711
0.302162 -0.715655 0.629711
0.302162 -0.715655 0.629711
0.302162 -0.715655 0.629711
0.496103 -0.574875 0.650692
0.496103 -0.574875 0.650692
0.496103 -0.574875 0.650692
0.496103 -0.574875 0.650692
0.496103 -0.574875 0.650692
0.496103 -0.574875 0.650692
0.635808 -0.381889 0.670753
0.635808 -0.381889 0.670753
0.635808 -0.381889 0.670753
0.635808 -0.381889 0.670753
0.635808 -0.381889 0.670753
0.635808 -0.381889 0.670753
0.708700 -0.155169 0.688234
0.708701 -0.155169 0.688234
0.708700 -0.155169 0.688234
0.708701 -0.155169 0.688234
0.708700 -0.155169 0.688234
0.708700 -0.155169 0.688234
0.707791 0.083854 0.701427
0.707791 0.083854 0.701428
0.707791 0.083854 0.701427
0.707791 0.083854 0.701427
0.707791 0.083854 0.701427
0.707791 0.083854 0.701427
0.533762 0.262308 0.803923
0.533762 0.262308 0.803923
0.533762 0.262308 0.803923
0.533762 0.262308 0.803923
0.533762 0.262308 0.803923
0.533762 0.262308 0.803923
0.411746 0.431433 0.802702
0.411746 0.431433 0.802702
0.411746 0.431433 0.802702
0.411746 0.431433 0.802702
0.411746 0.431433 0.802702
0.411746 0.431433 0.802702
0.243784 0.555390 0.795054
0.243784 0.555390 0.795054
0.243784 0.555390 0.795054
0.243784 0.555390 0.795054
0.243784 0.555390 0.795054
0.243784 0.555390 0.795054
0.047414 0.621037 0.782346
0.047414 0.621037 0.782346
0.047414 0.621037 0.782346
0.047414 0.621037 0.782346
0.047414 0.621037 0.782346
0.047414 0.621037 0.782346
-0.159476 0.622410 0.766273
-0.159476 0.622410 0.766273
-0.159476 0.622410 0.766273
-0.159476 0.622410 0.766273
-0.159476 0.622410 0.766273
-0.159476 0.622410 0.766273
-0.356953 0.557685 0.749381
-0.356953 0.557685 0.749381
-0.356953 0.557685 0.749381
-0.356953 0.557685 0.749381
-0.356953 0.557685 0.749381
-0.356953 0.557685 0.749381
-0.525881 0.430658 0.733473
-0.525881 0.430658 0.733473
-0.525881 0.430658 0.733473
-0.525881 0.430658 0.733473
-0.525881 0.430658 0.733473
-0.525881 0.430658 0.733473
-0.646524 0.263039 0.716112
-0.646524 0.263039 0.716112
-0.646524 0.263039 0.716112
-0.646524 0.263039 0.716112
-0.646524 0.263039 0.716112
-0.646524 0.263039 0.716112
-0.710621 0.074805 0.699587
-0.710621 0.074805 0.699587
-0.710621 0.074805 0.699587
-0.710621 0.074805 0.699587
-0.710621 0.074805 0.699587
-0.710621 0.074805 0.699587
-0.712895 -0.129847 0.689144
-0.712895 -0.129847 0.689144
-0.712896 -0.129847 0.689144
-0.712896 -0.129847 0.689144
-0.712895 -0.129847 0.689144
-0.712895 -0.129847 0.689144
-0.647268 -0.337323 0.683562
-0.647268 -0.337323 0.683562
-0.647268 -0.337323 0.683562
-0.647268 -0.337323 0.683562
-0.647268 -0.337323 0.683562
-0.647268 -0.337323 0.683562
-0.526183 -0.503802 0.685066
-0.526183 -0.503802 0.685066
-0.526183 -0.503802 0.685066
-0.526183 -0.503802 0.685066
-0.526183 -0.503802 0.685066
-0.526183 -0.503802 0.685066
-0.355978 -0.627037 0.692895
-0.355978 -0.627037 0.692895
-0.355978 -0.627037 0.692895
-0.355978 -0.627037 0.692895
-0.355978 -0.627037 0.692895
-0.355978 -0.627037 0.692895
-0.158291 -0.691883 0.704444
-0.158291 -0.691883 0.704444
-0.158291 -0.691883 0.704444
-0.158291 -0.691883 0.704444
-0.158291 -0.691883 0.704444
-0.158291 -0.691883 0.704444
0.049800 -0.692461 0.719734
0.049800 -0.692461 0.719734
0.049800 -0.692461 0.719734
0.049800 -0.692461 0.719734
0.049800 -0.692461 0.719734
0.049800 -0.692461 0.719734
0.247579 -0.628587 0.737280
0.247579 -0.628587 0.737280
0.247579 -0.628587 0.737280
0.247579 -0.628587 0.737280
0.247579 -0.628587 0.737280
0.247579 -0.628587 0.737280
0.415598 -0.506814 0.755260
0.415598 -0.506814 0.755260
0.415599 -0.506814 0.755260
0.415598 -0.506814 0.755260
0.415599 -0.506814 0.755260
0.415599 -0.506814 0.755260
0.536951 -0.339366 0.772344
0.536951 -0.339366 0.772344
0.536950 -0.339366 0.772344
0.536951 -0.339366 0.772344
0.536951 -0.339366 0.772344
0.536951 -0.339366 0.772344
0.599878 -0.142753 0.787254
0.599878 -0.142753 0.787254
0.599878 -0.142753 0.787254
0.599878 -0.142753 0.787254
0.599878 -0.142753 0.787254
0.599878 -0.142753 0.787254
0.598707 0.064595 0.798359
0.598707 0.064595 0.798359
0.598707 0.064595 0.798359
0.598707 0.064595 0.798359
0.598707 0.064595 0.798359
0.598707 0.064595 0.798359
0.463139 0.226551 0.856841
0.463139 0.226551 0.856841
0.463139 0.226551 0.856841
0.463139 0.226551 0.856841
0.463139 0.226551 0.856841
0.463139 0.226551 0.856841
0.355020 0.375900 0.855956
0.355020 0.375900 0.855956
0.355020 0.375900 0.855956
0.355020 0.375900 0.855956
0.355020 0.375900 0.855956
0.355020 0.375900 0.855956
0.206200 0.485799 0.849400
0.206200 0.485799 0.849400
0.206200 0.485799 0.849400
0.206200 0.485799 0.849400
0.206200 0.485799 0.849400
0.206200 0.485799 0.849400
0.031368 0.543876 0.838579
0.031368 0.543876 0.838579
0.031368 0.543876 0.838579
0.031368 0.543876 0.838579
0.031368 0.543876 0.838579
0.031368 0.543876 0.838579
-0.152779 0.543559 0.825350
-0.152779 0.543559 0.825350
-0.152779 0.543559 0.825350
-0.152779 0.543559 0.825350
-0.152779 0.543559 0.825350
-0.152779 0.543559 0.825350
-0.328208 0.485260 0.810433
-0.328208 0.485260 0.810433
-0.328208 0.485260 0.810433
-0.328208 0.485260 0.810433
-0.328208 0.485260 0.810433
-0.328208 0.485260 0.810433
-0.479360 0.376892 0.792569
-0.479360 0.376892 0.792569
-0.479360 0.376892 0.792569
-0.479360 0.376892 0.792569
-0.479360 0.376892 0.792569
-0.479360 0.376892 0.792569
-0.587830 0.232241 0.774933
-0.587830 0.232241 0.774932
-0.587830 0.232241 0.774932
-0.587830 0.232241 0.774932
-0.587830 0.232241 0.774933
-0.587830 0.232241 0.774933
-0.644511 0.061819 0.762092
-0.644511 0.061819 0.762092
-0.644511 0.061819 0.762091
-0.644511 0.061819 0.762092
-0.644511 0.061819 0.762092
-0.644511 0.061819 0.762092
-0.643754 -0.122464 0.755370
-0.643754 -0.122464 0.755370
-0.643754 -0.122464 0.755370
-0.643754 -0.122464 0.755370
-0.643754 -0.122464 0.755370
-0.643754 -0.122464 0.755370
-0.584105 -0.304419 0.752430
-0.584105 -0.304419 0.752430
-0.584105 -0.304419 0.752430
-0.584105 -0.304419 0.752430
-0.584105 -0.304419 0.752430
-0.584105 -0.304419 0.752430
-0.475840 -0.453853 0.753388
-0.475840 -0.453853 0.753388
-0.475840 -0.453853 0.753388
-0.475840 -0.453853 0.753388
-0.475840 -0.453853 0.753388
-0.475840 -0.453853 0.753388
-0.326409 -0.562823 0.759400
-0.326409 -0.562823 0.759400
-0.326409 -0.562823 0.759400
-0.326409 -0.562823 0.759400
-0.326409 -0.562823 0.759400
-0.326409 -0.562823 0.759400
-0.150978 -0.620504 0.769533
-0.150978 -0.620504 0.769533
-0.150978 -0.620504 0.769533
-0.150978 -0.620504 0.769533
-0.150978 -0.620504 0.769533
-0.150978 -0.620504 0.769533
0.033643 -0.620888 0.783177
0.033643 -0.620888 0.783177
0.033643 -0.620888 0.783177
0.033643 -0.620888 0.783177
0.033643 -0.620888 0.783177
0.033643 -0.620888 0.783177
0.208920 -0.564272 0.798718
0.208920 -0.564272 0.798718
0.208920 -0.564272 0.798718
0.208920 -0.564272 0.798718
0.208920 -0.564272 0.798718
0.208920 -0.564272 0.798718
0.357891 -0.456219 0.814726
0.357891 -0.456219 0.814726
0.357891 -0.456219 0.814726
0.357891 -0.456219 0.814726
0.357891 -0.456219 0.814726
0.357891 -0.456219 0.814726
0.465754 -0.307395 0.829808
0.465754 -0.307395 0.829808
0.465754 -0.307395 0.829808
0.465754 -0.307395 0.829808
0.465754 -0.307395 0.829808
0.465754 -0.307395 0.829808
0.521655 -0.132695 0.842774
0.521654 -0.132695 0.842774
0.521655 -0.132695 0.842774
0.521654 -0.132695 0.842774
0.521655 -0.132695 0.842774
0.521655 -0.132695 0.842774
0.520702 0.051428 0.852188
0.520702 0.051428 0.852188
0.520702 0.051428 0.852188
0.520702 0.051428 0.852188
0.520702 0.051428 0.852188
0.520702 0.051428 0.852188
0.427467 0.208771 0.879595
0.427467 0.208771 0.879595
0.427467 0.208771 0.879595
0.427467 0.208771 0.879595
0.427467 0.208771 0.879595
0.427467 0.208771 0.879595
0.326373 0.347965 0.878864
0.326373 0.347965 0.878864
0.326373 0.347965 0.878864
0.326373 0.347965 0.878864
0.326373 0.347965 0.878864
0.326373 0.347965 0.878864
0.186644 0.449708 0.873457
0.186644 0.449708 0.873457
0.186644 0.449708 0.873457
0.186644 0.449708 0.873457
0.186644 0.449708 0.873457
0.186644 0.449708 0.873457
0.022494 0.502888 0.864059
0.022494 0.502888 0.864059
0.022494 0.502888 0.864059
0.022494 0.502888 0.864059
0.022494 0.502888 0.864059
0.022494 0.502888 0.864059
-0.149954 0.502750 0.851326
-0.149954 0.502750 0.851326
-0.149954 0.502750 0.851326
-0.149954 0.502750 0.851326
-0.149954 0.502750 0.851326
-0.149954 0.502750 0.851326
-0.313752 0.449349 0.836448
-0.313752 0.449349 0.836448
-0.313752 0.449349 0.836448
-0.313752 0.449349 0.836448
-0.313752 0.449349 0.836448
-0.313752 0.449349 0.836448
-0.452179 0.350491 0.820177
-0.452179 0.350491 0.820177
-0.452179 0.350491 0.820177
-0.452179 0.350491 0.820177
-0.452179 0.350491 0.820177
-0.452179 0.350491 0.820177
-0.553686 0.214530 0.804617
-0.553686 0.214530 0.804617
-0.553686 0.214530 0.804617
-0.553686 0.214530 0.804617
-0.553686 0.214530 0.804617
-0.553686 0.214530 0.804617
-0.606655 0.054053 0.793126
-0.606655 0.054053 0.793126
-0.606655 0.054053 0.793126
-0.606655 0.054053 0.793126
-0.606655 0.054053 0.793126
-0.606655 0.054053 0.793126
-0.606385 -0.119063 0.786207
-0.606385 -0.119063 0.786207
-0.606385 -0.119063 0.786207
-0.606385 -0.119063 0.786207
-0.606385 -0.119063 0.786207
-0.606385 -0.119063 0.786207
-0.551600 -0.287833 0.782873
-0.551600 -0.287833 0.782873
-0.551600 -0.287833 0.782873
-0.551600 -0.287833 0.782873
-0.551600 -0.287833 0.782873
-0.551600 -0.287833 0.782873
-0.450269 -0.427802 0.783737
-0.450269 -0.427802 0.783737
-0.450269 -0.427802 0.783737
-0.450269 -0.427802 0.783737
-0.450269 -0.427802 0.783737
-0.450269 -0.427802 0.783737
-0.310712 -0.529545 0.789329
-0.310712 -0.529545 0.789329
-0.310712 -0.529545 0.789329
-0.310712 -0.529545 0.789329
-0.310712 -0.529545 0.789329
-0.310712 -0.529545 0.789329
-0.146744 -0.582996 0.799113
-0.146744 -0.582996 0.799113
-0.146744 -0.582996 0.799113
-0.146744 -0.582996 0.799113
-0.146744 -0.582996 0.799113
-0.146744 -0.582996 0.799113
0.025507 -0.583728 0.811549
0.025507 -0.583728 0.811548
0.025507 -0.583728 0.811549
0.025507 -0.583728 0.811549
0.025507 -0.583728 0.811548
0.025507 -0.583728 0.811549
0.189425 -0.530782 0.826068
0.189425 -0.530782 0.826068
0.189425 -0.530782 0.826068
0.189425 -0.530782 0.826068
0.189425 -0.530782 0.826068
0.189425 -0.530782 0.826068
0.328325 -0.429970 0.841028
0.328325 -0.429970 0.841028
0.328325 -0.429970 0.841028
0.328325 -0.429970 0.841028
0.328325 -0.429970 0.841028
0.328325 -0.429970 0.841028
0.429564 -0.290785 0.854938
0.429564 -0.290785 0.854938
0.429564 -0.290785 0.854938
0.429564 -0.290785 0.854938
0.429564 -0.290785 0.854938
0.429564 -0.290785 0.854938
0.482039 -0.127215 0.866865
0.482039 -0.127215 0.866865
0.482039 -0.127215 0.866865
0.482039 -0.127215 0.866865
0.482039 -0.127215 0.866865
0.482039 -0.127215 0.866865
0.481172 0.045158 0.875463
0.481172 0.045158 0.875463
0.481172 0.045158 0.875463
0.481172 0.045158 0.875463
0.481172 0.045158 0.875463
0.481172 0.045158 0.875463
0.167432 -0.005204 -0.985870
0.167432 -0.005204 -0.985870
0.167432 -0.005204 -0.985870
0.167432 -0.005204 -0.985870
0.167432 -0.005204 -0.985870
0.167432 -0.005204 -0.985870
0.147949 -0.031244 -0.988501
0.147949 -0.031244 -0.988501
0.147949 -0.031244 -0.988501
0.147949 -0.031244 -0.988501
0.147949 -0.031244 -0.988501
0.147949 -0.031244 -0.988501
0.123145 -0.049927 -0.991132
0.123145 -0.049927 -0.991132
0.123145 -0.049927 -0.991132
0.123145 -0.049927 -0.991132
0.123145 -0.049927 -0.991132
0.123145 -0.049927 -0.991132
0.087418 -0.060908 -0.994308
0.087418 -0.060908 -0.994308
0.087418 -0.060908 -0.994308
0.087418 -0.060908 -0.994308
0.087418 -0.060908 -0.994308
0.087418 -0.060908 -0.994308
0.057913 -0.060015 -0.996516
0.057913 -0.060015 -0.996516
0.057913 -0.060015 -0.996516
0.057913 -0.060015 -0.996516
0.057913 -0.060015 -0.996516
0.057913 -0.060015 -0.996516
0.025379 -0.050146 -0.998419
0.025379 -0.050146 -0.998419
0.025379 -0.050146 -0.998419
0.025379 -0.050146 -0.998419
0.025379 -0.050146 -0.998419
0.025379 -0.050146 -0.998419
-0.002700 -0.030627 -0.999527
-0.002700 -0.030627 -0.999527
-0.002700 -0.030627 -0.999527
-0.002700 -0.030627 -0.999527
-0.002700 -0.030627 -0.999527
-0.002700 -0.030627 -0.999527
-0.023660 -0.001844 -0.999718
-0.023660 -0.001844 -0.999718
-0.023660 -0.001844 -0.999718
-0.023660 -0.001844 -0.999718
-0.023660 -0.001844 -0.999718
-0.023660 -0.001844 -0.999718
-0.033172 0.028390 -0.999046
-0.033172 0.028390 -0.999046
-0.033172 0.028390 -0.999046
-0.033172 0.028390 -0.999046
-0.033172 0.028390 -0.999046
-0.033172 0.028390 -0.999046
-0.033286 0.063435 -0.997431
-0.033286 0.063435 -0.997431
-0.033286 0.063435 -0.997431
-0.033286 0.063435 -0.997431
-0.033286 0.063435 -0.997431
-0.033286 0.063435 -0.997431
-0.024260 0.094013 -0.995275
-0.024260 0.094013 -0.995275
-0.024260 0.094013 -0.995275
-0.024260 0.094013 -0.995275
-0.024260 0.094013 -0.995275
-0.024260 0.094013 -0.995275
-0.004005 0.122580 -0.992451
-0.004005 0.122580 -0.992451
-0.004005 0.122580 -0.992451
-0.004005 0.122580 -0.992451
-0.004005 0.122580 -0.992451
-0.004005 0.122580 -0.992451
0.023759 0.141604 -0.989638
0.023759 0.141604 -0.989638
0.023759 0.141604 -0.989638
0.023759 0.141604 -0.989638
0.023759 0.141604 -0.989638
0.023759 0.141604 -0.989638
0.052413 0.150771 -0.987178
0.052413 0.150771 -0.987178
0.052413 0.150771 -0.987178
0.052413 0.150771 -0.987178
0.052413 0.150771 -0.987178
0.052413 0.150771 -0.987178
0.087360 0.151084 -0.984653
0.087360 0.151084 -0.984653
0.087360 0.151084 -0.984653
0.087360 0.151084 -0.984653
0.087360 0.151084 -0.984653
0.087360 0.151084 -0.984653
0.119903 0.140032 -0.982860
0.119903 0.140032 -0.982860
0.119903 0.140032 -0.982860
0.119903 0.140032 -0.982860
0.119903 0.140032 -0.982860
0.119903 0.140032 -0.982860
0.145329 0.121262 -0.981924
0.145329 0.121262 -0.981924
0.145329 0.121262 -0.981924
0.145329 0.121262 -0.981924
0.145329 0.121262 -0.981924
0.145329 0.121262 -0.981924
0.166567 0.091644 -0.981762
0.166567 0.091643 -0.981762
0.166567 0.091644 -0.981762
0.166567 0.091643 -0.981762
0.166567 0.091644 -0.981762
0.166567 0.091644 -0.981762
0.176249 0.063684 -0.982283
0.176249 0.063684 -0.982283
0.176249 0.063684 -0.982283
0.176249 0.063684 -0.982283
0.176249 0.063684 -0.982283
0.176249 0.063684 -0.982283
0.178238 0.028863 -0.983564
0.178238 0.028863 -0.983564
0.178238 0.028863 -0.983564
0.178238 0.028863 -0.983564
0.178238 0.028863 -0.983564
0.178238 0.028863 -0.983564
-0.799916 0.443804 -0.403945
-0.799916 0.443804 -0.403945
-0.799916 0.443804 -0.403945
-0.799916 0.443804 -0.403945
-0.799916 0.443804 -0.403945
-0.799916 0.443804 -0.403945
-0.629108 0.678509 -0.379274
-0.629108 0.678509 -0.379274
-0.629108 0.678509 -0.379274
-0.629108 0.678509 -0.379274
-0.629108 0.678509 -0.379274
-0.629108 0.678509 -0.379274
-0.396685 0.847802 -0.351956
-0.396685 0.847802 -0.351956
-0.396685 0.847802 -0.351956
-0.396685 0.847802 -0.351956
-0.396685 0.847802 -0.351956
-0.396685 0.847802 -0.351956
-0.124532 0.936671 -0.327321
-0.124532 0.936671 -0.327321
-0.124532 0.936671 -0.327321
-0.124532 0.936671 -0.327321
-0.124532 0.936671 -0.327321
-0.124532 0.936671 -0.327321
0.164085 0.937424 -0.307104
0.164085 0.937424 -0.307104
0.164085 0.937424 -0.307104
0.164085 0.937424 -0.307104
0.164085 0.937424 -0.307104
0.164085 0.937424 -0.307104
0.442833 0.848436 -0.289921
0.442833 0.848436 -0.289921
0.442833 0.848436 -0.289921
0.442833 0.848436 -0.289921
0.442833 0.848436 -0.289921
0.442833 0.848437 -0.289921
0.687300 0.673486 -0.272095
0.687300 0.673486 -0.272095
0.687300 0.673486 -0.272095
0.687300 0.673486 -0.272095
0.687300 0.673486 -0.272095
0.687300 0.673486 -0.272095
0.864403 0.427194 -0.265167
0.864403 0.427194 -0.265167
0.864403 0.427194 -0.265167
0.864403 0.427194 -0.265167
0.864403 0.427194 -0.265167
0.864403 0.427194 -0.265167
0.951078 0.148267 -0.271049
0.951078 0.148267 -0.271049
0.951078 0.148267 -0.271049
0.951078 0.148267 -0.271049
0.951078 0.148267 -0.271049
0.951078 0.148267 -0.271049
0.948445 -0.137178 -0.285719
0.948445 -0.137178 -0.285719
0.948445 -0.137178 -0.285719
0.948445 -0.137178 -0.285719
0.948445 -0.137178 -0.285719
0.948445 -0.137178 -0.285719
0.857284 -0.410442 -0.310806
0.857284 -0.410442 -0.310806
0.857284 -0.410442 -0.310806
0.857284 -0.410442 -0.310806
0.857284 -0.410442 -0.310806
0.857284 -0.410442 -0.310806
0.683113 -0.644802 -0.342908
0.683113 -0.644802 -0.342908
0.683113 -0.644802 -0.342908
0.683113 -0.644802 -0.342908
0.683113 -0.644802 -0.342908
0.683113 -0.644802 -0.342908
0.449500 -0.813969 -0.367974
0.449500 -0.813969 -0.367974
0.449500 -0.813969 -0.367974
0.449500 -0.813969 -0.367974
0.449500 -0.813969 -0.367974
0.449500 -0.813969 -0.367974
0.173080 -0.903220 -0.392730
0.173080 -0.903220 -0.392730
0.173080 -0.903220 -0.392730
0.173080 -0.903220 -0.392730
0.173080 -0.903220 -0.392730
0.173080 -0.903220 -0.392731
-0.117110 -0.902127 -0.415273
-0.117110 -0.902127 -0.415273
-0.117110 -0.902127 -0.415273
-0.117110 -0.902127 -0.415273
-0.117110 -0.902127 -0.415273
-0.117110 -0.902127 -0.415273
-0.394063 -0.811110 -0.432221
-0.394063 -0.811110 -0.432221
-0.394063 -0.811110 -0.432221
-0.394063 -0.811110 -0.432221
-0.394063 -0.811110 -0.432221
-0.394063 -0.811110 -0.432221
-0.629822 -0.638588 -0.442187
-0.629822 -0.638588 -0.442187
-0.629822 -0.638588 -0.442187
-0.629822 -0.638588 -0.442187
-0.629822 -0.638588 -0.442187
-0.629822 -0.638588 -0.442187
-0.801569 -0.402717 -0.441936
-0.801569 -0.402717 -0.441936
-0.801568 -0.402717 -0.441936
-0.801569 -0.402717 -0.441936
-0.801569 -0.402717 -0.441936
-0.801569 -0.402717 -0.441936
-0.892044 -0.125462 -0.434185
-0.892044 -0.125462 -0.434185
-0.892044 -0.125462 -0.434185
-0.892044 -0.125462 -0.434185
-0.892044 -0.125462 -0.434185
-0.892044 -0.125462 -0.434185
-0.891637 0.166221 -0.421133
-0.891637 0.166221 -0.421133
-0.891637 0.166221 -0.421133
-0.891637 0.166221 -0.421133
-0.891637 0.166221 -0.421133
-0.891637 0.166221 -0.421133
-0.737878 0.422484 -0.526349
-0.737878 0.422484 -0.526349
-0.737878 0.422484 -0.526349
-0.737878 0.422484 -0.526349
-0.737878 0.422484 -0.526349
-0.737878 0.422484 -0.526349
-0.576894 0.641351 -0.505828
-0.576894 0.641351 -0.505828
-0.576894 0.641351 -0.505828
-0.576894 0.641351 -0.505828
-0.576894 0.641351 -0.505828
-0.576894 0.641351 -0.505828
-0.359145 0.797919 -0.484087
-0.359145 0.797919 -0.484087
-0.359145 0.797919 -0.484087
-0.359145 0.797919 -0.484087
-0.359145 0.797919 -0.484087
-0.359145 0.797919 -0.484087
-0.105643 0.882554 -0.458189
-0.105643 0.882554 -0.458189
-0.105643 0.882554 -0.458189
-0.105643 0.882554 -0.458189
-0.105643 0.882554 -0.458189
-0.105643 0.882554 -0.458189
0.164812 0.883347 -0.438789
0.164812 0.883347 -0.438789
0.164812 0.883347 -0.438789
0.164812 0.883347 -0.438789
0.164812 0.883347 -0.438789
0.164812 0.883347 -0.438789
0.424759 0.800585 -0.422662
0.424759 0.800585 -0.422662
0.424759 0.800585 -0.422662
0.424759 0.800585 -0.422662
0.424759 0.800585 -0.422662
0.424759 0.800585 -0.422662
0.650920 0.636543 -0.413662
0.650920 0.636543 -0.413662
0.650920 0.636543 -0.413662
0.650920 0.636543 -0.413662
0.650920 0.636543 -0.413662
0.650920 0.636543 -0.413662
0.817402 0.407338 -0.407343
0.817402 0.407338 -0.407343
0.817402 0.407339 -0.407343
0.817402 0.407338 -0.407343
0.817402 0.407338 -0.407343
0.817402 0.407338 -0.407343
0.902848 0.146025 -0.404404
0.902848 0.146025 -0.404404
0.902848 0.146025 -0.404404
0.902848 0.146025 -0.404404
0.902848 0.146025 -0.404404
0.902848 0.146025 -0.404404
0.899342 -0.123488 -0.419445
0.899342 -0.123488 -0.419445
0.899342 -0.123488 -0.419445
0.899342 -0.123488 -0.419445
0.899342 -0.123488 -0.419445
0.899342 -0.123488 -0.419445
0.811284 -0.380270 -0.444087
0.811284 -0.380270 -0.444087
0.811284 -0.380270 -0.444087
0.811284 -0.380270 -0.444087
0.811284 -0.380270 -0.444087
0.811284 -0.380270 -0.444087
0.648743 -0.597217 -0.471662
0.648743 -0.597217 -0.471662
0.648743 -0.597217 -0.471662
0.648743 -0.597217 -0.471662
0.648743 -0.597217 -0.471662
0.648743 -0.597217 -0.471662
0.430986 -0.753002 -0.497232
0.430986 -0.753002 -0.497232
0.430986 -0.753002 -0.497232
0.430986 -0.753002 -0.497232
0.430986 -0.753002 -0.497232
0.430986 -0.753002 -0.497232
0.172835 -0.837001 -0.519189
0.172835 -0.837001 -0.519189
0.172835 -0.837001 -0.519189
0.172835 -0.837001 -0.519189
0.172835 -0.837001 -0.519189
0.172835 -0.837001 -0.519189
-0.098519 -0.835674 -0.540317
-0.098519 -0.835674 -0.540317
-0.098519 -0.835674 -0.540317
-0.098519 -0.835674 -0.540317
-0.098519 -0.835674 -0.540317
-0.098519 -0.835674 -0.540317
-0.358227 -0.751527 -0.553968
-0.358227 -0.751527 -0.553968
-0.358227 -0.751527 -0.553968
-0.358227 -0.751527 -0.553968
-0.358227 -0.751527 -0.553968
-0.358227 -0.751527 -0.553968
-0.579911 -0.590702 -0.561048
-0.579911 -0.590702 -0.561048
-0.579911 -0.590702 -0.561048
-0.579911 -0.590702 -0.561048
-0.579911 -0.590702 -0.561048
-0.579911 -0.590702 -0.561048
-0.739304 -0.369313 -0.563061
-0.739304 -0.369313 -0.563061
-0.739304 -0.369313 -0.563061
-0.739304 -0.369313 -0.563061
-0.739304 -0.369313 -0.563061
-0.739304 -0.369313 -0.563061
-0.822686 -0.109404 -0.557870
-0.822686 -0.109404 -0.557870
-0.822686 -0.109404 -0.557870
-0.822686 -0.109404 -0.557870
-0.822686 -0.109404 -0.557870
-0.822686 -0.109404 -0.557870
-0.820626 0.163156 -0.547679
-0.820626 0.163156 -0.547679
-0.820626 0.163156 -0.547679
-0.820626 0.163156 -0.547679
-0.820626 0.163156 -0.547679
-0.820626 0.163156 -0.547679
-0.660069 0.392436 -0.640549
-0.660069 0.392436 -0.640549
-0.660069 0.392436 -0.640549
-0.660069 0.392436 -0.640549
-0.660069 0.392436 -0.640549
-0.660069 0.392436 -0.640549
-0.515041 0.592791 -0.619137
-0.515041 0.592791 -0.619137
-0.515041 0.592791 -0.619137
-0.515041 0.592791 -0.619137
-0.515041 0.592791 -0.619137
-0.515041 0.592791 -0.619137
-0.317492 0.736830 -0.596892
-0.317492 0.736830 -0.596892
-0.317492 0.736830 -0.596892
-0.317492 0.736830 -0.596892
-0.317492 0.736830 -0.596892
-0.317492 0.736830 -0.596892
-0.084465 0.812235 -0.577183
-0.084465 0.812235 -0.577183
-0.084465 0.812235 -0.577183
-0.084465 0.812235 -0.577183
-0.084465 0.812235 -0.577183
-0.084465 0.812235 -0.577183
0.162647 0.813809 -0.557908
0.162647 0.813809 -0.557908
0.162647 0.813809 -0.557908
0.162647 0.813809 -0.557908
0.162647 0.813809 -0.557908
0.162647 0.813809 -0.557908
0.399197 0.736448 -0.546156
0.399197 0.736448 -0.546156
0.399197 0.736448 -0.546156
0.399197 0.736448 -0.546156
0.399197 0.736448 -0.546156
0.399197 0.736448 -0.546156
0.603486 0.586562 -0.540139
0.603486 0.586562 -0.540139
0.603486 0.586562 -0.540139
0.603486 0.586562 -0.540139
0.603486 0.586562 -0.540139
0.603486 0.586562 -0.540139
0.755071 0.380668 -0.533817
0.755071 0.380668 -0.533817
0.755071 0.380668 -0.533817
0.755071 0.380668 -0.533817
0.755071 0.380668 -0.533817
0.755071 0.380668 -0.533817
0.832721 0.140928 -0.535458
0.832721 0.140928 -0.535458
0.832721 0.140928 -0.535458
0.832721 0.140928 -0.535458
0.832721 0.140928 -0.535458
0.832721 0.140928 -0.535458
0.830299 -0.107011 -0.546947
0.830299 -0.107011 -0.546947
0.830299 -0.107011 -0.546947
0.830299 -0.107011 -0.546947
0.830299 -0.107011 -0.546947
0.830299 -0.107011 -0.546947
0.749527 -0.341057 -0.567354
0.749527 -0.341057 -0.567354
0.749527 -0.341057 -0.567354
0.749527 -0.341057 -0.567354
0.749527 -0.341057 -0.567354
0.749526 -0.341057 -0.567354
0.603804 -0.539066 -0.587221
0.603804 -0.539066 -0.587221
0.603804 -0.539066 -0.587221
0.603804 -0.539066 -0.587221
0.603804 -0.539066 -0.587221
0.603804 -0.539066 -0.587221
0.404760 -0.680911 -0.610352
0.404760 -0.680911 -0.610352
0.404760 -0.680911 -0.610352
0.404760 -0.680911 -0.610352
0.404760 -0.680911 -0.610352
0.404760 -0.680911 -0.610352
0.169081 -0.755652 -0.632773
0.169081 -0.755652 -0.632773
0.169081 -0.755653 -0.632773
0.169081 -0.755652 -0.632773
0.169081 -0.755652 -0.632773
0.169081 -0.755652 -0.632773
-0.079244 -0.756232 -0.649488
-0.079244 -0.756231 -0.649488
-0.079244 -0.756232 -0.649488
-0.079244 -0.756231 -0.649488
-0.079244 -0.756232 -0.649488
-0.079244 -0.756232 -0.649488
-0.315961 -0.678729 -0.662944
-0.315961 -0.678729 -0.662944
-0.315961 -0.678729 -0.662944
-0.315961 -0.678729 -0.662944
-0.315961 -0.678729 -0.662944
-0.315961 -0.678729 -0.662944
-0.517562 -0.531280 -0.670724
-0.517562 -0.531280 -0.670724
-0.517562 -0.531280 -0.670724
-0.517562 -0.531280 -0.670724
-0.517562 -0.531280 -0.670724
-0.517562 -0.531280 -0.670724
-0.662020 -0.329268 -0.673285
-0.662020 -0.329268 -0.673285
-0.662020 -0.329268 -0.673285
-0.662020 -0.329268 -0.673285
-0.662020 -0.329268 -0.673285
-0.662020 -0.329268 -0.673285
-0.737590 -0.092015 -0.668950
-0.737590 -0.092015 -0.668950
-0.737590 -0.092015 -0.668950
-0.737590 -0.092015 -0.668950
-0.737590 -0.092015 -0.668950
-0.737590 -0.092015 -0.668950
-0.737723 0.156831 -0.656635
-0.737723 0.156831 -0.656635
-0.737723 0.156831 -0.656635
-0.737723 0.156831 -0.656635
-0.737723 0.156831 -0.656635
-0.737723 0.156831 -0.656635
-0.571882 0.356589 -0.738779
-0.571882 0.356589 -0.738779
-0.571882 0.356589 -0.738779
-0.571882 0.356589 -0.738779
-0.571882 0.356589 -0.738779
-0.571882 0.356589 -0.738780
-0.443597 0.533651 -0.720027
-0.443597 0.533651 -0.720027
-0.443597 0.533651 -0.720027
-0.443597 0.533651 -0.720027
-0.443597 0.533651 -0.720027
-0.443597 0.533651 -0.720027
-0.268889 0.661715 -0.699880
-0.268889 0.661715 -0.699880
-0.268889 0.661715 -0.699880
-0.268889 0.661715 -0.699880
-0.268889 0.661715 -0.699880
-0.268889 0.661715 -0.699880
-0.062532 0.728969 -0.681685
-0.062532 0.728969 -0.681685
-0.062532 0.728969 -0.681685
-0.062532 0.728969 -0.681685
-0.062532 0.728969 -0.681685
-0.062532 0.728969 -0.681685
0.156060 0.728606 -0.666918
0.156060 0.728606 -0.666918
0.156060 0.728606 -0.666918
0.156060 0.728606 -0.666918
0.156060 0.728606 -0.666918
0.156060 0.728606 -0.666918
0.365648 0.659637 -0.656644
0.365648 0.659637 -0.656644
0.365648 0.659637 -0.656644
0.365648 0.659637 -0.656644
0.365648 0.659637 -0.656644
0.365648 0.659637 -0.656644
0.545879 0.527627 -0.650866
0.545879 0.527627 -0.650866
0.545879 0.527627 -0.650866
0.545879 0.527627 -0.650866
0.545879 0.527627 -0.650866
0.545879 0.527627 -0.650866
0.677856 0.345534 -0.648936
0.677856 0.345534 -0.648936
0.677856 0.345534 -0.648936
0.677856 0.345534 -0.648936
0.677856 0.345534 -0.648936
0.677856 0.345534 -0.648936
0.746258 0.132990 -0.652236
0.746258 0.132990 -0.652236
0.746258 0.132990 -0.652236
0.746258 0.132990 -0.652236
0.746258 0.132990 -0.652236
0.746258 0.132990 -0.652236
0.744973 -0.087500 -0.661331
0.744973 -0.087500 -0.661331
0.744973 -0.087500 -0.661331
0.744973 -0.087500 -0.661331
0.744973 -0.087500 -0.661331
0.744973 -0.087500 -0.661331
0.675458 -0.294478 -0.676047
0.675458 -0.294478 -0.676047
0.675458 -0.294478 -0.676047
0.675458 -0.294478 -0.676047
0.675458 -0.294478 -0.676047
0.675458 -0.294478 -0.676047
0.547361 -0.469491 -0.692802
0.547361 -0.469491 -0.692802
0.547361 -0.469491 -0.692802
0.547361 -0.469491 -0.692802
0.547361 -0.469491 -0.692802
0.547361 -0.469491 -0.692802
0.371062 -0.595631 -0.712416
0.371062 -0.595631 -0.712416
0.371062 -0.595631 -0.712416
0.371062 -0.595631 -0.712416
0.371062 -0.595631 -0.712416
0.371062 -0.595631 -0.712416
0.162877 -0.662254 -0.731362
0.162877 -0.662254 -0.731362
0.162877 -0.662254 -0.731362
0.162877 -0.662254 -0.731362
0.162877 -0.662254 -0.731362
0.162877 -0.662254 -0.731362
-0.057118 -0.661692 -0.747597
-0.057118 -0.661692 -0.747597
-0.057118 -0.661692 -0.747597
-0.057118 -0.661692 -0.747597
-0.057118 -0.661692 -0.747597
-0.057118 -0.661692 -0.747597
-0.266390 -0.592891 -0.759945
-0.266390 -0.592891 -0.759945
-0.266390 -0.592891 -0.759945
-0.266390 -0.592891 -0.759945
-0.266390 -0.592891 -0.759945
-0.266390 -0.592891 -0.759945
-0.444255 -0.462277 -0.767423
-0.444255 -0.462277 -0.767423
-0.444255 -0.462277 -0.767423
-0.444255 -0.462277 -0.767423
-0.444255 -0.462277 -0.767423
-0.444255 -0.462277 -0.767423
-0.573729 -0.283692 -0.768345
-0.573729 -0.283692 -0.768345
-0.573729 -0.283692 -0.768345
-0.573729 -0.283692 -0.768345
-0.573729 -0.283692 -0.768345
-0.573729 -0.283692 -0.768345
-0.641216 -0.073179 -0.763863
-0.641216 -0.073179 -0.763863
-0.641216 -0.073179 -0.763863
-0.641216 -0.073179 -0.763863
-0.641216 -0.073179 -0.763863
-0.641216 -0.073179 -0.763863
-0.640576 0.147793 -0.753538
-0.640576 0.147793 -0.753538
-0.640576 0.147793 -0.753538
-0.640576 0.147793 -0.753538
-0.640576 0.147793 -0.753538
-0.640576 0.147793 -0.753538
-0.471822 0.314009 -0.823882
-0.471822 0.314010 -0.823882
-0.471822 0.314009 -0.823882
-0.471822 0.314010 -0.823882
-0.471822 0.314009 -0.823882
-0.471822 0.314009 -0.823882
-0.362066 0.463946 -0.808494
-0.362066 0.463946 -0.808494
-0.362066 0.463946 -0.808494
-0.362066 0.463946 -0.808494
-0.362066 0.463946 -0.808494
-0.362066 0.463946 -0.808494
-0.214314 0.572577 -0.791344
-0.214314 0.572577 -0.791344
-0.214314 0.572577 -0.791344
-0.214314 0.572577 -0.791344
-0.214314 0.572577 -0.791344
-0.214314 0.572577 -0.791344
-0.039025 0.629988 -0.775624
-0.039025 0.629988 -0.775624
-0.039025 0.629988 -0.775624
-0.039025 0.629988 -0.775624
-0.039025 0.629988 -0.775624
-0.039025 0.629988 -0.775624
0.145787 0.628312 -0.764179
0.145787 0.628312 -0.764179
0.145787 0.628312 -0.764179
0.145787 0.628312 -0.764179
0.145787 0.628312 -0.764179
0.145787 0.628312 -0.764179
0.323464 0.570269 -0.755092
0.323464 0.570269 -0.755092
0.323464 0.570269 -0.755092
0.323464 0.570269 -0.755092
0.323464 0.570269 -0.755092
0.323464 0.570269 -0.755092
0.476585 0.458312 -0.750211
0.476585 0.458312 -0.750211
0.476585 0.458312 -0.750211
0.476585 0.458312 -0.750211
0.476585 0.458312 -0.750211
0.476585 0.458312 -0.750211
0.588287 0.304170 -0.749265
0.588287 0.304170 -0.749265
0.588287 0.304170 -0.749265
0.588287 0.304170 -0.749265
0.588287 0.304170 -0.749265
0.588287 0.304170 -0.749265
0.646878 0.123849 -0.752469
0.646878 0.123849 -0.752470
0.646878 0.123849 -0.752470
0.646878 0.123849 -0.752470
0.646878 0.123849 -0.752469
0.646878 0.123849 -0.752469
0.646326 -0.064290 -0.760348
0.646326 -0.064290 -0.760348
0.646326 -0.064290 -0.760348
0.646326 -0.064290 -0.760348
0.646326 -0.064290 -0.760348
0.646326 -0.064290 -0.760348
0.588322 -0.241037 -0.771867
0.588322 -0.241037 -0.771867
0.588322 -0.241037 -0.771867
0.588322 -0.241037 -0.771867
0.588322 -0.241037 -0.771867
0.588322 -0.241037 -0.771867
0.479411 -0.390724 -0.785812
0.479411 -0.390724 -0.785812
0.479411 -0.390724 -0.785812
0.479411 -0.390724 -0.785812
0.479411 -0.390724 -0.785812
0.479411 -0.390724 -0.785812
0.329922 -0.498576 -0.801606
0.329922 -0.498576 -0.801606
0.329922 -0.498576 -0.801606
0.329922 -0.498576 -0.801606
0.329922 -0.498576 -0.801606
0.329922 -0.498576 -0.801606
0.152902 -0.555017 -0.817666
0.152902 -0.555017 -0.817666
0.152902 -0.555017 -0.817666
0.152902 -0.555017 -0.817666
0.152902 -0.555017 -0.817666
0.152902 -0.555017 -0.817666
-0.033139 -0.552886 -0.832598
-0.033139 -0.552886 -0.832598
-0.033139 -0.552886 -0.832598
-0.033139 -0.552886 -0.832598
-0.033139 -0.552886 -0.832598
-0.033139 -0.552886 -0.832598
-0.211511 -0.495146 -0.842671
-0.211511 -0.495146 -0.842671
-0.211511 -0.495146 -0.842671
-0.211511 -0.495146 -0.842671
-0.211511 -0.495146 -0.842671
-0.211511 -0.495146 -0.842671
-0.362315 -0.382825 -0.849808
-0.362315 -0.382825 -0.849808
-0.362315 -0.382825 -0.849808
-0.362315 -0.382825 -0.849808
-0.362315 -0.382825 -0.849808
-0.362315 -0.382825 -0.849808
-0.473003 -0.231046 -0.850227
-0.473003 -0.231046 -0.850227
-0.473003 -0.231046 -0.850227
-0.473003 -0.231046 -0.850227
-0.473003 -0.231046 -0.850227
-0.473003 -0.231046 -0.850227
-0.530627 -0.051375 -0.846047
-0.530627 -0.051375 -0.846047
-0.530627 -0.051375 -0.846047
-0.530627 -0.051375 -0.846047
-0.530627 -0.051375 -0.846047
-0.530627 -0.051375 -0.846047
-0.529558 0.136233 -0.837263
-0.529558 0.136233 -0.837263
-0.529558 0.136233 -0.837263
-0.529558 0.136233 -0.837263
-0.529558 0.136233 -0.837263
-0.529558 0.136233 -0.837263
-0.360533 0.262933 -0.894920
-0.360533 0.262933 -0.894920
-0.360533 0.262933 -0.894920
-0.360533 0.262933 -0.894920
-0.360533 0.262933 -0.894920
-0.360533 0.262933 -0.894920
-0.272923 0.382629 -0.882671
-0.272923 0.382629 -0.882671
-0.272923 0.382629 -0.882671
-0.272923 0.382629 -0.882671
-0.272923 0.382629 -0.882671
-0.272923 0.382629 -0.882671
-0.155384 0.469102 -0.869367
-0.155384 0.469102 -0.869367
-0.155384 0.469102 -0.869367
-0.155384 0.469102 -0.869367
-0.155384 0.469102 -0.869367
-0.155384 0.469102 -0.869367
-0.013908 0.512838 -0.858373
-0.013908 0.512838 -0.858373
-0.013908 0.512838 -0.858373
-0.013908 0.512838 -0.858373
-0.013908 0.512838 -0.858373
-0.013908 0.512838 -0.858373
0.132642 0.511787 -0.848811
0.132642 0.511787 -0.848811
0.132642 0.511787 -0.848811
0.132642 0.511787 -0.848811
0.132642 0.511787 -0.848811
0.132642 0.511787 -0.848811
0.274548 0.467320 -0.840378
0.274548 0.467320 -0.840378
0.274548 0.467320 -0.840378
0.274548 0.467320 -0.840378
0.274548 0.467320 -0.840378
0.274548 0.467320 -0.840378
0.397221 0.378091 -0.836219
0.397221 0.378091 -0.836219
0.397221 0.378091 -0.836219
0.397221 0.378091 -0.836219
0.397221 0.378091 -0.836219
0.397221 0.378091 -0.836219
0.485882 0.255758 -0.835767
0.485882 0.255758 -0.835767
0.485882 0.255758 -0.835767
0.485882 0.255758 -0.835767
0.485882 0.255758 -0.835767
0.485882 0.255758 -0.835767
0.533101 0.111037 -0.838734
0.533101 0.111037 -0.838734
0.533101 0.111037 -0.838734
0.533101 0.111037 -0.838734
0.533101 0.111037 -0.838734
0.533101 0.111037 -0.838734
0.534287 -0.039540 -0.844378
0.534287 -0.039540 -0.844378
0.534287 -0.039540 -0.844378
0.534287 -0.039540 -0.844378
0.534287 -0.039540 -0.844378
0.534287 -0.039540 -0.844378
0.491216 -0.182968 -0.851604
0.491216 -0.182968 -0.851604
0.491216 -0.182968 -0.851604
0.491216 -0.182968 -0.851604
0.491216 -0.182968 -0.851604
0.491216 -0.182968 -0.851604
0.402369 -0.302577 -0.864029
0.402369 -0.302577 -0.864029
0.402369 -0.302577 -0.864029
0.402369 -0.302577 -0.864029
0.402369 -0.302577 -0.864029
0.402369 -0.302577 -0.864029
0.282389 -0.387053 -0.877751
0.282389 -0.387053 -0.877751
0.282389 -0.387053 -0.877751
0.282389 -0.387053 -0.877751
0.282389 -0.387053 -0.877751
0.282389 -0.387053 -0.877751
0.140860 -0.431607 -0.890996
0.140860 -0.431607 -0.890996
0.140860 -0.431607 -0.890996
0.140860 -0.431607 -0.890996
0.140860 -0.431607 -0.890996
0.140860 -0.431607 -0.890996
-0.007220 -0.432518 -0.901597
-0.007220 -0.432518 -0.901597
-0.007220 -0.432518 -0.901596
-0.007220 -0.432518 -0.901597
-0.007220 -0.432518 -0.901597
-0.007220 -0.432518 -0.901596
-0.150082 -0.384537 -0.910828
-0.150082 -0.384537 -0.910828
-0.150082 -0.384537 -0.910828
-0.150082 -0.384537 -0.910828
-0.150082 -0.384537 -0.910828
-0.150082 -0.384537 -0.910828
-0.272145 -0.296010 -0.915595
-0.272145 -0.296010 -0.915595
-0.272145 -0.296010 -0.915595
-0.272145 -0.296010 -0.915595
-0.272145 -0.296010 -0.915595
-0.272145 -0.296010 -0.915595
-0.361582 -0.174636 -0.915839
-0.361582 -0.174636 -0.915839
-0.361582 -0.174636 -0.915839
-0.361582 -0.174636 -0.915839
-0.361582 -0.174636 -0.915839
-0.361582 -0.174636 -0.915839
-0.406714 -0.029530 -0.913078
-0.406714 -0.029530 -0.913078
-0.406714 -0.029530 -0.913078
-0.406714 -0.029530 -0.913078
-0.406714 -0.029530 -0.913078
-0.406714 -0.029530 -0.913078
-0.405877 0.119670 -0.906059
-0.405877 0.119670 -0.906059
-0.405877 0.119670 -0.906059
-0.405877 0.119670 -0.906059
-0.405877 0.119670 -0.906059
-0.405877 0.119670 -0.906059
-0.237841 0.202849 -0.949886
-0.237841 0.202849 -0.949887
-0.237841 0.202849 -0.949887
-0.237841 0.202849 -0.949887
-0.237841 0.202849 -0.949886
-0.237841 0.202849 -0.949886
-0.176885 0.289734 -0.940620
-0.176885 0.289734 -0.940620
-0.176885 0.289734 -0.940620
-0.176885 0.289734 -0.940620
-0.176885 0.289734 -0.940620
-0.176885 0.289734 -0.940620
-0.090831 0.351193 -0.931887
-0.090831 0.351193 -0.931887
-0.090831 0.351193 -0.931887
-0.090831 0.351193 -0.931887
-0.090831 0.351193 -0.931887
-0.090831 0.351193 -0.931887
0.010733 0.384245 -0.923169
0.010733 0.384245 -0.923169
0.010733 0.384245 -0.923169
0.010733 0.384245 -0.923169
0.010733 0.384245 -0.923169
0.010733 0.384245 -0.923169
0.117556 0.384367 -0.915665
0.117556 0.384367 -0.915665
0.117556 0.384367 -0.915665
0.117556 0.384367 -0.915665
0.117556 0.384367 -0.915665
0.117556 0.384367 -0.915665
0.219171 0.349400 -0.910980
0.219171 0.349400 -0.910980
0.219171 0.349400 -0.910980
0.219171 0.349400 -0.910980
0.219171 0.349400 -0.910980
0.219171 0.349400 -0.910980
0.308009 0.285904 -0.907408
0.308009 0.285904 -0.907408
0.308009 0.285904 -0.907408
0.308009 0.285904 -0.907408
0.308009 0.285904 -0.907408
0.308009 0.285904 -0.907408
0.371900 0.198159 -0.906876
0.371900 0.198159 -0.906876
0.371900 0.198159 -0.906876
0.371900 0.198159 -0.906876
0.371900 0.198159 -0.906876
0.371900 0.198159 -0.906876
0.406409 0.093654 -0.908879
0.406409 0.093654 -0.908879
0.406409 0.093654 -0.908879
0.406409 0.093654 -0.908879
0.406409 0.093654 -0.908879
0.406409 0.093654 -0.908879
0.408356 -0.014773 -0.912703
0.408356 -0.014773 -0.912704
0.408355 -0.014773 -0.912703
0.408356 -0.014773 -0.912704
0.408356 -0.014773 -0.912703
0.408355 -0.014773 -0.912703
0.375389 -0.116841 -0.919473
0.375389 -0.116841 -0.919473
0.375389 -0.116841 -0.919473
0.375389 -0.116841 -0.919473
0.375389 -0.116841 -0.919473
0.375389 -0.116841 -0.919473
0.312932 -0.202913 -0.927847
0.312932 -0.202913 -0.927847
0.312932 -0.202913 -0.927847
0.312932 -0.202913 -0.927847
0.312932 -0.202913 -0.927847
0.312932 -0.202913 -0.927847
0.227238 -0.264794 -0.937148
0.227238 -0.264794 -0.937148
0.227238 -0.264794 -0.937148
0.227238 -0.264794 -0.937148
0.227238 -0.264794 -0.937148
0.227238 -0.264794 -0.937148
0.125360 -0.297351 -0.946503
0.125360 -0.297351 -0.946503
0.125360 -0.297351 -0.946503
0.125360 -0.297351 -0.946503
0.125360 -0.297351 -0.946503
0.125360 -0.297351 -0.946503
0.018403 -0.298514 -0.954228
0.018403 -0.298514 -0.954228
0.018403 -0.298514 -0.954228
0.018403 -0.298514 -0.954228
0.018403 -0.298514 -0.954228
0.018403 -0.298514 -0.954228
-0.085394 -0.264628 -0.960562
-0.085394 -0.264628 -0.960562
-0.085394 -0.264628 -0.960562
-0.085394 -0.264628 -0.960562
-0.085394 -0.264628 -0.960562
-0.085394 -0.264628 -0.960562
-0.173219 -0.201216 -0.964110
-0.173219 -0.201216 -0.964110
-0.173219 -0.201216 -0.964110
-0.173219 -0.201216 -0.964110
-0.173219 -0.201216 -0.964110
-0.173219 -0.201216 -0.964110
-0.236180 -0.112104 -0.965221
-0.236180 -0.112105 -0.965221
-0.236180 -0.112104 -0.965221
-0.236180 -0.112104 -0.965221
-0.236180 -0.112105 -0.965221
-0.236180 -0.112104 -0.965221
-0.270495 -0.008361 -0.962685
-0.270495 -0.008361 -0.962685
-0.270495 -0.008361 -0.962685
-0.270495 -0.008361 -0.962685
-0.270495 -0.008361 -0.962685
-0.270495 -0.008361 -0.962685
-0.272312 0.099609 -0.957039
-0.272312 0.099609 -0.957039
-0.272312 0.099609 -0.957039
-0.272312 0.099609 -0.957039
-0.272312 0.099609 -0.957039
-0.272312 0.099609 -0.957039
-0.114618 0.141403 -0.983294
-0.114618 0.141403 -0.983294
-0.114618 0.141403 -0.983294
-0.114618 0.141403 -0.983294
-0.114618 0.141403 -0.983294
-0.114618 0.141403 -0.983294
-0.077461 0.192702 -0.978195
-0.077461 0.192702 -0.978195
-0.077461 0.192702 -0.978195
-0.077461 0.192702 -0.978195
-0.077461 0.192702 -0.978195
-0.077461 0.192702 -0.978195
-0.025235 0.230842 -0.972664
-0.025235 0.230842 -0.972664
-0.025235 0.230842 -0.972664
-0.025235 0.230842 -0.972664
-0.025235 0.230842 -0.972664
-0.025235 0.230842 -0.972664
0.034988 0.251012 -0.967351
0.034988 0.251012 -0.967351
0.034988 0.251012 -0.967351
0.034988 0.251012 -0.967351
0.034988 0.251012 -0.967351
0.034988 0.251012 -0.967351
0.100696 0.251278 -0.962663
0.100696 0.251278 -0.962663
0.100696 0.251278 -0.962663
0.100696 0.251278 -0.962663
0.100696 0.251278 -0.962663
0.100696 0.251278 -0.962663
0.162494 0.230473 -0.959415
0.162494 0.230473 -0.959415
0.162494 0.230473 -0.959415
0.162494 0.230473 -0.959415
0.162494 0.230473 -0.959415
0.162494 0.230473 -0.959415
0.215476 0.190958 -0.957656
0.215476 0.190958 -0.957656
0.215476 0.190958 -0.957656
0.215476 0.190958 -0.957656
0.215476 0.190958 -0.957656
0.215476 0.190958 -0.957656
0.254605 0.137896 -0.957163
0.254605 0.137896 -0.957163
0.254605 0.137896 -0.957163
0.254605 0.137896 -0.957163
0.254605 0.137896 -0.957163
0.254605 0.137896 -0.957163
0.276097 0.075319 -0.958174
0.276097 0.075319 -0.958174
0.276097 0.075319 -0.958174
0.276097 0.075319 -0.958174
0.276097 0.075319 -0.958174
0.276097 0.075319 -0.958174
0.276080 0.009685 -0.961086
0.276080 0.009685 -0.961086
0.276080 0.009685 -0.961086
0.276080 0.009685 -0.961086
0.276080 0.009685 -0.961086
0.276080 0.009685 -0.961086
0.255856 -0.051395 -0.965348
0.255856 -0.051395 -0.965348
0.255856 -0.051395 -0.965348
0.255856 -0.051395 -0.965348
0.255856 -0.051395 -0.965348
0.255856 -0.051395 -0.965348
0.218977 -0.103295 -0.970247
0.218977 -0.103295 -0.970247
0.218977 -0.103295 -0.970247
0.218977 -0.103295 -0.970247
0.218977 -0.103295 -0.970247
0.218977 -0.103295 -0.970247
0.167220 -0.141688 -0.975685
0.167220 -0.141688 -0.975685
0.167220 -0.141688 -0.975685
0.167220 -0.141688 -0.975685
0.167220 -0.141688 -0.975685
0.167220 -0.141688 -0.975685
0.105610 -0.161800 -0.981156
0.105610 -0.161800 -0.981156
0.105610 -0.161800 -0.981156
0.105610 -0.161800 -0.981156
0.105610 -0.161800 -0.981156
0.105610 -0.161800 -0.981156
0.041033 -0.160881 -0.986120
0.041033 -0.160881 -0.986120
0.041033 -0.160881 -0.986120
0.041033 -0.160881 -0.986120
0.041033 -0.160881 -0.986120
0.041033 -0.160881 -0.986120
-0.021117 -0.140775 -0.989816
-0.021117 -0.140775 -0.989816
-0.021117 -0.140775 -0.989816
-0.021117 -0.140775 -0.989816
-0.021117 -0.140775 -0.989816
-0.021117 -0.140775 -0.989816
-0.074053 -0.102686 -0.991954
-0.074053 -0.102686 -0.991954
-0.074053 -0.102686 -0.991953
-0.074053 -0.102686 -0.991954
-0.074053 -0.102686 -0.991954
-0.074053 -0.102686 -0.991954
-0.112985 -0.049267 -0.992375
-0.112985 -0.049267 -0.992374
-0.112985 -0.049267 -0.992375
-0.112985 -0.049267 -0.992374
-0.112985 -0.049267 -0.992375
-0.112985 -0.049267 -0.992375
-0.134079 0.012963 -0.990886
-0.134079 0.012963 -0.990886
-0.134079 0.012963 -0.990886
-0.134079 0.012963 -0.990886
-0.134079 0.012963 -0.990886
-0.134079 0.012963 -0.990886
-0.134384 0.078928 -0.987781
-0.134384 0.078928 -0.987781
-0.134384 0.078928 -0.987781
-0.134384 0.078928 -0.987781
-0.134384 0.078928 -0.987781
-0.134384 0.078928 -0.987781
0.421642 0.035391 0.906071
0.421642 0.035391 0.906071
0.421642 0.035391 0.906071
0.421642 0.035391 0.906071
0.421642 0.035391 0.906071
0.421642 0.035391 0.906071
0.373408 0.181475 0.909744
0.373408 0.181475 0.909744
0.373408 0.181475 0.909744
0.373408 0.181475 0.909744
0.373408 0.181475 0.909744
0.373408 0.181475 0.909744
0.282284 0.305866 0.909264
0.282284 0.305866 0.909264
0.282284 0.305867 0.909264
0.282284 0.305866 0.909264
0.282284 0.305866 0.909264
0.282284 0.305867 0.909264
0.157014 0.396237 0.904623
0.157014 0.396237 0.904623
0.157014 0.396237 0.904623
0.157014 0.396237 0.904623
0.157014 0.396237 0.904623
0.157014 0.396237 0.904623
0.010340 0.443816 0.896058
0.010340 0.443817 0.896058
0.010340 0.443816 0.896058
0.010340 0.443817 0.896058
0.010340 0.443816 0.896058
0.010340 0.443816 0.896058
-0.143767 0.443273 0.884783
-0.143767 0.443273 0.884783
-0.143767 0.443273 0.884783
-0.143767 0.443273 0.884783
-0.143767 0.443273 0.884783
-0.143767 0.443273 0.884783
-0.289594 0.395098 0.871799
-0.289594 0.395098 0.871799
-0.289594 0.395098 0.871799
-0.289594 0.395098 0.871799
-0.289594 0.395098 0.871799
-0.289594 0.395098 0.871799
-0.411595 0.307176 0.858040
-0.411595 0.307176 0.858040
-0.411595 0.307176 0.858040
-0.411595 0.307176 0.858040
-0.411595 0.307176 0.858040
-0.411595 0.307176 0.858040
-0.502007 0.185795 0.844671
-0.502007 0.185795 0.844671
-0.502007 0.185795 0.844672
-0.502007 0.185795 0.844671
-0.502007 0.185795 0.844671
-0.502007 0.185795 0.844671
-0.549945 0.042151 0.834137
-0.549945 0.042151 0.834137
-0.549945 0.042151 0.834137
-0.549945 0.042151 0.834137
-0.549945 0.042151 0.834137
-0.549945 0.042151 0.834137
-0.551637 -0.111965 0.826535
-0.551637 -0.111965 0.826535
-0.551637 -0.111965 0.826535
-0.551637 -0.111965 0.826535
-0.551637 -0.111965 0.826535
-0.551637 -0.111965 0.826535
-0.502672 -0.264056 0.823162
-0.502672 -0.264056 0.823162
-0.502672 -0.264055 0.823162
-0.502672 -0.264056 0.823162
-0.502672 -0.264056 0.823162
-0.502672 -0.264056 0.823162
-0.411376 -0.387924 0.824794
-0.411376 -0.387924 0.824794
-0.411376 -0.387924 0.824794
-0.411376 -0.387924 0.824794
-0.411376 -0.387924 0.824794
-0.411376 -0.387924 0.824794
-0.286780 -0.478882 0.829717
-0.286780 -0.478882 0.829717
-0.286780 -0.478882 0.829717
-0.286780 -0.478882 0.829717
-0.286780 -0.478882 0.829717
-0.286780 -0.478882 0.829717
-0.140336 -0.527664 0.837781
-0.140336 -0.527664 0.837781
-0.140336 -0.527664 0.837781
-0.140336 -0.527664 0.837781
-0.140336 -0.527664 0.837781
-0.140336 -0.527664 0.837781
0.013941 -0.528029 0.849112
0.013941 -0.528029 0.849112
0.013941 -0.528029 0.849112
0.013941 -0.528029 0.849112
0.013941 -0.528029 0.849112
0.013941 -0.528029 0.849112
0.160639 -0.480537 0.862137
0.160639 -0.480537 0.862136
0.160639 -0.480537 0.862137
0.160639 -0.480537 0.862137
0.160639 -0.480537 0.862136
0.160639 -0.480537 0.862137
0.284791 -0.390620 0.875391
0.284791 -0.390620 0.875391
0.284791 -0.390620 0.875391
0.284791 -0.390620 0.875391
0.284791 -0.390620 0.875391
0.284791 -0.390620 0.875391
0.375051 -0.265754 0.888094
0.375051 -0.265754 0.888094
0.375051 -0.265754 0.888094
0.375051 -0.265754 0.888094
0.375051 -0.265754 0.888094
0.375051 -0.265754 0.888094
0.422400 -0.119203 0.898537
0.422400 -0.119203 0.898537
0.422400 -0.119203 0.898537
0.422400 -0.119203 0.898537
0.422400 -0.119203 0.898537
0.422400 -0.119203 0.898537
-0.006853 -0.057797 0.998305
-0.006853 -0.057797 0.998305
-0.006853 -0.057797 0.998305
-0.013200 -0.077502 0.996905
-0.013200 -0.077502 0.996905
-0.013200 -0.077502 0.996905
-0.024957 -0.093765 0.995282
-0.024957 -0.093765 0.995281
-0.024957 -0.093765 0.995281
-0.042119 -0.106213 0.993451
-0.042119 -0.106213 0.993451
-0.042119 -0.106213 0.993451
-0.062471 -0.112813 0.991651
-0.062471 -0.112813 0.991650
-0.062471 -0.112813 0.991650
-0.083864 -0.112765 0.990076
-0.083864 -0.112765 0.990076
-0.083864 -0.112765 0.990076
-0.103605 -0.106307 0.988921
-0.103605 -0.106307 0.988921
-0.103605 -0.106307 0.988921
-0.120019 -0.094356 0.988278
-0.120019 -0.094356 0.988278
-0.120019 -0.094356 0.988278
-0.133523 -0.075662 0.988153
-0.133523 -0.075662 0.988153
-0.133523 -0.075662 0.988153
-0.140037 -0.055373 0.988597
-0.140037 -0.055373 0.988597
-0.140037 -0.055373 0.988597
-0.140068 -0.034857 0.989528
-0.140068 -0.034857 0.989528
-0.140068 -0.034857 0.989528
-0.133081 -0.013268 0.991016
-0.133081 -0.013268 0.991016
-0.133081 -0.013268 0.991016
-0.121525 0.002725 0.992585
-0.121525 0.002725 0.992585
-0.121525 0.002725 0.992585
-0.103988 0.015427 0.994459
-0.103988 0.015427 0.994459
-0.103988 0.015427 0.994459
-0.084763 0.021621 0.996166
-0.084763 0.021621 0.996167
-0.084763 0.021621 0.996167
-0.062123 0.021574 0.997835
-0.062123 0.021574 0.997835
-0.062123 0.021574 0.997835
-0.043188 0.015363 0.998949
-0.043188 0.015363 0.998949
-0.043188 0.015363 0.998949
-0.025811 0.002704 0.999663
-0.025811 0.002704 0.999663
-0.025811 0.002704 0.999663
-0.013928 -0.013647 0.999810
-0.013928 -0.013647 0.999810
-0.013928 -0.013647 0.999810
-0.006907 -0.035175 0.999357
-0.006907 -0.035175 0.999357
-0.006907 -0.035175 0.999357
0.113502 -0.076146 0.990615
0.113502 -0.076146 0.990616
0.113502 -0.076146 0.990616
0.113502 -0.076146 0.990616
0.113502 -0.076146 0.990615
0.113502 -0.076146 0.990616
0.095437 -0.131447 0.986719
0.095437 -0.131447 0.986719
0.095437 -0.131447 0.986719
0.095437 -0.131447 0.986719
0.095437 -0.131447 0.986719
0.095437 -0.131447 0.986719
0.061008 -0.178928 0.981969
0.061008 -0.178928 0.981969
0.061008 -0.178928 0.981969
0.061008 -0.178928 0.981969
0.061008 -0.178928 0.981969
0.061008 -0.178928 0.981969
0.013719 -0.213753 0.976791
0.013719 -0.213753 0.976792
0.013719 -0.213753 0.976792
0.013719 -0.213753 0.976792
0.013719 -0.213753 0.976791
0.013719 -0.213753 0.976792
-0.041785 -0.231847 0.971854
-0.041785 -0.231847 0.971854
-0.041785 -0.231847 0.971854
-0.041785 -0.231847 0.971854
-0.041785 -0.231847 0.971854
-0.041785 -0.231847 0.971854
-0.101273 -0.231658 0.967512
-0.101273 -0.231658 0.967512
-0.101273 -0.231658 0.967512
-0.101273 -0.231658 0.967512
-0.101273 -0.231658 0.967512
-0.101273 -0.231658 0.967512
-0.156811 -0.213288 0.964323
-0.156811 -0.213288 0.964323
-0.156811 -0.213288 0.964323
-0.156811 -0.213288 0.964323
-0.156811 -0.213288 0.964323
-0.156811 -0.213288 0.964323
-0.204499 -0.178421 0.962469
-0.204499 -0.178421 0.962469
-0.204499 -0.178421 0.962469
-0.204499 -0.178421 0.962469
-0.204499 -0.178421 0.962469
-0.204499 -0.178421 0.962469
-0.239550 -0.129965 0.962146
-0.239550 -0.129965 0.962146
-0.239550 -0.129965 0.962146
-0.239550 -0.129965 0.962146
-0.239550 -0.129965 0.962146
-0.239550 -0.129965 0.962146
-0.258007 -0.073224 0.963364
-0.258007 -0.073224 0.963364
-0.258007 -0.073224 0.963364
-0.258007 -0.073224 0.963364
-0.258007 -0.073224 0.963364
-0.258007 -0.073224 0.963364
-0.258640 -0.014404 0.965866
-0.258640 -0.014404 0.965866
-0.258640 -0.014404 0.965866
-0.258640 -0.014404 0.965866
-0.258640 -0.014404 0.965866
-0.258640 -0.014404 0.965866
-0.240425 0.042040 0.969757
-0.240425 0.042040 0.969757
-0.240425 0.042040 0.969757
-0.240425 0.042040 0.969757
-0.240425 0.042040 0.969757
-0.240425 0.042040 0.969757
-0.205846 0.089565 0.974477
-0.205846 0.089565 0.974477
-0.205846 0.089565 0.974477
-0.205846 0.089565 0.974477
-0.205846 0.089565 0.974477
-0.205846 0.089565 0.974477
-0.158308 0.124040 0.979568
-0.158308 0.124040 0.979568
-0.158308 0.124040 0.979568
-0.158308 0.124040 0.979568
-0.158308 0.124040 0.979568
-0.158308 0.124040 0.979568
-0.102627 0.141946 0.984540
-0.102627 0.141946 0.984540
-0.102627 0.141946 0.984540
-0.102627 0.141946 0.984540
-0.102627 0.141946 0.984540
-0.102627 0.141946 0.984540
-0.043456 0.141582 0.988972
-0.043456 0.141582 0.988972
-0.043456 0.141582 0.988972
-0.043456 0.141582 0.988972
-0.043456 0.141582 0.988972
-0.043456 0.141582 0.988972
0.012323 0.122822 0.992352
0.012323 0.122822 0.992352
0.012323 0.122822 0.992352
0.012323 0.122822 0.992352
0.012323 0.122822 0.992352
0.012323 0.122822 0.992352
0.060162 0.088006 0.994301
0.060162 0.088006 0.994301
0.060162 0.088006 0.994301
0.060162 0.088006 0.994301
0.060162 0.088006 0.994301
0.060162 0.088006 0.994302
0.094797 0.040870 0.994657
0.094797 0.040870 0.994657
0.094797 0.040870 0.994657
0.094797 0.040870 0.994657
0.094797 0.040870 0.994657
0.094797 0.040870 0.994657
0.113506 -0.015969 0.993409
0.113506 -0.015969 0.993409
0.113506 -0.015969 0.993409
0.113506 -0.015969 0.993409
0.113506 -0.015969 0.993409
0.113506 -0.015969 0.993409
0.217336 -0.091150 0.971832
0.217336 -0.091150 0.971832
0.217336 -0.091150 0.971832
0.217336 -0.091150 0.971832
0.217336 -0.091150 0.971832
0.217336 -0.091150 0.971832
0.189504 -0.177266 0.965746
0.189504 -0.177266 0.965746
0.189504 -0.177266 0.965746
0.189504 -0.177266 0.965746
0.189504 -0.177266 0.965746
0.189504 -0.177266 0.965746
0.135858 -0.251103 0.958379
0.135858 -0.251103 0.958379
0.135858 -0.251103 0.958379
0.135858 -0.251103 0.958379
0.135858 -0.251103 0.958379
0.135858 -0.251103 0.958379
0.062139 -0.304368 0.950526
0.062139 -0.304368 0.950526
0.062139 -0.304368 0.950526
0.062139 -0.304368 0.950526
0.062139 -0.304368 0.950526
0.062139 -0.304368 0.950526
-0.023746 -0.332260 0.942889
-0.023746 -0.332260 0.942889
-0.023746 -0.332260 0.942889
-0.023746 -0.332260 0.942889
-0.023746 -0.332260 0.942889
-0.023746 -0.332260 0.942889
-0.115166 -0.332213 0.936147
-0.115166 -0.332213 0.936147
-0.115166 -0.332213 0.936147
-0.115166 -0.332213 0.936147
-0.115166 -0.332213 0.936147
-0.115166 -0.332213 0.936147
-0.201714 -0.304020 0.931066
-0.201714 -0.304020 0.931066
-0.201714 -0.304020 0.931066
-0.201714 -0.304020 0.931066
-0.201714 -0.304020 0.931066
-0.201714 -0.304020 0.931066
-0.274550 -0.250051 0.928492
-0.274550 -0.250051 0.928492
-0.274550 -0.250051 0.928492
-0.274550 -0.250051 0.928492
-0.274550 -0.250051 0.928492
-0.274550 -0.250051 0.928492
-0.325951 -0.176024 0.928855
-0.325951 -0.176024 0.928855
-0.325951 -0.176024 0.928855
-0.325951 -0.176024 0.928855
-0.325951 -0.176024 0.928855
-0.325951 -0.176024 0.928855
-0.356307 -0.084240 0.930564
-0.356307 -0.084240 0.930564
-0.356307 -0.084240 0.930564
-0.356307 -0.084240 0.930564
-0.356307 -0.084240 0.930564
-0.356307 -0.084240 0.930564
-0.358252 0.004402 0.933614
-0.358252 0.004402 0.933614
-0.358252 0.004402 0.933614
-0.358252 0.004402 0.933614
-0.358252 0.004402 0.933614
-0.358252 0.004402 0.933614
-0.330769 0.090454 0.939367
-0.330769 0.090454 0.939367
-0.330769 0.090454 0.939367
-0.330769 0.090454 0.939367
-0.330769 0.090454 0.939367
-0.330769 0.090454 0.939367
-0.277383 0.164134 0.946635
-0.277383 0.164134 0.946635
-0.277383 0.164134 0.946635
-0.277383 0.164134 0.946635
-0.277383 0.164134 0.946635
-0.277383 0.164134 0.946635
-0.204373 0.216628 0.954622
-0.204373 0.216628 0.954622
-0.204373 0.216628 0.954622
-0.204373 0.216628 0.954622
-0.204373 0.216628 0.954622
-0.204373 0.216628 0.954622
-0.117394 0.244168 0.962601
-0.117394 0.244168 0.962601
-0.117394 0.244168 0.962601
-0.117394 0.244168 0.962601
-0.117394 0.244168 0.962601
-0.117394 0.244168 0.962601
-0.026551 0.243877 0.969443
-0.026551 0.243877 0.969443
-0.026551 0.243877 0.969443
-0.026551 0.243877 0.969443
-0.026551 0.243877 0.969443
-0.026551 0.243877 0.969443
0.060568 0.215570 0.974608
0.060568 0.215570 0.974608
0.060568 0.215570 0.974608
0.060568 0.215570 0.974608
0.060568 0.215570 0.974608
0.060568 0.215570 0.974608
0.134458 0.161889 0.977606
0.134458 0.161889 0.977606
0.134458 0.161889 0.977606
0.134458 0.161889 0.977606
0.134458 0.161889 0.977606
0.134458 0.161889 0.977606
0.188482 0.088125 0.978115
0.188482 0.088125 0.978115
0.188482 0.088125 0.978115
0.188482 0.088125 0.978115
0.188482 0.088125 0.978115
0.188482 0.088125 0.978115
0.217167 0.001254 0.976134
0.217167 0.001254 0.976134
0.217167 0.001254 0.976134
0.217167 0.001254 0.976134
0.217167 0.001254 0.976134
0.217167 0.001254 0.976134
0.326292 -0.106242 0.939280
0.326292 -0.106242 0.939280
0.326292 -0.106242 0.939280
0.326292 -0.106242 0.939280
0.326292 -0.106242 0.939280
0.326292 -0.106242 0.939280
0.287923 -0.224746 0.930908
0.287923 -0.224746 0.930908
0.287923 -0.224746 0.930908
0.287923 -0.224746 0.930908
0.287923 -0.224746 0.930908
0.287923 -0.224746 0.930908
0.215043 -0.325705 0.920692
0.215043 -0.325705 0.920691
0.215043 -0.325705 0.920692
0.215043 -0.325705 0.920691
0.215043 -0.325705 0.920692
0.215043 -0.325705 0.920691
0.114236 -0.398891 0.909855
0.114236 -0.398891 0.909855
0.114236 -0.398891 0.909855
0.114236 -0.398891 0.909855
0.114236 -0.398891 0.909855
0.114236 -0.398891 0.909855
-0.003953 -0.436843 0.899529
-0.003953 -0.436843 0.899529
-0.003953 -0.436843 0.899529
-0.003953 -0.436843 0.899529
-0.003953 -0.436843 0.899529
-0.003953 -0.436843 0.899529
-0.129051 -0.436501 0.890401
-0.129051 -0.436501 0.890401
-0.129051 -0.436501 0.890401
-0.129051 -0.436501 0.890401
-0.129051 -0.436501 0.890401
-0.129051 -0.436501 0.890401
-0.247937 -0.397773 0.883348
-0.247937 -0.397773 0.883348
-0.247937 -0.397773 0.883348
-0.247937 -0.397773 0.883348
-0.247937 -0.397773 0.883348
-0.247937 -0.397773 0.883348
-0.348821 -0.325245 0.878942
-0.348820 -0.325245 0.878942
-0.348820 -0.325245 0.878942
-0.348820 -0.325245 0.878942
-0.348821 -0.325245 0.878942
-0.348821 -0.325245 0.878942
-0.422856 -0.225465 0.877700
-0.422856 -0.225465 0.877700
-0.422856 -0.225465 0.877700
-0.422856 -0.225465 0.877700
-0.422856 -0.225465 0.877700
-0.422856 -0.225465 0.877700
-0.463361 -0.098428 0.880687
-0.463361 -0.098428 0.880687
-0.463361 -0.098428 0.880687
-0.463361 -0.098428 0.880687
-0.463361 -0.098428 0.880687
-0.463361 -0.098428 0.880687
-0.462206 0.024631 0.886431
-0.462206 0.024631 0.886431
-0.462206 0.024631 0.886431
-0.462206 0.024631 0.886431
-0.462206 0.024631 0.886431
-0.462206 0.024631 0.886431
-0.424077 0.142030 0.894420
-0.424077 0.142030 0.894420
-0.424077 0.142030 0.894420
-0.424077 0.142030 0.894420
-0.424077 0.142030 0.894420
-0.424077 0.142030 0.894420
-0.350926 0.241904 0.904618
-0.350926 0.241904 0.904618
-0.350926 0.241904 0.904618
-0.350926 0.241904 0.904618
-0.350926 0.241904 0.904618
-0.350926 0.241904 0.904618
-0.251714 0.313574 0.915593
-0.251714 0.313574 0.915593
-0.251714 0.313574 0.915593
-0.251714 0.313574 0.915593
-0.251714 0.313574 0.915593
-0.251714 0.313574 0.915593
-0.132574 0.351969 0.926576
-0.132574 0.351969 0.926575
-0.132574 0.351969 0.926576
-0.132574 0.351969 0.926575
-0.132574 0.351969 0.926576
-0.132574 0.351969 0.926576
-0.007238 0.351343 0.936219
-0.007238 0.351343 0.936219
-0.007238 0.351343 0.936219
-0.007238 0.351343 0.936219
-0.007238 0.351343 0.936219
-0.007238 0.351343 0.936219
0.111814 0.312348 0.943364
0.111814 0.312348 0.943364
0.111814 0.312348 0.943364
0.111814 0.312348 0.943364
0.111814 0.312348 0.943364
0.111814 0.312348 0.943364
0.212891 0.239049 0.947382
0.212891 0.239049 0.947382
0.212891 0.239049 0.947382
0.212891 0.239049 0.947382
0.212891 0.239049 0.947382
0.212891 0.239049 0.947382
0.287006 0.137817 0.947963
0.287006 0.137817 0.947963
0.287006 0.137817 0.947963
0.287006 0.137817 0.947963
0.287006 0.137817 0.947963
0.287006 0.137817 0.947963
0.326045 0.019487 0.945153
0.326045 0.019487 0.945153
0.326045 0.019487 0.945153
0.326045 0.019487 0.945153
0.326045 0.019487 0.945153
0.326045 0.019487 0.945153
</float_array>
          <technique_common>
            <accessor source="#Eye_R-Normal0-array" count="3780" stride="3">
              <param name="X" type="float"/>
              <param name="Y" type="float"/>
              <param name="Z" type="float"/>
            </accessor>
          </technique_common>
        </source>
        <source id="Eye_R-UV0">
          <float_array id="Eye_R-UV0-array" count="1326">
0.500000 0.500000
0.500000 0.500000
0.500000 0.500000
0.500000 0.500000
0.500000 0.500000
0.500000 0.500000
0.500000 0.500000
0.500000 0.500000
0.500000 0.500000
0.500000 0.500000
0.500000 0.500000
0.500000 0.500000
0.500000 0.500000
0.500000 0.500000
0.500000 0.500000
0.500000 0.500000
0.500000 0.500000
0.500000 0.500000
0.500000 0.500000
0.500000 0.500000
0.500000 0.500000
0.566280 0.464010
0.571550 0.461340
0.579930 0.485720
0.574080 0.486710
0.580370 0.511500
0.574490 0.510710
0.572830 0.536150
0.567470 0.533650
0.558030 0.557260
0.553690 0.553310
0.537440 0.572770
0.534520 0.567740
0.513060 0.581150
0.511830 0.575550
0.487290 0.581590
0.487830 0.575960
0.462630 0.574050
0.464890 0.568930
0.441520 0.559250
0.445230 0.555160
0.426010 0.538660
0.430790 0.535990
0.417630 0.514280
0.422990 0.513290
0.417190 0.488510
0.422580 0.489300
0.424730 0.463860
0.429610 0.466350
0.439530 0.442740
0.443380 0.446700
0.460130 0.427230
0.462550 0.432260
0.484510 0.418850
0.485250 0.424450
0.510280 0.418400
0.509250 0.424040
0.534930 0.425950
0.532190 0.431060
0.556040 0.440740
0.551850 0.444840
0.496600 0.500000
0.508990 0.487330
0.512310 0.491740
0.504480 0.484170
0.499220 0.482560
0.493710 0.482650
0.488500 0.484450
0.484100 0.487760
0.480930 0.492270
0.479320 0.497540
0.479410 0.503050
0.481200 0.508260
0.484510 0.512660
0.489030 0.515820
0.494290 0.517430
0.499800 0.517340
0.505010 0.515550
0.509410 0.512230
0.512570 0.507720
0.514190 0.502460
0.514100 0.496950
0.518710 0.477530
0.524590 0.485340
0.510710 0.471920
0.501370 0.469060
0.491600 0.469230
0.482350 0.472410
0.474540 0.478290
0.468930 0.486290
0.466070 0.495640
0.466230 0.505410
0.469410 0.514650
0.475290 0.522460
0.483290 0.528070
0.492640 0.530930
0.502410 0.530760
0.511650 0.527590
0.519460 0.521710
0.525070 0.513710
0.527930 0.504360
0.527770 0.494590
0.537330 0.459060
0.545390 0.451140
0.558180 0.468130
0.548040 0.473290
0.522740 0.448840
0.527990 0.438950
0.505710 0.443630
0.507670 0.432720
0.487910 0.443930
0.486410 0.433090
0.471060 0.449730
0.466310 0.440000
0.456830 0.460440
0.449330 0.452790
0.446610 0.475030
0.437130 0.470200
0.441390 0.492060
0.430900 0.490520
0.441690 0.509860
0.431270 0.511770
0.447490 0.526700
0.438180 0.531870
0.458200 0.540930
0.450960 0.548850
0.472780 0.551150
0.468370 0.561050
0.489810 0.556370
0.488700 0.567270
0.507620 0.556060
0.509950 0.566910
0.524460 0.550270
0.530050 0.560000
0.538690 0.539560
0.547030 0.547210
0.548910 0.524980
0.559230 0.529810
0.554130 0.507950
0.565450 0.509480
0.553820 0.490140
0.565090 0.488230
0.581970 0.485380
0.582420 0.511770
0.574690 0.537020
0.559540 0.558640
0.538450 0.574520
0.513490 0.583100
0.487100 0.583550
0.461850 0.575820
0.440230 0.560670
0.424350 0.539590
0.415770 0.514620
0.415310 0.488230
0.423040 0.462990
0.438190 0.441370
0.459280 0.425490
0.484250 0.416900
0.510640 0.416450
0.535890 0.424170
0.557500 0.439320
0.573380 0.460410
0.536640 0.479130
0.528270 0.468010
0.516870 0.460020
0.503570 0.455950
0.489650 0.456190
0.476490 0.460710
0.465370 0.469090
0.457380 0.480480
0.453300 0.493790
0.453540 0.507700
0.458060 0.520860
0.466430 0.531980
0.477830 0.539970
0.491140 0.544040
0.505050 0.543810
0.518210 0.539280
0.529330 0.530910
0.537320 0.519520
0.541390 0.506210
0.541160 0.492290
0.766310 0.454910
0.767510 0.538990
0.755530 0.536860
0.754290 0.456510
0.742760 0.619290
0.731930 0.613650
0.694420 0.687940
0.685780 0.679330
0.627190 0.738220
0.621550 0.727490
0.547630 0.765260
0.545530 0.753440
0.463550 0.766460
0.465180 0.754680
0.383240 0.741700
0.388390 0.731080
0.314600 0.693370
0.322710 0.684930
0.264320 0.626140
0.274550 0.620700
0.237280 0.546570
0.248590 0.544680
0.236080 0.462490
0.247350 0.464330
0.260830 0.382190
0.270950 0.387540
0.309170 0.313540
0.317100 0.321860
0.376400 0.263260
0.381330 0.273700
0.455960 0.236220
0.457350 0.247750
0.540040 0.235020
0.537700 0.246510
0.620350 0.259780
0.614490 0.270100
0.688990 0.308110
0.680170 0.316260
0.739270 0.375350
0.728330 0.380480
0.742250 0.534630
0.741010 0.458390
0.719910 0.607510
0.676150 0.669890
0.615240 0.715670
0.543130 0.740380
0.466890 0.741620
0.394000 0.719280
0.331620 0.675520
0.285850 0.614610
0.261140 0.542490
0.259900 0.466250
0.282240 0.393370
0.326000 0.330990
0.386910 0.285220
0.459020 0.260510
0.535260 0.259260
0.608140 0.281610
0.670520 0.325360
0.716300 0.386280
0.727820 0.532330
0.726600 0.460570
0.706820 0.600950
0.665660 0.659700
0.608340 0.702840
0.540480 0.726160
0.468720 0.727380
0.400100 0.706390
0.341340 0.665220
0.298200 0.607900
0.274890 0.540040
0.273660 0.468280
0.294660 0.399660
0.335820 0.340910
0.393140 0.297770
0.461010 0.274450
0.532770 0.273230
0.601390 0.294220
0.660140 0.335390
0.703280 0.392700
0.712410 0.529980
0.711240 0.463020
0.692840 0.594020
0.654440 0.648870
0.600970 0.689160
0.537650 0.710960
0.470690 0.712130
0.406640 0.692560
0.351790 0.654160
0.311500 0.600690
0.289710 0.537370
0.288540 0.470410
0.308100 0.406360
0.346500 0.351510
0.399980 0.311220
0.463290 0.289430
0.530260 0.288260
0.594300 0.307830
0.649150 0.346220
0.689440 0.399700
0.696220 0.527590
0.695120 0.465690
0.678140 0.586800
0.642660 0.637520
0.593230 0.674790
0.534700 0.694950
0.472800 0.696050
0.413590 0.677980
0.362870 0.642490
0.325600 0.593060
0.305430 0.534530
0.304330 0.472630
0.322410 0.413420
0.357900 0.362710
0.407320 0.325440
0.465850 0.305270
0.527750 0.304170
0.586960 0.322250
0.637680 0.357730
0.674950 0.407160
0.679420 0.525170
0.678400 0.468540
0.662880 0.579340
0.630420 0.625750
0.585210 0.659850
0.531660 0.678310
0.475040 0.679330
0.420860 0.662800
0.374460 0.630330
0.340350 0.585120
0.321890 0.531570
0.320880 0.474950
0.337410 0.420770
0.369870 0.374370
0.415090 0.340260
0.468630 0.321800
0.525260 0.320790
0.579430 0.337320
0.625840 0.369780
0.659940 0.415000
0.662110 0.522720
0.661200 0.471540
0.647170 0.571690
0.617830 0.613640
0.576960 0.644460
0.528560 0.661150
0.477380 0.662070
0.428410 0.647130
0.386460 0.617790
0.355630 0.576920
0.338940 0.528520
0.338030 0.477330
0.352970 0.428370
0.382310 0.386420
0.423180 0.355590
0.471580 0.338900
0.522760 0.337980
0.571730 0.352930
0.613680 0.382270
0.644510 0.423140
0.644340 0.520230
0.643530 0.474640
0.631030 0.563840
0.604900 0.601200
0.568500 0.628650
0.525400 0.643510
0.479810 0.644330
0.436200 0.631020
0.398840 0.604880
0.371390 0.568480
0.356530 0.525380
0.355710 0.479790
0.369020 0.436190
0.395160 0.398830
0.431560 0.371370
0.474660 0.356510
0.520250 0.355690
0.563850 0.369000
0.601210 0.395140
0.628670 0.431540
0.626080 0.517680
0.625370 0.477850
0.614450 0.555770
0.591610 0.588400
0.559810 0.612380
0.522160 0.625360
0.482340 0.626070
0.444240 0.614440
0.411610 0.591610
0.387630 0.559810
0.374650 0.522150
0.373940 0.482330
0.385570 0.444240
0.408400 0.411600
0.440200 0.387620
0.477860 0.374640
0.517680 0.373930
0.555770 0.385560
0.588410 0.408400
0.612390 0.440200
0.607260 0.515050
0.606660 0.481170
0.597360 0.547460
0.577930 0.575220
0.550870 0.595620
0.518830 0.606660
0.484950 0.607260
0.452540 0.597360
0.424780 0.577930
0.404380 0.550870
0.393340 0.518830
0.392740 0.484950
0.402640 0.452540
0.422070 0.424780
0.449130 0.404380
0.481170 0.393340
0.515050 0.392740
0.547460 0.402640
0.575220 0.422070
0.595620 0.449130
0.727540 0.272580
0.646220 0.214290
0.646590 0.213590
0.728100 0.272040
0.550450 0.183980
0.550580 0.183200
0.449760 0.184420
0.449640 0.183610
0.354260 0.215550
0.353900 0.214800
0.273450 0.274550
0.272880 0.273920
0.215160 0.355870
0.214430 0.355430
0.184850 0.451640
0.184040 0.451430
0.185290 0.552330
0.184450 0.552380
0.216420 0.647830
0.215640 0.648120
0.275420 0.728640
0.274760 0.729140
0.356740 0.786930
0.356270 0.787580
0.452510 0.817240
0.452270 0.817980
0.553200 0.816800
0.553210 0.817560
0.648700 0.785670
0.648960 0.786380
0.729510 0.726670
0.729980 0.727260
0.787800 0.645350
0.788420 0.645750
0.818110 0.549580
0.818820 0.549750
0.817670 0.448890
0.818400 0.448800
0.786540 0.353390
0.787210 0.353060
0.378520 0.751110
0.307260 0.700810
0.461960 0.776920
0.549360 0.775790
0.632100 0.747820
0.702030 0.695690
0.752330 0.624430
0.778150 0.540990
0.777020 0.453580
0.749040 0.370840
0.696910 0.300910
0.625650 0.250610
0.542210 0.224800
0.454810 0.225930
0.372070 0.253900
0.302140 0.306030
0.251840 0.377290
0.226020 0.460730
0.227150 0.548140
0.255120 0.630880
0.374160 0.759340
0.300610 0.707280
0.460360 0.786110
0.550720 0.785080
0.636280 0.756320
0.708610 0.702590
0.760670 0.629040
0.787440 0.542840
0.786400 0.452480
0.757650 0.366920
0.703920 0.294590
0.630370 0.242530
0.544160 0.215760
0.453810 0.216800
0.368250 0.245550
0.295920 0.299280
0.243860 0.372830
0.217090 0.459040
0.218120 0.549390
0.246880 0.634950
0.370130 0.766470
0.294590 0.712860
0.458760 0.794110
0.551710 0.793190
0.639760 0.763780
0.714220 0.708680
0.767830 0.633130
0.795470 0.544510
0.794540 0.451560
0.765140 0.363500
0.710030 0.289050
0.634490 0.235440
0.545870 0.207800
0.452910 0.208730
0.364860 0.238130
0.290410 0.293230
0.236800 0.368780
0.209160 0.457400
0.210080 0.550350
0.239480 0.638410
0.366430 0.772590
0.289170 0.717610
0.457160 0.801000
0.552380 0.800190
0.642610 0.770250
0.718930 0.713980
0.773900 0.636720
0.802310 0.545990
0.801500 0.450770
0.771560 0.360540
0.715290 0.284230
0.638030 0.229260
0.547300 0.200850
0.452080 0.201650
0.361850 0.231590
0.285540 0.287860
0.230570 0.365120
0.202160 0.455850
0.202960 0.551070
0.232900 0.641300
0.363120 0.777740
0.284410 0.721590
0.455640 0.806820
0.552800 0.806130
0.644900 0.775750
0.722800 0.718500
0.778950 0.639790
0.808020 0.547270
0.807340 0.450110
0.776960 0.358010
0.719710 0.280110
0.641000 0.223960
0.548480 0.194880
0.451320 0.195570
0.359220 0.225950
0.281310 0.283200
0.225170 0.361910
0.196090 0.454430
0.196780 0.551590
0.227150 0.643690
0.360300 0.781910
0.280410 0.724790
0.454280 0.811530
0.553030 0.810960
0.646660 0.780230
0.725870 0.722190
0.782980 0.642300
0.812610 0.548310
0.812040 0.449560
0.781310 0.355930
0.723270 0.276720
0.643380 0.219610
0.549390 0.189980
0.450640 0.190560
0.357010 0.221280
0.277800 0.279330
0.220690 0.359220
0.191060 0.453200
0.191640 0.551950
0.222360 0.645580
0.358120 0.785010
0.277350 0.727170
0.453210 0.815050
0.553150 0.814560
0.647930 0.783580
0.728130 0.724950
0.785960 0.644180
0.816010 0.549100
0.815520 0.449150
0.784540 0.354370
0.725910 0.274170
0.645140 0.216340
0.550050 0.186290
0.450110 0.186780
0.355330 0.217760
0.275130 0.276390
0.217290 0.357170
0.187250 0.452250
0.187740 0.552190
0.218720 0.646970
0.578330 0.458340
0.587370 0.484580
0.587860 0.512340
0.579740 0.538890
0.563820 0.561630
0.541660 0.578330
0.515410 0.587370
0.487660 0.587860
0.461110 0.579750
0.438370 0.563830
0.421660 0.541660
0.412620 0.515420
0.412130 0.487660
0.420240 0.461110
0.436160 0.438370
0.458330 0.421660
0.484580 0.412620
0.512330 0.412130
0.538880 0.420250
0.561620 0.436170
0.499990 0.500000
0.518750 0.480580
0.523830 0.487330
0.511830 0.475730
0.503760 0.473260
0.495310 0.473410
0.487320 0.476160
0.480570 0.481240
0.475730 0.488160
0.473260 0.496240
0.473400 0.504680
0.476150 0.512670
0.481230 0.519420
0.488150 0.524260
0.496230 0.526730
0.504680 0.526590
0.512660 0.523840
0.519410 0.518760
0.524260 0.511840
0.526730 0.503760
0.526580 0.495310
0.533310 0.465500
0.542340 0.477490
0.521020 0.456900
0.506670 0.452510
0.491670 0.452770
0.477480 0.457650
0.465500 0.466680
0.456890 0.478970
0.452500 0.493320
0.452760 0.508320
0.457650 0.522510
0.466680 0.534490
0.478970 0.543100
0.493320 0.547490
0.508320 0.547230
0.522500 0.542340
0.534490 0.533310
0.543090 0.521030
0.547480 0.506680
0.547220 0.491670
0.547630 0.450670
0.560540 0.467800
0.530060 0.438360
0.509540 0.432090
0.488090 0.432460
0.467800 0.439450
0.450660 0.452360
0.438360 0.469940
0.432080 0.490460
0.432460 0.511910
0.439450 0.532190
0.452360 0.549330
0.469930 0.561630
0.490450 0.567910
0.511900 0.567530
0.532190 0.560550
0.549320 0.547640
0.561630 0.530060
0.567900 0.509540
0.567530 0.488090
</float_array>
          <technique_common>
            <accessor source="#Eye_R-UV0-array" count="663" stride="2">
              <param name="S" type="float"/>
              <param name="T" type="float"/>
            </accessor>
          </technique_common>
        </source>
        <vertices id="Eye_R-VERTEX">
          <input semantic="POSITION" source="#Eye_R-POSITION"/>
        </vertices>
        <triangles count="1260" material="Girl_Base_SG">
          <input semantic="VERTEX" offset="0" source="#Eye_R-VERTEX"/>
          <input semantic="NORMAL" offset="1" source="#Eye_R-Normal0"/>
          <input semantic="TEXCOORD" offset="2" set="0" source="#Eye_R-UV0"/>
          <p> 1 0 0 2 1 1 0 2 2 3 3 3 1 4 0 0 5 2 4 6 4 3 7 3 0 8 2 5 9 5 4 10 4 0 11 2 6 12 6 5 13 5 0 14 2 7 15 7 6 16 6 0 17 2 8 18 8 7 19 7 0 20 2 9 21 9 8 22 8 0 23 2 10 24 10 9 25 9 0 26 2 11 27 11 10 28 10 0 29 2 12 30 12 11 31 11 0 32 2 13 33 13 12 34 12 0 35 2 14 36 14 13 37 13 0 38 2 15 39 15 14 40 14 0 41 2 16 42 16 15 43 15 0 44 2 17 45 17 16 46 16 0 47 2 18 48 18 17 49 17 0 50 2 19 51 19 18 52 18 0 53 2 20 54 20 19 55 19 0 56 2 2 57 1 20 58 20 0 59 2 100 60 24 81 61 21 22 62 23 81 63 21 40 64 22 22 65 23 100 66 24 21 67 25 99 68 26 21 69 25 100 70 24 22 71 23 99 72 26 23 73 27 98 74 28 23 75 27 99 76 26 21 77 25 98 78 28 24 79 29 97 80 30 24 81 29 98 82 28 23 83 27 25 84 31 97 85 30 24 86 29 97 87 30 25 88 31 96 89 32 26 90 33 96 91 32 25 92 31 96 93 32 26 94 33 95 95 34 27 96 35 95 97 34 26 98 33 95 99 34 27 100 35 94 101 36 94 102 36 28 103 37 93 104 38 28 105 37 94 106 36 27 107 35 93 108 38 29 109 39 92 110 40 29 111 39 93 112 38 28 113 37 91 114 42 92 115 40 29 116 39 29 117 39 30 118 41 91 119 42 30 120 41 31 121 43 90 122 44 30 123 41 90 124 44 91 125 42 32 126 45 90 127 44 31 128 43 90 129 44 32 130 45 89 131 46 88 132 48 32 133 45 33 134 47 32 135 45 88 136 48 89 137 46 87 138 50 33 139 47 34 140 49 33 141 47 87 142 50 88 143 48 34 144 49 86 145 52 87 146 50 86 147 52 34 148 49 35 149 51 86 150 52 36 151 53 85 152 54 36 153 53 86 154 52 35 155 51 85 156 54 37 157 55 84 158 56 37 159 55 85 160 54 36 161 53 38 162 57 84 163 56 37 164 55 84 165 56 38 166 57 83 167 58 39 168 59 83 169 58 38 170 57 83 171 58 39 172 59 82 173 60 40 174 22 82 175 60 39 176 59 82 177 60 40 178 22 81 179 21 122 180 61 121 181 62 123 182 63 122 183 61 124 184 64 121 185 62 122 186 61 125 187 65 124 188 64 122 189 61 126 190 66 125 191 65 122 192 61 127 193 67 126 194 66 122 195 61 128 196 68 127 197 67 122 198 61 129 199 69 128 200 68 122 201 61 130 202 70 129 203 69 122 204 61 131 205 71 130 206 70 122 207 61 132 208 72 131 209 71 122 210 61 133 211 73 132 212 72 122 213 61 134 214 74 133 215 73 122 216 61 135 217 75 134 218 74 122 219 61 136 220 76 135 221 75 122 222 61 137 223 77 136 224 76 122 225 61 138 226 78 137 227 77 122 228 61 139 229 79 138 230 78 122 231 61 140 232 80 139 233 79 122 234 61 141 235 81 140 236 80 122 237 61 123 238 63 141 239 81 143 240 83 123 241 63 121 242 62 143 243 83 121 244 62 142 245 82 142 246 82 124 247 64 144 248 84 124 249 64 142 250 82 121 251 62 144 252 84 125 253 65 145 254 85 125 255 65 144 256 84 124 257 64 126 258 66 146 259 86 145 260 85 126 261 66 145 262 85 125 263 65 127 264 67 147 265 87 146 266 86 127 267 67 146 268 86 126 269 66 147 270 87 127 271 67 128 272 68 128 273 68 148 274 88 147 275 87 148 276 88 128 277 68 129 278 69 148 279 88 129 280 69 149 281 89 130 282 70 149 283 89 129 284 69 149 285 89 130 286 70 150 287 90 150 288 90 131 289 71 151 290 91 131 291 71 150 292 90 130 293 70 152 294 92 131 295 71 132 296 72 131 297 71 152 298 92 151 299 91 153 300 93 132 301 72 133 302 73 132 303 72 153 304 93 152 305 92 154 306 94 133 307 73 134 308 74 133 309 73 154 310 94 153 311 93 134 312 74 155 313 95 154 314 94 155 315 95 134 316 74 135 317 75 135 318 75 156 319 96 155 320 95 156 321 96 135 322 75 136 323 76 157 324 97 136 325 76 137 326 77 136 327 76 157 328 97 156 329 96 158 330 98 137 331 77 138 332 78 137 333 77 158 334 98 157 335 97 159 336 99 138 337 78 139 338 79 138 339 78 159 340 99 158 341 98 160 342 100 139 343 79 140 344 80 139 345 79 160 346 100 159 347 99 160 348 100 140 349 80 141 350 81 141 351 81 161 352 101 160 353 100 161 354 101 141 355 81 123 356 63 161 357 101 123 358 63 143 359 83 61 360 104 41 361 105 42 362 102 61 363 104 42 364 102 62 365 103 62 366 103 43 367 106 63 368 107 43 369 106 62 370 103 42 371 102 63 372 107 44 373 108 64 374 109 44 375 108 63 376 107 43 377 106 45 378 110 65 379 111 64 380 109 45 381 110 64 382 109 44 383 108 46 384 112 66 385 113 65 386 111 46 387 112 65 388 111 45 389 110 46 390 112 67 391 115 66 392 113 67 393 115 46 394 112 47 395 114 67 396 115 47 397 114 48 398 116 67 399 115 48 400 116 68 401 117 49 402 118 68 403 117 48 404 116 68 405 117 49 406 118 69 407 119 69 408 119 50 409 120 70 410 121 50 411 120 69 412 119 49 413 118 71 414 123 70 415 121 51 416 122 51 417 122 70 418 121 50 419 120 72 420 125 51 421 122 52 422 124 51 423 122 72 424 125 71 425 123 73 426 127 52 427 124 53 428 126 52 429 124 73 430 127 72 431 125 53 432 126 74 433 129 73 434 127 74 435 129 53 436 126 54 437 128 54 438 128 75 439 131 74 440 129 75 441 131 54 442 128 55 443 130 76 444 133 55 445 130 56 446 132 55 447 130 76 448 133 75 449 131 77 450 135 56 451 132 57 452 134 56 453 132 77 454 135 76 455 133 78 456 137 57 457 134 58 458 136 57 459 134 78 460 137 77 461 135 79 462 139 58 463 136 59 464 138 58 465 136 79 466 139 78 467 137 79 468 139 59 469 138 60 470 140 60 471 140 80 472 141 79 473 139 80 474 141 60 475 140 41 476 105 80 477 141 41 478 105 61 479 104 81 480 21 61 481 104 62 482 103 81 483 21 62 484 103 82 485 60 82 486 60 63 487 107 83 488 58 63 489 107 82 490 60 62 491 103 83 492 58 64 493 109 84 494 56 64 495 109 83 496 58 63 497 107 85 498 54 84 499 56 65 500 111 65 501 111 84 502 56 64 503 109 66 504 113 86 505 52 85 506 54 66 507 113 85 508 54 65 509 111 66 510 113 87 511 50 86 512 52 87 513 50 66 514 113 67 515 115 67 516 115 88 517 48 87 518 50 88 519 48 67 520 115 68 521 117 89 522 46 68 523 117 69 524 119 68 525 117 89 526 46 88 527 48 90 528 44 69 529 119 70 530 121 69 531 119 90 532 44 89 533 46 91 534 42 70 535 121 71 536 123 70 537 121 91 538 42 90 539 44 92 540 40 71 541 123 72 542 125 71 543 123 92 544 40 91 545 42 93 546 38 72 547 125 73 548 127 72 549 125 93 550 38 92 551 40 73 552 127 94 553 36 93 554 38 94 555 36 73 556 127 74 557 129 74 558 129 95 559 34 94 560 36 95 561 34 74 562 129 75 563 131 96 564 32 75 565 131 76 566 133 75 567 131 96 568 32 95 569 34 97 570 30 76 571 133 77 572 135 76 573 133 97 574 30 96 575 32 98 576 28 77 577 135 78 578 137 77 579 135 98 580 28 97 581 30 79 582 139 99 583 26 98 584 28 79 585 139 98 586 28 78 587 137 79 588 139 80 589 141 99 590 26 80 591 141 100 592 24 99 593 26 100 594 24 80 595 141 61 596 104 100 597 24 61 598 104 81 599 21 21 600 25 22 601 23 101 602 142 21 603 25 101 604 142 102 605 143 21 606 25 103 607 144 23 608 27 103 609 144 21 610 25 102 611 143 23 612 27 104 613 145 24 614 29 104 615 145 23 616 27 103 617 144 105 618 146 24 619 29 104 620 145 24 621 29 105 622 146 25 623 31 106 624 147 25 625 31 105 626 146 25 627 31 106 628 147 26 629 33 107 630 148 26 631 33 106 632 147 26 633 33 107 634 148 27 635 35 27 636 35 108 637 149 28 638 37 108 639 149 27 640 35 107 641 148 28 642 37 109 643 150 29 644 39 109 645 150 28 646 37 108 647 149 29 648 39 110 649 151 30 650 41 110 651 151 29 652 39 109 653 150 30 654 41 111 655 152 31 656 43 111 657 152 30 658 41 110 659 151 112 660 153 31 661 43 111 662 152 31 663 43 112 664 153 32 665 45 33 666 47 112 667 153 113 668 154 112 669 153 33 670 47 32 671 45 113 672 154 34 673 49 33 674 47 34 675 49 113 676 154 114 677 155 114 678 155 35 679 51 34 680 49 35 681 51 114 682 155 115 683 156 36 684 53 35 685 51 115 686 156 115 687 156 116 688 157 36 689 53 37 690 55 36 691 53 116 692 157 116 693 157 117 694 158 37 695 55 117 696 158 118 697 159 38 698 57 117 699 158 38 700 57 37 701 55 39 702 59 118 703 159 119 704 160 118 705 159 39 706 59 38 707 57 40 708 22 119 709 160 120 710 161 119 711 160 40 712 22 39 713 59 120 714 161 22 715 23 40 716 22 22 717 23 120 718 161 101 719 142 41 720 105 162 721 163 42 722 102 162 723 163 41 724 105 181 725 162 42 726 102 163 727 164 43 728 106 163 729 164 42 730 102 162 731 163 43 732 106 164 733 165 44 734 108 164 735 165 43 736 106 163 737 164 165 738 166 44 739 108 164 740 165 44 741 108 165 742 166 45 743 110 166 744 167 45 745 110 165 746 166 45 747 110 166 748 167 46 749 112 167 750 168 46 751 112 166 752 167 46 753 112 167 754 168 47 755 114 47 756 114 168 757 169 48 758 116 168 759 169 47 760 114 167 761 168 48 762 116 169 763 170 49 764 118 169 765 170 48 766 116 168 767 169 50 768 120 49 769 118 169 770 170 50 771 120 169 772 170 170 773 171 51 774 122 50 775 120 170 776 171 51 777 122 170 778 171 171 779 172 171 780 172 172 781 173 52 782 124 52 783 124 51 784 122 171 785 172 172 786 173 173 787 174 53 788 126 53 789 126 52 790 124 172 791 173 54 792 128 173 793 174 174 794 175 173 795 174 54 796 128 53 797 126 174 798 175 55 799 130 54 800 128 55 801 130 174 802 175 175 803 176 175 804 176 56 805 132 55 806 130 56 807 132 175 808 176 176 809 177 57 810 134 56 811 132 176 812 177 57 813 134 176 814 177 177 815 178 178 816 179 58 817 136 177 818 178 58 819 136 57 820 134 177 821 178 178 822 179 179 823 180 59 824 138 59 825 138 58 826 136 178 827 179 180 828 181 59 829 138 179 830 180 59 831 138 180 832 181 60 833 140 181 834 162 60 835 140 180 836 181 60 837 140 181 838 162 41 839 105 162 840 163 144 841 84 163 842 164 144 843 84 162 844 163 142 845 82 163 846 164 145 847 85 164 848 165 145 849 85 163 850 164 144 851 84 165 852 166 164 853 165 145 854 85 165 855 166 145 856 85 146 857 86 166 858 167 165 859 166 146 860 86 166 861 167 146 862 86 147 863 87 166 864 167 148 865 88 167 866 168 148 867 88 166 868 167 147 869 87 167 870 168 149 871 89 168 872 169 149 873 89 167 874 168 148 875 88 168 876 169 150 877 90 169 878 170 150 879 90 168 880 169 149 881 89 169 882 170 150 883 90 170 884 171 170 885 171 150 886 90 151 887 91 151 888 91 171 889 172 170 890 171 171 891 172 151 892 91 152 893 92 171 894 172 153 895 93 172 896 173 153 897 93 171 898 172 152 899 92 172 900 173 154 901 94 173 902 174 154 903 94 172 904 173 153 905 93 154 906 94 174 907 175 173 908 174 174 909 175 154 910 94 155 911 95 155 912 95 175 913 176 174 914 175 175 915 176 155 916 95 156 917 96 156 918 96 176 919 177 175 920 176 176 921 177 156 922 96 157 923 97 176 924 177 158 925 98 177 926 178 158 927 98 176 928 177 157 929 97 177 930 178 159 931 99 178 932 179 159 933 99 177 934 178 158 935 98 178 936 179 160 937 100 179 938 180 160 939 100 178 940 179 159 941 99 179 942 180 160 943 100 180 944 181 180 945 181 160 946 100 161 947 101 181 948 162 180 949 181 161 950 101 181 951 162 161 952 101 143 953 83 181 954 162 142 955 82 162 956 163 142 957 82 181 958 162 143 959 83 202 960 185 183 961 183 203 962 184 183 963 183 202 964 185 182 965 182 203 966 184 184 967 186 204 968 187 184 969 186 203 970 184 183 971 183 205 972 189 204 973 187 184 974 186 205 975 189 184 976 186 185 977 188 206 978 191 205 979 189 185 980 188 206 981 191 185 982 188 186 983 190 206 984 191 187 985 192 207 986 193 187 987 192 206 988 191 186 989 190 207 990 193 188 991 194 208 992 195 188 993 194 207 994 193 187 995 192 208 996 195 189 997 196 209 998 197 189 999 196 208 1000 195 188 1001 194 210 1002 199 209 1003 197 189 1004 196 210 1005 199 189 1006 196 190 1007 198 211 1008 201 210 1009 199 190 1010 198 211 1011 201 190 1012 198 191 1013 200 211 1014 201 192 1015 202 212 1016 203 192 1017 202 211 1018 201 191 1019 200 212 1020 203 193 1021 204 213 1022 205 193 1023 204 212 1024 203 192 1025 202 214 1026 207 213 1027 205 193 1028 204 193 1029 204 194 1030 206 214 1031 207 215 1032 209 214 1033 207 194 1034 206 215 1035 209 194 1036 206 195 1037 208 216 1038 211 215 1039 209 195 1040 208 216 1041 211 195 1042 208 196 1043 210 216 1044 211 197 1045 212 217 1046 213 197 1047 212 216 1048 211 196 1049 210 217 1050 213 198 1051 214 218 1052 215 198 1053 214 217 1054 213 197 1055 212 219 1056 217 218 1057 215 198 1058 214 198 1059 214 199 1060 216 219 1061 217 220 1062 219 219 1063 217 199 1064 216 220 1065 219 199 1066 216 200 1067 218 221 1068 221 220 1069 219 200 1070 218 221 1071 221 200 1072 218 201 1073 220 221 1074 221 182 1075 182 202 1076 185 182 1077 182 221 1078 221 201 1079 220 223 1080 222 222 1081 223 202 1082 185 223 1083 222 202 1084 185 203 1085 184 224 1086 224 223 1087 222 203 1088 184 224 1089 224 203 1090 184 204 1091 187 225 1092 225 224 1093 224 204 1094 187 225 1095 225 204 1096 187 205 1097 189 225 1098 225 206 1099 191 226 1100 226 206 1101 191 225 1102 225 205 1103 189 226 1104 226 207 1105 193 227 1106 227 207 1107 193 226 1108 226 206 1109 191 227 1110 227 208 1111 195 228 1112 228 208 1113 195 227 1114 227 207 1115 193 228 1116 228 209 1117 197 229 1118 229 209 1119 197 228 1120 228 208 1121 195 230 1122 230 229 1123 229 209 1124 197 230 1125 230 209 1126 197 210 1127 199 231 1128 231 230 1129 230 210 1130 199 231 1131 231 210 1132 199 211 1133 201 231 1134 231 212 1135 203 232 1136 232 212 1137 203 231 1138 231 211 1139 201 232 1140 232 213 1141 205 233 1142 233 213 1143 205 232 1144 232 212 1145 203 234 1146 234 233 1147 233 213 1148 205 234 1149 234 213 1150 205 214 1151 207 235 1152 235 234 1153 234 214 1154 207 235 1155 235 214 1156 207 215 1157 209 236 1158 236 235 1159 235 215 1160 209 236 1161 236 215 1162 209 216 1163 211 236 1164 236 217 1165 213 237 1166 237 217 1167 213 236 1168 236 216 1169 211 237 1170 237 218 1171 215 238 1172 238 218 1173 215 237 1174 237 217 1175 213 238 1176 238 219 1177 217 239 1178 239 219 1179 217 238 1180 238 218 1181 215 240 1182 240 239 1183 239 219 1184 217 240 1185 240 219 1186 217 220 1187 219 241 1188 241 240 1189 240 220 1190 219 241 1191 241 220 1192 219 221 1193 221 222 1194 223 241 1195 241 221 1196 221 222 1197 223 221 1198 221 202 1199 185 243 1200 242 242 1201 243 222 1202 223 243 1203 242 222 1204 223 223 1205 222 244 1206 244 243 1207 242 223 1208 222 244 1209 244 223 1210 222 224 1211 224 244 1212 244 225 1213 225 245 1214 245 225 1215 225 244 1216 244 224 1217 224 245 1218 245 226 1219 226 246 1220 246 226 1221 226 245 1222 245 225 1223 225 247 1224 247 246 1225 246 226 1226 226 247 1227 247 226 1228 226 227 1229 227 248 1230 248 247 1231 247 227 1232 227 248 1233 248 227 1234 227 228 1235 228 249 1236 249 248 1237 248 228 1238 228 249 1239 249 228 1240 228 229 1241 229 250 1242 250 249 1243 249 229 1244 229 250 1245 250 229 1246 229 230 1247 230 250 1248 250 231 1249 231 251 1250 251 231 1251 231 250 1252 250 230 1253 230 252 1254 252 251 1255 251 231 1256 231 252 1257 252 231 1258 231 232 1259 232 252 1260 252 233 1261 233 253 1262 253 233 1263 233 252 1264 252 232 1265 232 253 1266 253 234 1267 234 254 1268 254 234 1269 234 253 1270 253 233 1271 233 254 1272 254 235 1273 235 255 1274 255 235 1275 235 254 1276 254 234 1277 234 255 1278 255 236 1279 236 256 1280 256 236 1281 236 255 1282 255 235 1283 235 257 1284 257 256 1285 256 236 1286 236 257 1287 257 236 1288 236 237 1289 237 258 1290 258 257 1291 257 237 1292 237 258 1293 258 237 1294 237 238 1295 238 259 1296 259 258 1297 258 238 1298 238 259 1299 259 238 1300 238 239 1301 239 259 1302 259 240 1303 240 260 1304 260 240 1305 240 259 1306 259 239 1307 239 260 1308 260 241 1309 241 261 1310 261 241 1311 241 260 1312 260 240 1313 240 242 1314 243 261 1315 261 241 1316 241 242 1317 243 241 1318 241 222 1319 223 263 1320 262 262 1321 263 242 1322 243 263 1323 262 242 1324 243 243 1325 242 263 1326 262 244 1327 244 264 1328 264 244 1329 244 263 1330 262 243 1331 242 264 1332 264 245 1333 245 265 1334 265 245 1335 245 264 1336 264 244 1337 244 265 1338 265 246 1339 246 266 1340 266 246 1341 246 265 1342 265 245 1343 245 267 1344 267 266 1345 266 246 1346 246 267 1347 267 246 1348 246 247 1349 247 268 1350 268 267 1351 267 247 1352 247 268 1353 268 247 1354 247 248 1355 248 268 1356 268 249 1357 249 269 1358 269 249 1359 249 268 1360 268 248 1361 248 269 1362 269 250 1363 250 270 1364 270 250 1365 250 269 1366 269 249 1367 249 270 1368 270 251 1369 251 271 1370 271 251 1371 251 270 1372 270 250 1373 250 272 1374 272 271 1375 271 251 1376 251 272 1377 272 251 1378 251 252 1379 252 273 1380 273 272 1381 272 252 1382 252 273 1383 273 252 1384 252 253 1385 253 274 1386 274 273 1387 273 253 1388 253 274 1389 274 253 1390 253 254 1391 254 274 1392 274 255 1393 255 275 1394 275 255 1395 255 274 1396 274 254 1397 254 275 1398 275 256 1399 256 276 1400 276 256 1401 256 275 1402 275 255 1403 255 277 1404 277 276 1405 276 256 1406 256 277 1407 277 256 1408 256 257 1409 257 278 1410 278 277 1411 277 257 1412 257 257 1413 257 258 1414 258 278 1415 278 279 1416 279 278 1417 278 258 1418 258 258 1419 258 259 1420 259 279 1421 279 279 1422 279 260 1423 260 280 1424 280 260 1425 260 279 1426 279 259 1427 259 280 1428 280 261 1429 261 281 1430 281 261 1431 261 280 1432 280 260 1433 260 262 1434 263 281 1435 281 261 1436 261 262 1437 263 261 1438 261 242 1439 243 283 1440 282 282 1441 283 262 1442 263 262 1443 263 263 1444 262 283 1445 282 283 1446 282 264 1447 264 284 1448 284 264 1449 264 283 1450 282 263 1451 262 284 1452 284 265 1453 265 285 1454 285 265 1455 265 284 1456 284 264 1457 264 285 1458 285 266 1459 266 286 1460 286 266 1461 266 285 1462 285 265 1463 265 287 1464 287 286 1465 286 266 1466 266 287 1467 287 266 1468 266 267 1469 267 288 1470 288 287 1471 287 267 1472 267 288 1473 288 267 1474 267 268 1475 268 288 1476 288 269 1477 269 289 1478 289 269 1479 269 288 1480 288 268 1481 268 289 1482 289 270 1483 270 290 1484 290 270 1485 270 289 1486 289 269 1487 269 290 1488 290 271 1489 271 291 1490 291 271 1491 271 290 1492 290 270 1493 270 292 1494 292 291 1495 291 271 1496 271 292 1497 292 271 1498 271 272 1499 272 293 1500 293 292 1501 292 272 1502 272 293 1503 293 272 1504 272 273 1505 273 294 1506 294 293 1507 293 273 1508 273 273 1509 273 274 1510 274 294 1511 294 294 1512 294 275 1513 275 295 1514 295 275 1515 275 294 1516 294 274 1517 274 295 1518 295 276 1519 276 296 1520 296 276 1521 276 295 1522 295 275 1523 275 297 1524 297 296 1525 296 276 1526 276 297 1527 297 276 1528 276 277 1529 277 298 1530 298 297 1531 297 277 1532 277 277 1533 277 278 1534 278 298 1535 298 299 1536 299 298 1537 298 278 1538 278 278 1539 278 279 1540 279 299 1541 299 299 1542 299 280 1543 280 300 1544 300 280 1545 280 299 1546 299 279 1547 279 300 1548 300 281 1549 281 301 1550 301 281 1551 281 300 1552 300 280 1553 280 282 1554 283 301 1555 301 281 1556 281 282 1557 283 281 1558 281 262 1559 263 303 1560 302 302 1561 303 282 1562 283 282 1563 283 283 1564 282 303 1565 302 303 1566 302 284 1567 284 304 1568 304 284 1569 284 303 1570 302 283 1571 282 304 1572 304 285 1573 285 305 1574 305 285 1575 285 304 1576 304 284 1577 284 305 1578 305 286 1579 286 306 1580 306 286 1581 286 305 1582 305 285 1583 285 307 1584 307 306 1585 306 286 1586 286 307 1587 307 286 1588 286 287 1589 287 308 1590 308 307 1591 307 287 1592 287 287 1593 287 288 1594 288 308 1595 308 308 1596 308 289 1597 289 309 1598 309 289 1599 289 308 1600 308 288 1601 288 309 1602 309 290 1603 290 310 1604 310 290 1605 290 309 1606 309 289 1607 289 310 1608 310 291 1609 291 311 1610 311 291 1611 291 310 1612 310 290 1613 290 312 1614 312 311 1615 311 291 1616 291 312 1617 312 291 1618 291 292 1619 292 313 1620 313 312 1621 312 292 1622 292 292 1623 292 293 1624 293 313 1625 313 314 1626 314 313 1627 313 293 1628 293 293 1629 293 294 1630 294 314 1631 314 314 1632 314 295 1633 295 315 1634 315 295 1635 295 314 1636 314 294 1637 294 315 1638 315 296 1639 296 316 1640 316 296 1641 296 315 1642 315 295 1643 295 317 1644 317 316 1645 316 296 1646 296 296 1647 296 297 1648 297 317 1649 317 318 1650 318 317 1651 317 297 1652 297 297 1653 297 298 1654 298 318 1655 318 319 1656 319 318 1657 318 298 1658 298 298 1659 298 299 1660 299 319 1661 319 319 1662 319 300 1663 300 320 1664 320 300 1665 300 319 1666 319 299 1667 299 320 1668 320 301 1669 301 321 1670 321 301 1671 301 320 1672 320 300 1673 300 302 1674 303 321 1675 321 301 1676 301 301 1677 301 282 1678 283 302 1679 303 302 1680 303 323 1681 322 322 1682 323 323 1683 322 302 1684 303 303 1685 302 323 1686 322 304 1687 304 324 1688 324 304 1689 304 323 1690 322 303 1691 302 324 1692 324 305 1693 305 325 1694 325 305 1695 305 324 1696 324 304 1697 304 325 1698 325 306 1699 306 326 1700 326 306 1701 306 325 1702 325 305 1703 305 327 1704 327 326 1705 326 306 1706 306 327 1707 327 306 1708 306 307 1709 307 328 1710 328 327 1711 327 307 1712 307 307 1713 307 308 1714 308 328 1715 328 328 1716 328 309 1717 309 329 1718 329 309 1719 309 328 1720 328 308 1721 308 329 1722 329 310 1723 310 330 1724 330 310 1725 310 329 1726 329 309 1727 309 330 1728 330 311 1729 311 331 1730 331 311 1731 311 330 1732 330 310 1733 310 332 1734 332 331 1735 331 311 1736 311 311 1737 311 312 1738 312 332 1739 332 333 1740 333 332 1741 332 312 1742 312 312 1743 312 313 1744 313 333 1745 333 334 1746 334 333 1747 333 313 1748 313 313 1749 313 314 1750 314 334 1751 334 334 1752 334 315 1753 315 335 1754 335 315 1755 315 334 1756 334 314 1757 314 335 1758 335 316 1759 316 336 1760 336 316 1761 316 335 1762 335 315 1763 315 337 1764 337 336 1765 336 316 1766 316 316 1767 316 317 1768 317 337 1769 337 338 1770 338 337 1771 337 317 1772 317 317 1773 317 318 1774 318 338 1775 338 318 1776 318 319 1777 319 339 1778 339 318 1779 318 339 1780 339 338 1781 338 340 1782 340 319 1783 319 320 1784 320 319 1785 319 340 1786 340 339 1787 339 340 1788 340 321 1789 321 341 1790 341 321 1791 321 340 1792 340 320 1793 320 322 1794 323 341 1795 341 321 1796 321 321 1797 321 302 1798 303 322 1799 323 322 1800 323 343 1801 342 342 1802 343 343 1803 342 322 1804 323 323 1805 322 343 1806 342 324 1807 324 344 1808 344 324 1809 324 343 1810 342 323 1811 322 344 1812 344 325 1813 325 345 1814 345 325 1815 325 344 1816 344 324 1817 324 326 1818 326 345 1819 345 325 1820 325 345 1821 345 326 1822 326 346 1823 346 327 1824 327 346 1825 346 326 1826 326 346 1827 346 327 1828 327 347 1829 347 328 1830 328 347 1831 347 327 1832 327 347 1833 347 328 1834 328 348 1835 348 348 1836 348 329 1837 329 349 1838 349 329 1839 329 348 1840 348 328 1841 328 349 1842 349 330 1843 330 350 1844 350 330 1845 330 349 1846 349 329 1847 329 350 1848 350 331 1849 331 351 1850 351 331 1851 331 350 1852 350 330 1853 330 352 1854 352 351 1855 351 331 1856 331 331 1857 331 332 1858 332 352 1859 352 333 1860 333 352 1861 352 332 1862 332 352 1863 352 333 1864 333 353 1865 353 354 1866 354 333 1867 333 334 1868 334 333 1869 333 354 1870 354 353 1871 353 355 1872 355 334 1873 334 335 1874 335 334 1875 334 355 1876 355 354 1877 354 335 1878 335 356 1879 356 355 1880 355 356 1881 356 335 1882 335 336 1883 336 357 1884 357 356 1885 356 336 1886 336 336 1887 336 337 1888 337 357 1889 357 358 1890 358 357 1891 357 337 1892 337 337 1893 337 338 1894 338 358 1895 358 338 1896 338 339 1897 339 359 1898 359 338 1899 338 359 1900 359 358 1901 358 360 1902 360 339 1903 339 340 1904 340 339 1905 339 360 1906 360 359 1907 359 361 1908 361 340 1909 340 341 1910 341 340 1911 340 361 1912 361 360 1913 360 341 1914 341 342 1915 343 361 1916 361 342 1917 343 341 1918 341 322 1919 323 342 1920 343 363 1921 362 362 1922 363 363 1923 362 342 1924 343 343 1925 342 363 1926 362 344 1927 344 364 1928 364 344 1929 344 363 1930 362 343 1931 342 364 1932 364 345 1933 345 365 1934 365 345 1935 345 364 1936 364 344 1937 344 346 1938 346 365 1939 365 345 1940 345 365 1941 365 346 1942 346 366 1943 366 347 1944 347 366 1945 366 346 1946 346 366 1947 366 347 1948 347 367 1949 367 348 1950 348 367 1951 367 347 1952 347 367 1953 367 348 1954 348 368 1955 368 368 1956 368 349 1957 349 369 1958 369 349 1959 349 368 1960 368 348 1961 348 369 1962 369 350 1963 350 370 1964 370 350 1965 350 369 1966 369 349 1967 349 370 1968 370 351 1969 351 371 1970 371 351 1971 351 370 1972 370 350 1973 350 352 1974 352 371 1975 371 351 1976 351 371 1977 371 352 1978 352 372 1979 372 353 1980 353 372 1981 372 352 1982 352 372 1983 372 353 1984 353 373 1985 373 374 1986 374 353 1987 353 354 1988 354 353 1989 353 374 1990 374 373 1991 373 375 1992 375 354 1993 354 355 1994 355 354 1995 354 375 1996 375 374 1997 374 355 1998 355 376 1999 376 375 2000 375 376 2001 376 355 2002 355 356 2003 356 377 2004 377 376 2005 376 356 2006 356 356 2007 356 357 2008 357 377 2009 377 377 2010 377 357 2011 357 378 2012 378 357 2013 357 358 2014 358 378 2015 378 358 2016 358 359 2017 359 379 2018 379 358 2019 358 379 2020 379 378 2021 378 380 2022 380 359 2023 359 360 2024 360 359 2025 359 380 2026 380 379 2027 379 381 2028 381 360 2029 360 361 2030 361 360 2031 360 381 2032 381 380 2033 380 361 2034 361 362 2035 363 381 2036 381 362 2037 363 361 2038 361 342 2039 343 362 2040 363 382 2041 382 383 2042 383 382 2043 382 362 2044 363 363 2045 362 382 2046 382 364 2047 364 384 2048 384 364 2049 364 382 2050 382 363 2051 362 384 2052 384 365 2053 365 385 2054 385 365 2055 365 384 2056 384 364 2057 364 366 2058 366 385 2059 385 365 2060 365 385 2061 385 366 2062 366 386 2063 386 367 2064 367 386 2065 386 366 2066 366 386 2067 386 367 2068 367 387 2069 387 368 2070 368 387 2071 387 367 2072 367 387 2073 387 368 2074 368 388 2075 388 388 2076 388 369 2077 369 389 2078 389 369 2079 369 388 2080 388 368 2081 368 389 2082 389 370 2083 370 390 2084 390 370 2085 370 389 2086 389 369 2087 369 390 2088 390 371 2089 371 391 2090 391 371 2091 371 390 2092 390 370 2093 370 372 2094 372 391 2095 391 371 2096 371 391 2097 391 372 2098 372 392 2099 392 373 2100 373 392 2101 392 372 2102 372 392 2103 392 373 2104 373 393 2105 393 394 2106 394 373 2107 373 374 2108 374 373 2109 373 394 2110 394 393 2111 393 395 2112 395 374 2113 374 375 2114 375 374 2115 374 395 2116 395 394 2117 394 375 2118 375 396 2119 396 395 2120 395 396 2121 396 375 2122 375 376 2123 376 397 2124 397 396 2125 396 376 2126 376 376 2127 376 377 2128 377 397 2129 397 398 2130 398 397 2131 397 377 2132 377 377 2133 377 378 2134 378 398 2135 398 378 2136 378 379 2137 379 399 2138 399 378 2139 378 399 2140 399 398 2141 398 400 2142 400 379 2143 379 380 2144 380 379 2145 379 400 2146 400 399 2147 399 401 2148 401 380 2149 380 381 2150 381 380 2151 380 401 2152 401 400 2153 400 381 2154 381 383 2155 383 401 2156 401 383 2157 383 381 2158 381 362 2159 363 402 2160 405 572 2161 402 403 2162 404 572 2163 402 573 2164 403 403 2165 404 403 2166 404 573 2167 403 404 2168 407 573 2169 403 574 2170 406 404 2171 407 575 2172 408 405 2173 409 574 2174 406 404 2175 407 574 2176 406 405 2177 409 576 2178 410 406 2179 411 575 2180 408 575 2181 408 406 2182 411 405 2183 409 407 2184 413 576 2185 410 577 2186 412 576 2187 410 407 2188 413 406 2189 411 408 2190 415 577 2191 412 578 2192 414 577 2193 412 408 2194 415 407 2195 413 578 2196 414 409 2197 417 408 2198 415 409 2199 417 578 2200 414 579 2201 416 409 2202 417 580 2203 418 410 2204 419 580 2205 418 409 2206 417 579 2207 416 581 2208 420 410 2209 419 580 2210 418 410 2211 419 581 2212 420 411 2213 421 562 2214 422 411 2215 421 581 2216 420 411 2217 421 562 2218 422 412 2219 423 563 2220 424 412 2221 423 562 2222 422 412 2223 423 563 2224 424 413 2225 425 564 2226 426 413 2227 425 563 2228 424 413 2229 425 564 2230 426 414 2231 427 565 2232 428 414 2233 427 564 2234 426 414 2235 427 565 2236 428 415 2237 429 415 2238 429 566 2239 430 416 2240 431 566 2241 430 415 2242 429 565 2243 428 416 2244 431 566 2245 430 417 2246 433 566 2247 430 567 2248 432 417 2249 433 568 2250 434 418 2251 435 567 2252 432 417 2253 433 567 2254 432 418 2255 435 569 2256 436 419 2257 437 568 2258 434 568 2259 434 419 2260 437 418 2261 435 570 2262 438 419 2263 437 569 2264 436 419 2265 437 570 2266 438 420 2267 439 571 2268 440 420 2269 439 570 2270 438 420 2271 439 571 2272 440 421 2273 441 572 2274 402 421 2275 441 571 2276 440 421 2277 441 572 2278 402 402 2279 405 190 2280 198 189 2281 196 423 2282 442 190 2283 198 423 2284 442 422 2285 443 188 2286 194 423 2287 442 189 2288 196 423 2289 442 188 2290 194 424 2291 444 187 2292 192 424 2293 444 188 2294 194 424 2295 444 187 2296 192 425 2297 445 186 2298 190 425 2299 445 187 2300 192 425 2301 445 186 2302 190 426 2303 446 186 2304 190 185 2305 188 427 2306 447 186 2307 190 427 2308 447 426 2309 446 185 2310 188 184 2311 186 428 2312 448 185 2313 188 428 2314 448 427 2315 447 183 2316 183 428 2317 448 184 2318 186 428 2319 448 183 2320 183 429 2321 449 182 2322 182 429 2323 449 183 2324 183 429 2325 449 182 2326 182 430 2327 450 201 2328 220 430 2329 450 182 2330 182 430 2331 450 201 2332 220 431 2333 451 432 2334 452 201 2335 220 200 2336 218 201 2337 220 432 2338 452 431 2339 451 433 2340 453 200 2341 218 199 2342 216 200 2343 218 433 2344 453 432 2345 452 434 2346 454 199 2347 216 198 2348 214 199 2349 216 434 2350 454 433 2351 453 197 2352 212 434 2353 454 198 2354 214 434 2355 454 197 2356 212 435 2357 455 196 2358 210 435 2359 455 197 2360 212 435 2361 455 196 2362 210 436 2363 456 437 2364 457 196 2365 210 195 2366 208 196 2367 210 437 2368 457 436 2369 456 438 2370 458 195 2371 208 194 2372 206 195 2373 208 438 2374 458 437 2375 457 193 2376 204 439 2377 459 194 2378 206 194 2379 206 439 2380 459 438 2381 458 192 2382 202 439 2383 459 193 2384 204 439 2385 459 192 2386 202 440 2387 460 191 2388 200 440 2389 460 192 2390 202 440 2391 460 191 2392 200 441 2393 461 191 2394 200 190 2395 198 422 2396 443 191 2397 200 422 2398 443 441 2399 461 422 2400 443 423 2401 442 443 2402 462 422 2403 443 443 2404 462 442 2405 463 424 2406 444 443 2407 462 423 2408 442 443 2409 462 424 2410 444 444 2411 464 425 2412 445 444 2413 464 424 2414 444 444 2415 464 425 2416 445 445 2417 465 426 2418 446 445 2419 465 425 2420 445 445 2421 465 426 2422 446 446 2423 466 426 2424 446 427 2425 447 447 2426 467 426 2427 446 447 2428 467 446 2429 466 427 2430 447 428 2431 448 448 2432 468 427 2433 447 448 2434 468 447 2435 467 429 2436 449 448 2437 468 428 2438 448 448 2439 468 429 2440 449 449 2441 469 430 2442 450 449 2443 469 429 2444 449 449 2445 469 430 2446 450 450 2447 470 431 2448 451 450 2449 470 430 2450 450 450 2451 470 431 2452 451 451 2453 471 452 2454 472 431 2455 451 432 2456 452 431 2457 451 452 2458 472 451 2459 471 453 2460 473 432 2461 452 433 2462 453 432 2463 452 453 2464 473 452 2465 472 454 2466 474 433 2467 453 434 2468 454 433 2469 453 454 2470 474 453 2471 473 435 2472 455 454 2473 474 434 2474 454 454 2475 474 435 2476 455 455 2477 475 436 2478 456 455 2479 475 435 2480 455 455 2481 475 436 2482 456 456 2483 476 457 2484 477 436 2485 456 437 2486 457 436 2487 456 457 2488 477 456 2489 476 458 2490 478 437 2491 457 438 2492 458 437 2493 457 458 2494 478 457 2495 477 439 2496 459 459 2497 479 438 2498 458 438 2499 458 459 2500 479 458 2501 478 440 2502 460 459 2503 479 439 2504 459 459 2505 479 440 2506 460 460 2507 480 441 2508 461 460 2509 480 440 2510 460 460 2511 480 441 2512 461 461 2513 481 441 2514 461 422 2515 443 442 2516 463 441 2517 461 442 2518 463 461 2519 481 442 2520 463 443 2521 462 463 2522 482 442 2523 463 463 2524 482 462 2525 483 444 2526 464 463 2527 482 443 2528 462 463 2529 482 444 2530 464 464 2531 484 445 2532 465 464 2533 484 444 2534 464 464 2535 484 445 2536 465 465 2537 485 446 2538 466 465 2539 485 445 2540 465 465 2541 485 446 2542 466 466 2543 486 446 2544 466 447 2545 467 467 2546 487 446 2547 466 467 2548 487 466 2549 486 448 2550 468 468 2551 488 447 2552 467 447 2553 467 468 2554 488 467 2555 487 449 2556 469 468 2557 488 448 2558 468 468 2559 488 449 2560 469 469 2561 489 450 2562 470 469 2563 489 449 2564 469 469 2565 489 450 2566 470 470 2567 490 451 2568 471 470 2569 490 450 2570 470 470 2571 490 451 2572 471 471 2573 491 472 2574 492 451 2575 471 452 2576 472 451 2577 471 472 2578 492 471 2579 491 473 2580 493 452 2581 472 453 2582 473 452 2583 472 473 2584 493 472 2585 492 474 2586 494 453 2587 473 454 2588 474 453 2589 473 474 2590 494 473 2591 493 455 2592 475 474 2593 494 454 2594 474 474 2595 494 455 2596 475 475 2597 495 456 2598 476 475 2599 495 455 2600 475 475 2601 495 456 2602 476 476 2603 496 477 2604 497 456 2605 476 457 2606 477 456 2607 476 477 2608 497 476 2609 496 478 2610 498 457 2611 477 458 2612 478 457 2613 477 478 2614 498 477 2615 497 458 2616 478 479 2617 499 478 2618 498 479 2619 499 458 2620 478 459 2621 479 480 2622 500 479 2623 499 459 2624 479 459 2625 479 460 2626 480 480 2627 500 461 2628 481 480 2629 500 460 2630 480 480 2631 500 461 2632 481 481 2633 501 461 2634 481 442 2635 463 462 2636 483 461 2637 481 462 2638 483 481 2639 501 463 2640 482 482 2641 503 462 2642 483 482 2643 503 463 2644 482 483 2645 502 464 2646 484 483 2647 502 463 2648 482 483 2649 502 464 2650 484 484 2651 504 465 2652 485 484 2653 504 464 2654 484 484 2655 504 465 2656 485 485 2657 505 466 2658 486 485 2659 505 465 2660 485 485 2661 505 466 2662 486 486 2663 506 466 2664 486 467 2665 487 487 2666 507 466 2667 486 487 2668 507 486 2669 506 468 2670 488 488 2671 508 467 2672 487 467 2673 487 488 2674 508 487 2675 507 469 2676 489 488 2677 508 468 2678 488 488 2679 508 469 2680 489 489 2681 509 470 2682 490 489 2683 509 469 2684 489 489 2685 509 470 2686 490 490 2687 510 471 2688 491 490 2689 510 470 2690 490 490 2691 510 471 2692 491 491 2693 511 492 2694 512 471 2695 491 472 2696 492 471 2697 491 492 2698 512 491 2699 511 493 2700 513 492 2701 512 472 2702 492 472 2703 492 473 2704 493 493 2705 513 494 2706 514 493 2707 513 473 2708 493 473 2709 493 474 2710 494 494 2711 514 495 2712 515 494 2713 514 474 2714 494 474 2715 494 475 2716 495 495 2717 515 475 2718 495 476 2719 496 496 2720 516 475 2721 495 496 2722 516 495 2723 515 497 2724 517 476 2725 496 477 2726 497 476 2727 496 497 2728 517 496 2729 516 498 2730 518 477 2731 497 478 2732 498 477 2733 497 498 2734 518 497 2735 517 478 2736 498 499 2737 519 498 2738 518 499 2739 519 478 2740 498 479 2741 499 499 2742 519 480 2743 500 500 2744 520 480 2745 500 499 2746 519 479 2747 499 500 2748 520 481 2749 501 501 2750 521 481 2751 501 500 2752 520 480 2753 500 462 2754 483 501 2755 521 481 2756 501 501 2757 521 462 2758 483 482 2759 503 483 2760 502 502 2761 523 482 2762 503 502 2763 523 483 2764 502 503 2765 522 484 2766 504 503 2767 522 483 2768 502 503 2769 522 484 2770 504 504 2771 524 485 2772 505 504 2773 524 484 2774 504 504 2775 524 485 2776 505 505 2777 525 505 2778 525 486 2779 506 506 2780 526 486 2781 506 505 2782 525 485 2783 505 506 2784 526 487 2785 507 507 2786 527 487 2787 507 506 2788 526 486 2789 506 507 2790 527 488 2791 508 508 2792 528 488 2793 508 507 2794 527 487 2795 507 488 2796 508 489 2797 509 509 2798 529 488 2799 508 509 2800 529 508 2801 528 510 2802 530 489 2803 509 490 2804 510 489 2805 509 510 2806 530 509 2807 529 511 2808 531 490 2809 510 491 2810 511 490 2811 510 511 2812 531 510 2813 530 491 2814 511 512 2815 532 511 2816 531 512 2817 532 491 2818 511 492 2819 512 513 2820 533 512 2821 532 492 2822 512 492 2823 512 493 2824 513 513 2825 533 514 2826 534 513 2827 533 493 2828 513 493 2829 513 494 2830 514 514 2831 534 514 2832 534 494 2833 514 515 2834 535 494 2835 514 495 2836 515 515 2837 535 495 2838 515 496 2839 516 516 2840 536 495 2841 515 516 2842 536 515 2843 535 517 2844 537 496 2845 516 497 2846 517 496 2847 516 517 2848 537 516 2849 536 518 2850 538 497 2851 517 498 2852 518 497 2853 517 518 2854 538 517 2855 537 498 2856 518 519 2857 539 518 2858 538 519 2859 539 498 2860 518 499 2861 519 519 2862 539 500 2863 520 520 2864 540 500 2865 520 519 2866 539 499 2867 519 520 2868 540 501 2869 521 521 2870 541 501 2871 521 520 2872 540 500 2873 520 482 2874 503 521 2875 541 501 2876 521 521 2877 541 482 2878 503 502 2879 523 503 2880 522 522 2881 543 502 2882 523 522 2883 543 503 2884 522 523 2885 542 504 2886 524 523 2887 542 503 2888 522 523 2889 542 504 2890 524 524 2891 544 505 2892 525 524 2893 544 504 2894 524 524 2895 544 505 2896 525 525 2897 545 525 2898 545 506 2899 526 526 2900 546 506 2901 526 525 2902 545 505 2903 525 526 2904 546 507 2905 527 527 2906 547 507 2907 527 526 2908 546 506 2909 526 527 2910 547 508 2911 528 528 2912 548 508 2913 528 527 2914 547 507 2915 527 508 2916 528 509 2917 529 529 2918 549 508 2919 528 529 2920 549 528 2921 548 530 2922 550 509 2923 529 510 2924 530 509 2925 529 530 2926 550 529 2927 549 531 2928 551 510 2929 530 511 2930 531 510 2931 530 531 2932 551 530 2933 550 511 2934 531 532 2935 552 531 2936 551 532 2937 552 511 2938 531 512 2939 532 512 2940 532 513 2941 533 533 2942 553 512 2943 532 533 2944 553 532 2945 552 534 2946 554 533 2947 553 513 2948 533 513 2949 533 514 2950 534 534 2951 554 534 2952 554 514 2953 534 535 2954 555 514 2955 534 515 2956 535 535 2957 555 516 2958 536 536 2959 556 515 2960 535 515 2961 535 536 2962 556 535 2963 555 537 2964 557 516 2965 536 517 2966 537 516 2967 536 537 2968 557 536 2969 556 538 2970 558 517 2971 537 518 2972 538 517 2973 537 538 2974 558 537 2975 557 518 2976 538 539 2977 559 538 2978 558 539 2979 559 518 2980 538 519 2981 539 540 2982 560 539 2983 559 519 2984 539 519 2985 539 520 2986 540 540 2987 560 540 2988 560 520 2989 540 541 2990 561 520 2991 540 521 2992 541 541 2993 561 502 2994 523 541 2995 561 521 2996 541 541 2997 561 502 2998 523 522 2999 543 523 3000 542 542 3001 563 522 3002 543 542 3003 563 523 3004 542 543 3005 562 524 3006 544 543 3007 562 523 3008 542 543 3009 562 524 3010 544 544 3011 564 525 3012 545 544 3013 564 524 3014 544 544 3015 564 525 3016 545 545 3017 565 545 3018 565 526 3019 546 546 3020 566 526 3021 546 545 3022 565 525 3023 545 546 3024 566 527 3025 547 547 3026 567 527 3027 547 546 3028 566 526 3029 546 547 3030 567 528 3031 548 548 3032 568 528 3033 548 547 3034 567 527 3035 547 529 3036 549 548 3037 568 528 3038 548 548 3039 568 529 3040 549 549 3041 569 530 3042 550 549 3043 569 529 3044 549 549 3045 569 530 3046 550 550 3047 570 531 3048 551 550 3049 570 530 3050 550 550 3051 570 531 3052 551 551 3053 571 551 3054 571 532 3055 552 552 3056 572 532 3057 552 551 3058 571 531 3059 551 532 3060 552 533 3061 553 553 3062 573 532 3063 552 553 3064 573 552 3065 572 553 3066 573 533 3067 553 554 3068 574 533 3069 553 534 3070 554 554 3071 574 554 3072 574 534 3073 554 555 3074 575 534 3075 554 535 3076 555 555 3077 575 536 3078 556 556 3079 576 535 3080 555 535 3081 555 556 3082 576 555 3083 575 557 3084 577 536 3085 556 537 3086 557 536 3087 556 557 3088 577 556 3089 576 558 3090 578 537 3091 557 538 3092 558 537 3093 557 558 3094 578 557 3095 577 538 3096 558 559 3097 579 558 3098 578 559 3099 579 538 3100 558 539 3101 559 560 3102 580 559 3103 579 539 3104 559 539 3105 559 540 3106 560 560 3107 580 560 3108 580 541 3109 561 561 3110 581 541 3111 561 560 3112 580 540 3113 560 522 3114 543 561 3115 581 541 3116 561 561 3117 581 522 3118 543 542 3119 563 543 3120 562 562 3121 422 542 3122 563 562 3123 422 543 3124 562 563 3125 424 544 3126 564 563 3127 424 543 3128 562 563 3129 424 544 3130 564 564 3131 426 545 3132 565 564 3133 426 544 3134 564 564 3135 426 545 3136 565 565 3137 428 565 3138 428 546 3139 566 566 3140 430 546 3141 566 565 3142 428 545 3143 565 566 3144 430 547 3145 567 567 3146 432 547 3147 567 566 3148 430 546 3149 566 548 3150 568 568 3151 434 547 3152 567 567 3153 432 547 3154 567 568 3155 434 549 3156 569 569 3157 436 548 3158 568 548 3159 568 569 3160 436 568 3161 434 550 3162 570 569 3163 436 549 3164 569 569 3165 436 550 3166 570 570 3167 438 551 3168 571 570 3169 438 550 3170 570 570 3171 438 551 3172 571 571 3173 440 572 3174 402 551 3175 571 552 3176 572 551 3177 571 572 3178 402 571 3179 440 572 3180 402 552 3181 572 573 3182 403 552 3183 572 553 3184 573 573 3185 403 573 3186 403 553 3187 573 574 3188 406 553 3189 573 554 3190 574 574 3191 406 555 3192 575 575 3193 408 554 3194 574 574 3195 406 554 3196 574 575 3197 408 556 3198 576 576 3199 410 555 3200 575 555 3201 575 576 3202 410 575 3203 408 577 3204 412 556 3205 576 557 3206 577 556 3207 576 577 3208 412 576 3209 410 578 3210 414 557 3211 577 558 3212 578 557 3213 577 578 3214 414 577 3215 412 558 3216 578 579 3217 416 578 3218 414 579 3219 416 558 3220 578 559 3221 579 579 3222 416 560 3223 580 580 3224 418 560 3225 580 579 3226 416 559 3227 579 580 3228 418 561 3229 581 581 3230 420 561 3231 581 580 3232 418 560 3233 580 542 3234 563 581 3235 420 561 3236 581 581 3237 420 542 3238 563 562 3239 422 662 3240 583 401 3241 401 383 3242 383 401 3243 401 662 3244 583 643 3245 582 383 3246 383 661 3247 584 662 3248 583 661 3249 584 383 3250 383 382 3251 382 661 3252 584 384 3253 384 660 3254 585 384 3255 384 661 3256 584 382 3257 382 660 3258 585 385 3259 385 659 3260 586 385 3261 385 660 3262 585 384 3263 384 386 3264 386 659 3265 586 385 3266 385 659 3267 586 386 3268 386 658 3269 587 387 3270 387 658 3271 587 386 3272 386 658 3273 587 387 3274 387 657 3275 588 388 3276 388 657 3277 588 387 3278 387 657 3279 588 388 3280 388 656 3281 589 656 3282 589 389 3283 389 655 3284 590 389 3285 389 656 3286 589 388 3287 388 655 3288 590 390 3289 390 654 3290 591 390 3291 390 655 3292 590 389 3293 389 654 3294 591 391 3295 391 653 3296 592 391 3297 391 654 3298 591 390 3299 390 392 3300 392 653 3301 592 391 3302 391 653 3303 592 392 3304 392 652 3305 593 393 3306 393 652 3307 593 392 3308 392 652 3309 593 393 3310 393 651 3311 594 650 3312 595 393 3313 393 394 3314 394 393 3315 393 650 3316 595 651 3317 594 649 3318 596 394 3319 394 395 3320 395 394 3321 394 649 3322 596 650 3323 595 395 3324 395 648 3325 597 649 3326 596 648 3327 597 395 3328 395 396 3329 396 647 3330 598 648 3331 597 396 3332 396 396 3333 396 397 3334 397 647 3335 598 646 3336 599 647 3337 598 397 3338 397 397 3339 397 398 3340 398 646 3341 599 398 3342 398 399 3343 399 645 3344 600 398 3345 398 645 3346 600 646 3347 599 644 3348 601 399 3349 399 400 3350 400 399 3351 399 644 3352 601 645 3353 600 643 3354 582 400 3355 400 401 3356 401 400 3357 400 643 3358 582 644 3359 601 582 3360 602 584 3361 603 583 3362 604 582 3363 602 585 3364 605 584 3365 603 582 3366 602 586 3367 606 585 3368 605 582 3369 602 587 3370 607 586 3371 606 582 3372 602 588 3373 608 587 3374 607 582 3375 602 589 3376 609 588 3377 608 582 3378 602 590 3379 610 589 3380 609 582 3381 602 591 3382 611 590 3383 610 582 3384 602 592 3385 612 591 3386 611 582 3387 602 593 3388 613 592 3389 612 582 3390 602 594 3391 614 593 3392 613 582 3393 602 595 3394 615 594 3395 614 582 3396 602 596 3397 616 595 3398 615 582 3399 602 597 3400 617 596 3401 616 582 3402 602 598 3403 618 597 3404 617 582 3405 602 599 3406 619 598 3407 618 582 3408 602 600 3409 620 599 3410 619 582 3411 602 601 3412 621 600 3413 620 582 3414 602 602 3415 622 601 3416 621 582 3417 602 583 3418 604 602 3419 622 583 3420 604 604 3421 623 603 3422 624 604 3423 623 583 3424 604 584 3425 603 605 3426 625 584 3427 603 585 3428 605 584 3429 603 605 3430 625 604 3431 623 606 3432 626 585 3433 605 586 3434 606 585 3435 605 606 3436 626 605 3437 625 607 3438 627 586 3439 606 587 3440 607 586 3441 606 607 3442 627 606 3443 626 608 3444 628 587 3445 607 588 3446 608 587 3447 607 608 3448 628 607 3449 627 588 3450 608 609 3451 629 608 3452 628 609 3453 629 588 3454 608 589 3455 609 589 3456 609 610 3457 630 609 3458 629 610 3459 630 589 3460 609 590 3461 610 590 3462 610 611 3463 631 610 3464 630 611 3465 631 590 3466 610 591 3467 611 611 3468 631 592 3469 612 612 3470 632 592 3471 612 611 3472 631 591 3473 611 613 3474 633 612 3475 632 593 3476 613 593 3477 613 612 3478 632 592 3479 612 594 3480 614 614 3481 634 613 3482 633 594 3483 614 613 3484 633 593 3485 613 614 3486 634 594 3487 614 595 3488 615 595 3489 615 615 3490 635 614 3491 634 615 3492 635 595 3493 615 596 3494 616 596 3495 616 616 3496 636 615 3497 635 616 3498 636 596 3499 616 597 3500 617 616 3501 636 597 3502 617 617 3503 637 617 3504 637 598 3505 618 618 3506 638 598 3507 618 617 3508 637 597 3509 617 618 3510 638 599 3511 619 619 3512 639 599 3513 619 618 3514 638 598 3515 618 620 3516 640 619 3517 639 600 3518 620 600 3519 620 619 3520 639 599 3521 619 601 3522 621 621 3523 641 620 3524 640 601 3525 621 620 3526 640 600 3527 620 601 3528 621 622 3529 642 621 3530 641 622 3531 642 601 3532 621 602 3533 622 602 3534 622 603 3535 624 622 3536 642 603 3537 624 602 3538 622 583 3539 604 603 3540 624 624 3541 643 623 3542 644 624 3543 643 603 3544 624 604 3545 623 625 3546 645 604 3547 623 605 3548 625 604 3549 623 625 3550 645 624 3551 643 626 3552 646 605 3553 625 606 3554 626 605 3555 625 626 3556 646 625 3557 645 627 3558 647 606 3559 626 607 3560 627 606 3561 626 627 3562 647 626 3563 646 628 3564 648 607 3565 627 608 3566 628 607 3567 627 628 3568 648 627 3569 647 608 3570 628 629 3571 649 628 3572 648 629 3573 649 608 3574 628 609 3575 629 609 3576 629 630 3577 650 629 3578 649 630 3579 650 609 3580 629 610 3581 630 631 3582 651 610 3583 630 611 3584 631 610 3585 630 631 3586 651 630 3587 650 631 3588 651 612 3589 632 632 3590 652 612 3591 632 631 3592 651 611 3593 631 633 3594 653 632 3595 652 613 3596 633 613 3597 633 632 3598 652 612 3599 632 634 3600 654 633 3601 653 614 3602 634 614 3603 634 633 3604 653 613 3605 633 615 3606 635 635 3607 655 634 3608 654 615 3609 635 634 3610 654 614 3611 634 635 3612 655 615 3613 635 616 3614 636 616 3615 636 636 3616 656 635 3617 655 636 3618 656 616 3619 636 617 3620 637 636 3621 656 617 3622 637 637 3623 657 637 3624 657 618 3625 638 638 3626 658 618 3627 638 637 3628 657 617 3629 637 638 3630 658 619 3631 639 639 3632 659 619 3633 639 638 3634 658 618 3635 638 640 3636 660 639 3637 659 620 3638 640 620 3639 640 639 3640 659 619 3641 639 621 3642 641 641 3643 661 640 3644 660 621 3645 641 640 3646 660 620 3647 640 621 3648 641 622 3649 642 641 3650 661 622 3651 642 642 3652 662 641 3653 661 622 3654 642 623 3655 644 642 3656 662 623 3657 644 622 3658 642 603 3659 624 623 3660 644 644 3661 601 643 3662 582 644 3663 601 623 3664 644 624 3665 643 645 3666 600 624 3667 643 625 3668 645 624 3669 643 645 3670 600 644 3671 601 646 3672 599 625 3673 645 626 3674 646 625 3675 645 646 3676 599 645 3677 600 647 3678 598 626 3679 646 627 3680 647 626 3681 646 647 3682 598 646 3683 599 648 3684 597 627 3685 647 628 3686 648 627 3687 647 648 3688 597 647 3689 598 628 3690 648 649 3691 596 648 3692 597 649 3693 596 628 3694 648 629 3695 649 629 3696 649 650 3697 595 649 3698 596 650 3699 595 629 3700 649 630 3701 650 651 3702 594 630 3703 650 631 3704 651 630 3705 650 651 3706 594 650 3707 595 651 3708 594 632 3709 652 652 3710 593 632 3711 652 651 3712 594 631 3713 651 653 3714 592 652 3715 593 633 3716 653 633 3717 653 652 3718 593 632 3719 652 654 3720 591 653 3721 592 634 3722 654 634 3723 654 653 3724 592 633 3725 653 635 3726 655 655 3727 590 654 3728 591 635 3729 655 654 3730 591 634 3731 654 635 3732 655 636 3733 656 655 3734 590 636 3735 656 656 3736 589 655 3737 590 656 3738 589 636 3739 656 637 3740 657 656 3741 589 637 3742 657 657 3743 588 657 3744 588 638 3745 658 658 3746 587 638 3747 658 657 3748 588 637 3749 657 658 3750 587 639 3751 659 659 3752 586 639 3753 659 658 3754 587 638 3755 658 660 3756 585 659 3757 586 640 3758 660 640 3759 660 659 3760 586 639 3761 659 661 3762 584 660 3763 585 641 3764 661 641 3765 661 660 3766 585 640 3767 660 641 3768 661 662 3769 583 661 3770 584 662 3771 583 641 3772 661 642 3773 662 642 3774 662 643 3775 582 662 3776 583 643 3777 582 642 3778 662 623 3779 644</p>
        </triangles>
      </mesh>
    </geometry>
  </library_geometries>
  <library_visual_scenes>
    <visual_scene id="Girl_Base_DAE" name="Girl_Base_DAE">
      <node name="Girl_Base" id="Girl_Base" sid="Girl_Base">
        <matrix sid="matrix">1.000000 0.000000 0.000000 0.000000 0.000000 1.000000 0.000000 0.000000 0.000000 0.000000 1.000000 0.000000 0.000000 0.000000 0.000000 1.000000</matrix>
        <extra>
          <technique profile="FCOLLADA">
            <visibility>1.000000</visibility>
          </technique>
        </extra>
        <node name="Body" id="Body" sid="Body">
          <matrix sid="matrix">1.000000 0.000000 0.000000 0.000000 0.000000 1.000000 0.000000 0.000000 0.000000 0.000000 1.000000 0.000000 0.000000 0.000000 0.000000 1.000000</matrix>
          <instance_geometry url="#Body-lib">
            <bind_material>
              <technique_common>
                <instance_material symbol="Girl_Base_SG" target="#Girl_Base_SG"/>
              </technique_common>
            </bind_material>
          </instance_geometry>
          <extra>
            <technique profile="FCOLLADA">
              <visibility>1.000000</visibility>
            </technique>
          </extra>
        </node>
        <node name="Eye_L" id="Eye_L" sid="Eye_L">
          <matrix sid="matrix">1.000000 0.000000 0.000000 0.000000 0.000000 1.000000 0.000000 0.000000 0.000000 0.000000 1.000000 0.000000 0.000000 0.000000 0.000000 1.000000</matrix>
          <instance_geometry url="#Eye_L-lib">
            <bind_material>
              <technique_common>
                <instance_material symbol="Girl_Base_SG" target="#Girl_Base_SG"/>
              </technique_common>
            </bind_material>
          </instance_geometry>
          <extra>
            <technique profile="FCOLLADA">
              <visibility>1.000000</visibility>
            </technique>
          </extra>
        </node>
        <node name="Eye_R" id="Eye_R" sid="Eye_R">
          <matrix sid="matrix">1.000000 0.000000 0.000000 0.000000 0.000000 1.000000 0.000000 0.000000 0.000000 0.000000 1.000000 0.000000 0.000000 0.000000 0.000000 1.000000</matrix>
          <instance_geometry url="#Eye_R-lib">
            <bind_material>
              <technique_common>
                <instance_material symbol="Girl_Base_SG" target="#Girl_Base_SG"/>
              </technique_common>
            </bind_material>
          </instance_geometry>
          <extra>
            <technique profile="FCOLLADA">
              <visibility>1.000000</visibility>
            </technique>
          </extra>
        </node>
      </node>
      <extra>
        <technique profile="MAX3D">
          <frame_rate>24.000000</frame_rate>
        </technique>
        <technique profile="FCOLLADA">
          <start_time>0.041667</start_time>
          <end_time>8.333333</end_time>
        </technique>
      </extra>
    </visual_scene>
  </library_visual_scenes>
  <scene>
    <instance_visual_scene url="#Girl_Base_DAE"/>
  </scene>
</COLLADA>
